--------------------------------------------------------
--  파일이 생성됨 - 수요일-5월-05-2021   
--------------------------------------------------------
DROP TABLE "NADURI"."ATTACH";
DROP TABLE "NADURI"."BOOKMARK";
DROP TABLE "NADURI"."HERITAGE";
DROP TABLE "NADURI"."KEYWORD";
DROP TABLE "NADURI"."LOCATION";
DROP TABLE "NADURI"."LOCATION_KEYWORD";
DROP TABLE "NADURI"."LOCATION_SORT";
DROP TABLE "NADURI"."MCHOICE";
DROP TABLE "NADURI"."MEMBER";
DROP TABLE "NADURI"."NOTICE";
DROP TABLE "NADURI"."QNA";
DROP TABLE "NADURI"."REPLY";
DROP TABLE "NADURI"."REVIEW";
DROP TABLE "NADURI"."SPOT";
--------------------------------------------------------
--  DDL for Table ATTACH
--------------------------------------------------------

  CREATE TABLE "NADURI"."ATTACH" 
   (	"A_NO" NUMBER, 
	"A_NAME" VARCHAR2(300 BYTE), 
	"A_STATUS" CHAR(1 BYTE) DEFAULT 'Y', 
	"R_NO" NUMBER, 
	"M_NO" NUMBER(*,0), 
	"L_NO" NUMBER, 
	"N_NO" NUMBER, 
	"SPOT_ID" NUMBER, 
	"FLEVEL" NUMBER
   ) SEGMENT CREATION IMMEDIATE 
  PCTFREE 10 PCTUSED 40 INITRANS 1 MAXTRANS 255 NOCOMPRESS LOGGING
  STORAGE(INITIAL 65536 NEXT 1048576 MINEXTENTS 1 MAXEXTENTS 2147483645
  PCTINCREASE 0 FREELISTS 1 FREELIST GROUPS 1 BUFFER_POOL DEFAULT FLASH_CACHE DEFAULT CELL_FLASH_CACHE DEFAULT)
  TABLESPACE "SYSTEM" ;

   COMMENT ON COLUMN "NADURI"."ATTACH"."A_NO" IS '파일 번호';
   COMMENT ON COLUMN "NADURI"."ATTACH"."A_NAME" IS '파일 이름';
   COMMENT ON COLUMN "NADURI"."ATTACH"."A_STATUS" IS '파일 상태';
   COMMENT ON COLUMN "NADURI"."ATTACH"."R_NO" IS '리뷰 식별자';
   COMMENT ON COLUMN "NADURI"."ATTACH"."M_NO" IS '회원번호';
   COMMENT ON COLUMN "NADURI"."ATTACH"."L_NO" IS '장소 식별자';
   COMMENT ON COLUMN "NADURI"."ATTACH"."N_NO" IS '공지사항 번호';
   COMMENT ON COLUMN "NADURI"."ATTACH"."SPOT_ID" IS '장소 식별자';
   COMMENT ON COLUMN "NADURI"."ATTACH"."FLEVEL" IS '파일레벨';
--------------------------------------------------------
--  DDL for Table BOOKMARK
--------------------------------------------------------

  CREATE TABLE "NADURI"."BOOKMARK" 
   (	"MARK_ID" NUMBER, 
	"L_NO" NUMBER, 
	"M_NO" NUMBER, 
	"R_NO" NUMBER
   ) SEGMENT CREATION IMMEDIATE 
  PCTFREE 10 PCTUSED 40 INITRANS 1 MAXTRANS 255 NOCOMPRESS LOGGING
  STORAGE(INITIAL 65536 NEXT 1048576 MINEXTENTS 1 MAXEXTENTS 2147483645
  PCTINCREASE 0 FREELISTS 1 FREELIST GROUPS 1 BUFFER_POOL DEFAULT FLASH_CACHE DEFAULT CELL_FLASH_CACHE DEFAULT)
  TABLESPACE "SYSTEM" ;

   COMMENT ON COLUMN "NADURI"."BOOKMARK"."MARK_ID" IS '찜 식별자';
   COMMENT ON COLUMN "NADURI"."BOOKMARK"."L_NO" IS '장소번호';
   COMMENT ON COLUMN "NADURI"."BOOKMARK"."M_NO" IS '회원번호';
   COMMENT ON COLUMN "NADURI"."BOOKMARK"."R_NO" IS '리뷰 식별자';
--------------------------------------------------------
--  DDL for Table HERITAGE
--------------------------------------------------------

  CREATE TABLE "NADURI"."HERITAGE" 
   (	"H_ID" NUMBER, 
	"L_NO" NUMBER, 
	"H_NAME" VARCHAR2(1000 BYTE), 
	"H_EVENTS" VARCHAR2(100 BYTE), 
	"H_STATUS" CHAR(1 BYTE) DEFAULT 'Y', 
	"H_COUNT" NUMBER, 
	"H_SERIAL" VARCHAR2(100 BYTE), 
	"H_ZIPCODE" VARCHAR2(100 BYTE)
   ) SEGMENT CREATION IMMEDIATE 
  PCTFREE 10 PCTUSED 40 INITRANS 1 MAXTRANS 255 NOCOMPRESS LOGGING
  STORAGE(INITIAL 65536 NEXT 1048576 MINEXTENTS 1 MAXEXTENTS 2147483645
  PCTINCREASE 0 FREELISTS 1 FREELIST GROUPS 1 BUFFER_POOL DEFAULT FLASH_CACHE DEFAULT CELL_FLASH_CACHE DEFAULT)
  TABLESPACE "SYSTEM" ;

   COMMENT ON COLUMN "NADURI"."HERITAGE"."H_ID" IS '문화재 식별자';
   COMMENT ON COLUMN "NADURI"."HERITAGE"."L_NO" IS '장소번호';
   COMMENT ON COLUMN "NADURI"."HERITAGE"."H_NAME" IS '문화재명';
   COMMENT ON COLUMN "NADURI"."HERITAGE"."H_EVENTS" IS '종목코드
';
   COMMENT ON COLUMN "NADURI"."HERITAGE"."H_STATUS" IS '상태';
   COMMENT ON COLUMN "NADURI"."HERITAGE"."H_COUNT" IS '조회수';
   COMMENT ON COLUMN "NADURI"."HERITAGE"."H_SERIAL" IS '지정번호';
   COMMENT ON COLUMN "NADURI"."HERITAGE"."H_ZIPCODE" IS '시도코드
';
--------------------------------------------------------
--  DDL for Table KEYWORD
--------------------------------------------------------

  CREATE TABLE "NADURI"."KEYWORD" 
   (	"KEYWORD_ID" NUMBER, 
	"KEYWORD" VARCHAR2(50 BYTE)
   ) SEGMENT CREATION IMMEDIATE 
  PCTFREE 10 PCTUSED 40 INITRANS 1 MAXTRANS 255 NOCOMPRESS LOGGING
  STORAGE(INITIAL 65536 NEXT 1048576 MINEXTENTS 1 MAXEXTENTS 2147483645
  PCTINCREASE 0 FREELISTS 1 FREELIST GROUPS 1 BUFFER_POOL DEFAULT FLASH_CACHE DEFAULT CELL_FLASH_CACHE DEFAULT)
  TABLESPACE "SYSTEM" ;

   COMMENT ON COLUMN "NADURI"."KEYWORD"."KEYWORD_ID" IS '키워드 식별자';
   COMMENT ON COLUMN "NADURI"."KEYWORD"."KEYWORD" IS '키워드';
--------------------------------------------------------
--  DDL for Table LOCATION
--------------------------------------------------------

  CREATE TABLE "NADURI"."LOCATION" 
   (	"L_NO" NUMBER, 
	"LS_CODE" NUMBER
   ) SEGMENT CREATION IMMEDIATE 
  PCTFREE 10 PCTUSED 40 INITRANS 1 MAXTRANS 255 NOCOMPRESS LOGGING
  STORAGE(INITIAL 65536 NEXT 1048576 MINEXTENTS 1 MAXEXTENTS 2147483645
  PCTINCREASE 0 FREELISTS 1 FREELIST GROUPS 1 BUFFER_POOL DEFAULT FLASH_CACHE DEFAULT CELL_FLASH_CACHE DEFAULT)
  TABLESPACE "SYSTEM" ;

   COMMENT ON COLUMN "NADURI"."LOCATION"."L_NO" IS '장소번호';
   COMMENT ON COLUMN "NADURI"."LOCATION"."LS_CODE" IS '장소코드';
--------------------------------------------------------
--  DDL for Table LOCATION_KEYWORD
--------------------------------------------------------

  CREATE TABLE "NADURI"."LOCATION_KEYWORD" 
   (	"L_NO" NUMBER, 
	"KEYWORD_ID" NUMBER
   ) SEGMENT CREATION IMMEDIATE 
  PCTFREE 10 PCTUSED 40 INITRANS 1 MAXTRANS 255 NOCOMPRESS LOGGING
  STORAGE(INITIAL 65536 NEXT 1048576 MINEXTENTS 1 MAXEXTENTS 2147483645
  PCTINCREASE 0 FREELISTS 1 FREELIST GROUPS 1 BUFFER_POOL DEFAULT FLASH_CACHE DEFAULT CELL_FLASH_CACHE DEFAULT)
  TABLESPACE "SYSTEM" ;

   COMMENT ON COLUMN "NADURI"."LOCATION_KEYWORD"."L_NO" IS '장소번호';
   COMMENT ON COLUMN "NADURI"."LOCATION_KEYWORD"."KEYWORD_ID" IS '키워드 식별자';
--------------------------------------------------------
--  DDL for Table LOCATION_SORT
--------------------------------------------------------

  CREATE TABLE "NADURI"."LOCATION_SORT" 
   (	"LS_CODE" NUMBER, 
	"LS_NAME" VARCHAR2(100 BYTE)
   ) SEGMENT CREATION IMMEDIATE 
  PCTFREE 10 PCTUSED 40 INITRANS 1 MAXTRANS 255 NOCOMPRESS LOGGING
  STORAGE(INITIAL 65536 NEXT 1048576 MINEXTENTS 1 MAXEXTENTS 2147483645
  PCTINCREASE 0 FREELISTS 1 FREELIST GROUPS 1 BUFFER_POOL DEFAULT FLASH_CACHE DEFAULT CELL_FLASH_CACHE DEFAULT)
  TABLESPACE "SYSTEM" ;

   COMMENT ON COLUMN "NADURI"."LOCATION_SORT"."LS_CODE" IS '장소코드';
   COMMENT ON COLUMN "NADURI"."LOCATION_SORT"."LS_NAME" IS '장소분류명';
--------------------------------------------------------
--  DDL for Table MCHOICE
--------------------------------------------------------

  CREATE TABLE "NADURI"."MCHOICE" 
   (	"M_NO" NUMBER(6,0), 
	"KEYWORD_ID" NUMBER
   ) SEGMENT CREATION IMMEDIATE 
  PCTFREE 10 PCTUSED 40 INITRANS 1 MAXTRANS 255 NOCOMPRESS LOGGING
  STORAGE(INITIAL 65536 NEXT 1048576 MINEXTENTS 1 MAXEXTENTS 2147483645
  PCTINCREASE 0 FREELISTS 1 FREELIST GROUPS 1 BUFFER_POOL DEFAULT FLASH_CACHE DEFAULT CELL_FLASH_CACHE DEFAULT)
  TABLESPACE "SYSTEM" ;

   COMMENT ON COLUMN "NADURI"."MCHOICE"."M_NO" IS '회원번호';
   COMMENT ON COLUMN "NADURI"."MCHOICE"."KEYWORD_ID" IS '키워드 식별자';
--------------------------------------------------------
--  DDL for Table MEMBER
--------------------------------------------------------

  CREATE TABLE "NADURI"."MEMBER" 
   (	"M_NO" NUMBER(6,0), 
	"M_ID" VARCHAR2(50 BYTE), 
	"M_AUTH" CHAR(1 BYTE) DEFAULT 1, 
	"M_PWD" VARCHAR2(900 BYTE), 
	"M_NAME" VARCHAR2(50 BYTE), 
	"M_GENDER" CHAR(1 BYTE), 
	"M_ADDRESS" VARCHAR2(300 BYTE), 
	"M_EMAIL" VARCHAR2(200 BYTE), 
	"M_PHONE" VARCHAR2(30 BYTE), 
	"M_STATUS" CHAR(1 BYTE) DEFAULT 'Y', 
	"M_BIRTH" VARCHAR2(20 BYTE)
   ) SEGMENT CREATION IMMEDIATE 
  PCTFREE 10 PCTUSED 40 INITRANS 1 MAXTRANS 255 NOCOMPRESS LOGGING
  STORAGE(INITIAL 65536 NEXT 1048576 MINEXTENTS 1 MAXEXTENTS 2147483645
  PCTINCREASE 0 FREELISTS 1 FREELIST GROUPS 1 BUFFER_POOL DEFAULT FLASH_CACHE DEFAULT CELL_FLASH_CACHE DEFAULT)
  TABLESPACE "SYSTEM" ;

   COMMENT ON COLUMN "NADURI"."MEMBER"."M_NO" IS '회원 번호';
   COMMENT ON COLUMN "NADURI"."MEMBER"."M_ID" IS '회원 아이디';
   COMMENT ON COLUMN "NADURI"."MEMBER"."M_AUTH" IS '회원 등급';
   COMMENT ON COLUMN "NADURI"."MEMBER"."M_PWD" IS '비밀번호';
   COMMENT ON COLUMN "NADURI"."MEMBER"."M_NAME" IS '이름';
   COMMENT ON COLUMN "NADURI"."MEMBER"."M_GENDER" IS '성별';
   COMMENT ON COLUMN "NADURI"."MEMBER"."M_ADDRESS" IS '주소';
   COMMENT ON COLUMN "NADURI"."MEMBER"."M_EMAIL" IS '이메일';
   COMMENT ON COLUMN "NADURI"."MEMBER"."M_PHONE" IS '전화번호';
   COMMENT ON COLUMN "NADURI"."MEMBER"."M_STATUS" IS '가입상태
';
   COMMENT ON COLUMN "NADURI"."MEMBER"."M_BIRTH" IS '생년월일';
--------------------------------------------------------
--  DDL for Table NOTICE
--------------------------------------------------------

  CREATE TABLE "NADURI"."NOTICE" 
   (	"N_NO" NUMBER, 
	"N_TITLE" VARCHAR2(300 BYTE), 
	"N_CONTENT" VARCHAR2(3000 BYTE), 
	"N_DATE" DATE DEFAULT SYSDATE, 
	"M_NO" NUMBER(6,0), 
	"N_FILE" VARCHAR2(600 BYTE)
   ) SEGMENT CREATION IMMEDIATE 
  PCTFREE 10 PCTUSED 40 INITRANS 1 MAXTRANS 255 NOCOMPRESS LOGGING
  STORAGE(INITIAL 65536 NEXT 1048576 MINEXTENTS 1 MAXEXTENTS 2147483645
  PCTINCREASE 0 FREELISTS 1 FREELIST GROUPS 1 BUFFER_POOL DEFAULT FLASH_CACHE DEFAULT CELL_FLASH_CACHE DEFAULT)
  TABLESPACE "SYSTEM" ;

   COMMENT ON COLUMN "NADURI"."NOTICE"."N_NO" IS '공지사항번호';
   COMMENT ON COLUMN "NADURI"."NOTICE"."N_TITLE" IS '제목';
   COMMENT ON COLUMN "NADURI"."NOTICE"."N_CONTENT" IS '내용';
   COMMENT ON COLUMN "NADURI"."NOTICE"."N_DATE" IS '작성일';
   COMMENT ON COLUMN "NADURI"."NOTICE"."M_NO" IS '회원번호
';
   COMMENT ON COLUMN "NADURI"."NOTICE"."N_FILE" IS '첨부파일
';
--------------------------------------------------------
--  DDL for Table QNA
--------------------------------------------------------

  CREATE TABLE "NADURI"."QNA" 
   (	"Q_NO" NUMBER, 
	"M_NO" NUMBER, 
	"Q_CONTENT" VARCHAR2(1000 BYTE), 
	"Q_DATE" DATE DEFAULT SYSDATE, 
	"Q_UPDATE" DATE DEFAULT SYSDATE, 
	"Q_TITLE" VARCHAR2(300 BYTE)
   ) SEGMENT CREATION IMMEDIATE 
  PCTFREE 10 PCTUSED 40 INITRANS 1 MAXTRANS 255 NOCOMPRESS LOGGING
  STORAGE(INITIAL 65536 NEXT 1048576 MINEXTENTS 1 MAXEXTENTS 2147483645
  PCTINCREASE 0 FREELISTS 1 FREELIST GROUPS 1 BUFFER_POOL DEFAULT FLASH_CACHE DEFAULT CELL_FLASH_CACHE DEFAULT)
  TABLESPACE "SYSTEM" ;

   COMMENT ON COLUMN "NADURI"."QNA"."Q_NO" IS 'QNA 식별자';
   COMMENT ON COLUMN "NADURI"."QNA"."M_NO" IS '회원번호';
   COMMENT ON COLUMN "NADURI"."QNA"."Q_CONTENT" IS '내용';
   COMMENT ON COLUMN "NADURI"."QNA"."Q_DATE" IS '작성일';
   COMMENT ON COLUMN "NADURI"."QNA"."Q_UPDATE" IS '수정일';
   COMMENT ON COLUMN "NADURI"."QNA"."Q_TITLE" IS '제목';
--------------------------------------------------------
--  DDL for Table REPLY
--------------------------------------------------------

  CREATE TABLE "NADURI"."REPLY" 
   (	"REPLYNO" NUMBER, 
	"M_NO" NUMBER, 
	"R_NO" NUMBER, 
	"Q_NO" NUMBER, 
	"REPLY_CONTENT" VARCHAR2(1000 BYTE), 
	"REPLY_DATE" DATE DEFAULT SYSDATE, 
	"REPLY_UPDATE" DATE DEFAULT SYSDATE, 
	"REF_NO" NUMBER
   ) SEGMENT CREATION IMMEDIATE 
  PCTFREE 10 PCTUSED 40 INITRANS 1 MAXTRANS 255 NOCOMPRESS LOGGING
  STORAGE(INITIAL 65536 NEXT 1048576 MINEXTENTS 1 MAXEXTENTS 2147483645
  PCTINCREASE 0 FREELISTS 1 FREELIST GROUPS 1 BUFFER_POOL DEFAULT FLASH_CACHE DEFAULT CELL_FLASH_CACHE DEFAULT)
  TABLESPACE "SYSTEM" ;

   COMMENT ON COLUMN "NADURI"."REPLY"."REPLYNO" IS '댓글 식별자';
   COMMENT ON COLUMN "NADURI"."REPLY"."M_NO" IS '회원번호';
   COMMENT ON COLUMN "NADURI"."REPLY"."R_NO" IS '리뷰 식별자';
   COMMENT ON COLUMN "NADURI"."REPLY"."Q_NO" IS 'QNA 식별자';
   COMMENT ON COLUMN "NADURI"."REPLY"."REPLY_CONTENT" IS '내용';
   COMMENT ON COLUMN "NADURI"."REPLY"."REPLY_DATE" IS '작성일';
   COMMENT ON COLUMN "NADURI"."REPLY"."REPLY_UPDATE" IS '수정일';
   COMMENT ON COLUMN "NADURI"."REPLY"."REF_NO" IS '대댓글 번호';
--------------------------------------------------------
--  DDL for Table REVIEW
--------------------------------------------------------

  CREATE TABLE "NADURI"."REVIEW" 
   (	"R_NO" NUMBER, 
	"L_NO" NUMBER, 
	"M_NO" NUMBER, 
	"R_RANK" NUMBER DEFAULT 3, 
	"R_TITLE" VARCHAR2(300 BYTE), 
	"R_CONTENT" VARCHAR2(3000 BYTE), 
	"R_PERIOD" VARCHAR2(50 BYTE), 
	"R_WITH" NUMBER, 
	"R_DATE" DATE DEFAULT SYSDATE, 
	"R_UPDATE" DATE DEFAULT SYSDATE, 
	"R_LIKE" NUMBER DEFAULT 0, 
	"R_COUNT" NUMBER DEFAULT 0, 
	"R_STATUS" CHAR(1 BYTE) DEFAULT 'Y'
   ) SEGMENT CREATION IMMEDIATE 
  PCTFREE 10 PCTUSED 40 INITRANS 1 MAXTRANS 255 NOCOMPRESS LOGGING
  STORAGE(INITIAL 65536 NEXT 1048576 MINEXTENTS 1 MAXEXTENTS 2147483645
  PCTINCREASE 0 FREELISTS 1 FREELIST GROUPS 1 BUFFER_POOL DEFAULT FLASH_CACHE DEFAULT CELL_FLASH_CACHE DEFAULT)
  TABLESPACE "SYSTEM" ;

   COMMENT ON COLUMN "NADURI"."REVIEW"."R_NO" IS '리뷰 식별자';
   COMMENT ON COLUMN "NADURI"."REVIEW"."L_NO" IS '장소번호';
   COMMENT ON COLUMN "NADURI"."REVIEW"."M_NO" IS '회원번호';
   COMMENT ON COLUMN "NADURI"."REVIEW"."R_RANK" IS '평점';
   COMMENT ON COLUMN "NADURI"."REVIEW"."R_TITLE" IS '제목';
   COMMENT ON COLUMN "NADURI"."REVIEW"."R_CONTENT" IS '내용';
   COMMENT ON COLUMN "NADURI"."REVIEW"."R_PERIOD" IS '방문기간';
   COMMENT ON COLUMN "NADURI"."REVIEW"."R_WITH" IS '누구와방문';
   COMMENT ON COLUMN "NADURI"."REVIEW"."R_DATE" IS '작성일';
   COMMENT ON COLUMN "NADURI"."REVIEW"."R_UPDATE" IS '수정일';
   COMMENT ON COLUMN "NADURI"."REVIEW"."R_LIKE" IS '좋아요';
   COMMENT ON COLUMN "NADURI"."REVIEW"."R_COUNT" IS '조회수';
   COMMENT ON COLUMN "NADURI"."REVIEW"."R_STATUS" IS '상태';
--------------------------------------------------------
--  DDL for Table SPOT
--------------------------------------------------------

  CREATE TABLE "NADURI"."SPOT" 
   (	"S_ID" NUMBER, 
	"L_NO" NUMBER, 
	"S_NAME" VARCHAR2(100 BYTE), 
	"S_TYPE" VARCHAR2(50 BYTE), 
	"S_TEL" VARCHAR2(30 BYTE), 
	"S_TIME" VARCHAR2(50 BYTE), 
	"S_ADDRESS" VARCHAR2(300 BYTE), 
	"S_LAT" NUMBER, 
	"S_LNG" NUMBER, 
	"S_STATUS" CHAR(1 BYTE) DEFAULT 'Y', 
	"S_DATE" DATE DEFAULT SYSDATE, 
	"S_COUNT" NUMBER DEFAULT 0
   ) SEGMENT CREATION IMMEDIATE 
  PCTFREE 10 PCTUSED 40 INITRANS 1 MAXTRANS 255 NOCOMPRESS LOGGING
  STORAGE(INITIAL 65536 NEXT 1048576 MINEXTENTS 1 MAXEXTENTS 2147483645
  PCTINCREASE 0 FREELISTS 1 FREELIST GROUPS 1 BUFFER_POOL DEFAULT FLASH_CACHE DEFAULT CELL_FLASH_CACHE DEFAULT)
  TABLESPACE "SYSTEM" ;

   COMMENT ON COLUMN "NADURI"."SPOT"."S_ID" IS '장소 식별자';
   COMMENT ON COLUMN "NADURI"."SPOT"."L_NO" IS '장소번호';
   COMMENT ON COLUMN "NADURI"."SPOT"."S_NAME" IS '장소명';
   COMMENT ON COLUMN "NADURI"."SPOT"."S_TYPE" IS '분류';
   COMMENT ON COLUMN "NADURI"."SPOT"."S_TEL" IS '전화번호';
   COMMENT ON COLUMN "NADURI"."SPOT"."S_TIME" IS '운영시간';
   COMMENT ON COLUMN "NADURI"."SPOT"."S_ADDRESS" IS '위치';
   COMMENT ON COLUMN "NADURI"."SPOT"."S_LAT" IS '위도';
   COMMENT ON COLUMN "NADURI"."SPOT"."S_LNG" IS '경도';
   COMMENT ON COLUMN "NADURI"."SPOT"."S_STATUS" IS '상태';
   COMMENT ON COLUMN "NADURI"."SPOT"."S_DATE" IS '작성일';
   COMMENT ON COLUMN "NADURI"."SPOT"."S_COUNT" IS '조회수';
REM INSERTING into NADURI.ATTACH
SET DEFINE OFF;
Insert into NADURI.ATTACH (A_NO,A_NAME,A_STATUS,R_NO,M_NO,L_NO,N_NO,SPOT_ID,FLEVEL) values (1,'1.jpg','Y',null,null,1,null,null,null);
REM INSERTING into NADURI.BOOKMARK
SET DEFINE OFF;
REM INSERTING into NADURI.HERITAGE
SET DEFINE OFF;
Insert into NADURI.HERITAGE (H_ID,L_NO,H_NAME,H_EVENTS,H_STATUS,H_COUNT,H_SERIAL,H_ZIPCODE) values (70,70,'마라도 천연보호구역','16','Y',null,'04230000','50');
Insert into NADURI.HERITAGE (H_ID,L_NO,H_NAME,H_EVENTS,H_STATUS,H_COUNT,H_SERIAL,H_ZIPCODE) values (1,1,'경복궁 근정전','11','Y',null,'02230000','11');
Insert into NADURI.HERITAGE (H_ID,L_NO,H_NAME,H_EVENTS,H_STATUS,H_COUNT,H_SERIAL,H_ZIPCODE) values (2,2,'창경궁 명전전','13','Y',null,'01230000','11');
Insert into NADURI.HERITAGE (H_ID,L_NO,H_NAME,H_EVENTS,H_STATUS,H_COUNT,H_SERIAL,H_ZIPCODE) values (3,3,'덕수궁','13','Y',null,'01240000','11');
Insert into NADURI.HERITAGE (H_ID,L_NO,H_NAME,H_EVENTS,H_STATUS,H_COUNT,H_SERIAL,H_ZIPCODE) values (4,4,'창덕궁 인정전','11','Y',null,'02250000','11');
Insert into NADURI.HERITAGE (H_ID,L_NO,H_NAME,H_EVENTS,H_STATUS,H_COUNT,H_SERIAL,H_ZIPCODE) values (5,5,'숭례문','11','Y',null,'00010000','11');
Insert into NADURI.HERITAGE (H_ID,L_NO,H_NAME,H_EVENTS,H_STATUS,H_COUNT,H_SERIAL,H_ZIPCODE) values (6,6,'창의문','12','Y',null,'18810000','11');
Insert into NADURI.HERITAGE (H_ID,L_NO,H_NAME,H_EVENTS,H_STATUS,H_COUNT,H_SERIAL,H_ZIPCODE) values (7,7,'흥인지문','12','Y',null,'00010000','11');
Insert into NADURI.HERITAGE (H_ID,L_NO,H_NAME,H_EVENTS,H_STATUS,H_COUNT,H_SERIAL,H_ZIPCODE) values (8,8,'독립문','13','Y',null,'00320000','11');
Insert into NADURI.HERITAGE (H_ID,L_NO,H_NAME,H_EVENTS,H_STATUS,H_COUNT,H_SERIAL,H_ZIPCODE) values (9,9,'종묘 정전','11','Y',null,'02270000','11');
Insert into NADURI.HERITAGE (H_ID,L_NO,H_NAME,H_EVENTS,H_STATUS,H_COUNT,H_SERIAL,H_ZIPCODE) values (10,10,'서울 동관왕묘','12','Y',null,'01420000','11');
Insert into NADURI.HERITAGE (H_ID,L_NO,H_NAME,H_EVENTS,H_STATUS,H_COUNT,H_SERIAL,H_ZIPCODE) values (11,11,'수원화성','13','Y',null,'00030000','31');
Insert into NADURI.HERITAGE (H_ID,L_NO,H_NAME,H_EVENTS,H_STATUS,H_COUNT,H_SERIAL,H_ZIPCODE) values (12,12,'남한산성','13','Y',null,'00570000','31');
Insert into NADURI.HERITAGE (H_ID,L_NO,H_NAME,H_EVENTS,H_STATUS,H_COUNT,H_SERIAL,H_ZIPCODE) values (13,13,'남양주 광릉','13','Y',null,'01970000','31');
Insert into NADURI.HERITAGE (H_ID,L_NO,H_NAME,H_EVENTS,H_STATUS,H_COUNT,H_SERIAL,H_ZIPCODE) values (14,14,'인천향교','21','Y',null,'00110000','23');
Insert into NADURI.HERITAGE (H_ID,L_NO,H_NAME,H_EVENTS,H_STATUS,H_COUNT,H_SERIAL,H_ZIPCODE) values (15,15,'명성황후생가','21','Y',null,'00460000','31');
Insert into NADURI.HERITAGE (H_ID,L_NO,H_NAME,H_EVENTS,H_STATUS,H_COUNT,H_SERIAL,H_ZIPCODE) values (16,16,'파주 용미리 마애이불입상','12','Y',null,'00930000','31');
Insert into NADURI.HERITAGE (H_ID,L_NO,H_NAME,H_EVENTS,H_STATUS,H_COUNT,H_SERIAL,H_ZIPCODE) values (17,17,'구리 동구릉 건원릉 정자각','12','Y',null,'17410000','31');
Insert into NADURI.HERITAGE (H_ID,L_NO,H_NAME,H_EVENTS,H_STATUS,H_COUNT,H_SERIAL,H_ZIPCODE) values (18,18,'남양주 운길산 수종사 일원','15','Y',null,'01090000','31');
Insert into NADURI.HERITAGE (H_ID,L_NO,H_NAME,H_EVENTS,H_STATUS,H_COUNT,H_SERIAL,H_ZIPCODE) values (19,19,'양평 용문사 정지국사탑 및 비','12','Y',null,'05310000','31');
Insert into NADURI.HERITAGE (H_ID,L_NO,H_NAME,H_EVENTS,H_STATUS,H_COUNT,H_SERIAL,H_ZIPCODE) values (20,20,'이천향교','31','Y',null,'00220000','31');
Insert into NADURI.HERITAGE (H_ID,L_NO,H_NAME,H_EVENTS,H_STATUS,H_COUNT,H_SERIAL,H_ZIPCODE) values (21,21,'공주 공산성','13','Y',null,'00120000','34');
Insert into NADURI.HERITAGE (H_ID,L_NO,H_NAME,H_EVENTS,H_STATUS,H_COUNT,H_SERIAL,H_ZIPCODE) values (22,22,'부여 정림사지','13','Y',null,'03010000','34');
Insert into NADURI.HERITAGE (H_ID,L_NO,H_NAME,H_EVENTS,H_STATUS,H_COUNT,H_SERIAL,H_ZIPCODE) values (23,23,'공주 마곡사 대웅보전','12','Y',null,'08010000','34');
Insert into NADURI.HERITAGE (H_ID,L_NO,H_NAME,H_EVENTS,H_STATUS,H_COUNT,H_SERIAL,H_ZIPCODE) values (24,24,'보은 법주사 팔상전','11','Y',null,'00550000','33');
Insert into NADURI.HERITAGE (H_ID,L_NO,H_NAME,H_EVENTS,H_STATUS,H_COUNT,H_SERIAL,H_ZIPCODE) values (25,25,'서산 해미읍성','13','Y',null,'01160000','34');
Insert into NADURI.HERITAGE (H_ID,L_NO,H_NAME,H_EVENTS,H_STATUS,H_COUNT,H_SERIAL,H_ZIPCODE) values (26,26,'아산 이충무공묘','13','Y',null,'01120000','34');
Insert into NADURI.HERITAGE (H_ID,L_NO,H_NAME,H_EVENTS,H_STATUS,H_COUNT,H_SERIAL,H_ZIPCODE) values (27,27,'단양 온달산성','13','Y',null,'02640000','33');
Insert into NADURI.HERITAGE (H_ID,L_NO,H_NAME,H_EVENTS,H_STATUS,H_COUNT,H_SERIAL,H_ZIPCODE) values (28,28,'괴산 송시열 유적','13','Y',null,'04170000','33');
Insert into NADURI.HERITAGE (H_ID,L_NO,H_NAME,H_EVENTS,H_STATUS,H_COUNT,H_SERIAL,H_ZIPCODE) values (29,29,'청주 흥덕사지','13','Y',null,'03150000','33');
Insert into NADURI.HERITAGE (H_ID,L_NO,H_NAME,H_EVENTS,H_STATUS,H_COUNT,H_SERIAL,H_ZIPCODE) values (30,30,'충주 장미산성','13','Y',null,'04000000','33');
Insert into NADURI.HERITAGE (H_ID,L_NO,H_NAME,H_EVENTS,H_STATUS,H_COUNT,H_SERIAL,H_ZIPCODE) values (31,31,'고석정및순담','23','Y',null,'00080000','32');
Insert into NADURI.HERITAGE (H_ID,L_NO,H_NAME,H_EVENTS,H_STATUS,H_COUNT,H_SERIAL,H_ZIPCODE) values (32,32,'양양 오산리 유적','13','Y',null,'03940000','32');
Insert into NADURI.HERITAGE (H_ID,L_NO,H_NAME,H_EVENTS,H_STATUS,H_COUNT,H_SERIAL,H_ZIPCODE) values (33,33,'평창 월정사 팔각 구층석탑','11','Y',null,'00480100','32');
Insert into NADURI.HERITAGE (H_ID,L_NO,H_NAME,H_EVENTS,H_STATUS,H_COUNT,H_SERIAL,H_ZIPCODE) values (34,34,'방동리고구려고분','31','Y',null,'01060000','32');
Insert into NADURI.HERITAGE (H_ID,L_NO,H_NAME,H_EVENTS,H_STATUS,H_COUNT,H_SERIAL,H_ZIPCODE) values (35,35,'강릉 오죽헌','12','Y',null,'01650000','32');
Insert into NADURI.HERITAGE (H_ID,L_NO,H_NAME,H_EVENTS,H_STATUS,H_COUNT,H_SERIAL,H_ZIPCODE) values (36,36,'원주 강원감영','13','Y',null,'04390000','32');
Insert into NADURI.HERITAGE (H_ID,L_NO,H_NAME,H_EVENTS,H_STATUS,H_COUNT,H_SERIAL,H_ZIPCODE) values (37,37,'영월 장릉','13','Y',null,'01960000','32');
Insert into NADURI.HERITAGE (H_ID,L_NO,H_NAME,H_EVENTS,H_STATUS,H_COUNT,H_SERIAL,H_ZIPCODE) values (38,38,'양양 낙산사 일원','13','Y',null,'04950000','32');
Insert into NADURI.HERITAGE (H_ID,L_NO,H_NAME,H_EVENTS,H_STATUS,H_COUNT,H_SERIAL,H_ZIPCODE) values (39,39,'인제 한계산성','13','Y',null,'05530000','32');
Insert into NADURI.HERITAGE (H_ID,L_NO,H_NAME,H_EVENTS,H_STATUS,H_COUNT,H_SERIAL,H_ZIPCODE) values (40,40,'삼척 준경묘·영경묘','13','Y',null,'05240000','32');
Insert into NADURI.HERITAGE (H_ID,L_NO,H_NAME,H_EVENTS,H_STATUS,H_COUNT,H_SERIAL,H_ZIPCODE) values (41,41,'익산 미륵사지','13','Y',null,'01500000','35');
Insert into NADURI.HERITAGE (H_ID,L_NO,H_NAME,H_EVENTS,H_STATUS,H_COUNT,H_SERIAL,H_ZIPCODE) values (42,42,'전주 전동성당','13','Y',null,'02880000','35');
Insert into NADURI.HERITAGE (H_ID,L_NO,H_NAME,H_EVENTS,H_STATUS,H_COUNT,H_SERIAL,H_ZIPCODE) values (43,43,'남원 실상사 백장암 삼층석탑','11','Y',null,'00100000','35');
Insert into NADURI.HERITAGE (H_ID,L_NO,H_NAME,H_EVENTS,H_STATUS,H_COUNT,H_SERIAL,H_ZIPCODE) values (44,44,'구 군산세관 본관','13','Y',null,'05450000','35');
Insert into NADURI.HERITAGE (H_ID,L_NO,H_NAME,H_EVENTS,H_STATUS,H_COUNT,H_SERIAL,H_ZIPCODE) values (45,45,'고창 죽림리 지석묘군','13','Y',null,'03910000','35');
Insert into NADURI.HERITAGE (H_ID,L_NO,H_NAME,H_EVENTS,H_STATUS,H_COUNT,H_SERIAL,H_ZIPCODE) values (46,46,'순천 송광사 국사전','11','Y',null,'00560000','36');
Insert into NADURI.HERITAGE (H_ID,L_NO,H_NAME,H_EVENTS,H_STATUS,H_COUNT,H_SERIAL,H_ZIPCODE) values (47,47,'강진 고려청자 요지','13','Y',null,'00680000','36');
Insert into NADURI.HERITAGE (H_ID,L_NO,H_NAME,H_EVENTS,H_STATUS,H_COUNT,H_SERIAL,H_ZIPCODE) values (48,48,'구 목포 일본영사관','13','Y',null,'02890000','36');
Insert into NADURI.HERITAGE (H_ID,L_NO,H_NAME,H_EVENTS,H_STATUS,H_COUNT,H_SERIAL,H_ZIPCODE) values (49,49,'해남 대흥사','13','Y',null,'05080000','36');
Insert into NADURI.HERITAGE (H_ID,L_NO,H_NAME,H_EVENTS,H_STATUS,H_COUNT,H_SERIAL,H_ZIPCODE) values (50,50,'장성 필암서원','13','Y',null,'02420000','36');
Insert into NADURI.HERITAGE (H_ID,L_NO,H_NAME,H_EVENTS,H_STATUS,H_COUNT,H_SERIAL,H_ZIPCODE) values (51,51,'영주 부석사 무량수전','11','Y',null,'00180000','37');
Insert into NADURI.HERITAGE (H_ID,L_NO,H_NAME,H_EVENTS,H_STATUS,H_COUNT,H_SERIAL,H_ZIPCODE) values (52,52,'경주 첨성대','11','Y',null,'00310000','37');
Insert into NADURI.HERITAGE (H_ID,L_NO,H_NAME,H_EVENTS,H_STATUS,H_COUNT,H_SERIAL,H_ZIPCODE) values (53,53,'안동 도산서원','11','Y',null,'01700000','37');
Insert into NADURI.HERITAGE (H_ID,L_NO,H_NAME,H_EVENTS,H_STATUS,H_COUNT,H_SERIAL,H_ZIPCODE) values (54,54,'군위 아미타여래삼존 석굴','11','Y',null,'01090000','37');
Insert into NADURI.HERITAGE (H_ID,L_NO,H_NAME,H_EVENTS,H_STATUS,H_COUNT,H_SERIAL,H_ZIPCODE) values (55,55,'대구 계산동성당','13','Y',null,'02900000','22');
Insert into NADURI.HERITAGE (H_ID,L_NO,H_NAME,H_EVENTS,H_STATUS,H_COUNT,H_SERIAL,H_ZIPCODE) values (56,56,'양산 통도사 대웅전 및 금강계단','11','Y',null,'02900000','38');
Insert into NADURI.HERITAGE (H_ID,L_NO,H_NAME,H_EVENTS,H_STATUS,H_COUNT,H_SERIAL,H_ZIPCODE) values (57,57,'부산 범어사 대웅전','12','Y',null,'04340000','21');
Insert into NADURI.HERITAGE (H_ID,L_NO,H_NAME,H_EVENTS,H_STATUS,H_COUNT,H_SERIAL,H_ZIPCODE) values (58,58,'합천 해인사 석조여래입상','12','Y',null,'02640000','38');
Insert into NADURI.HERITAGE (H_ID,L_NO,H_NAME,H_EVENTS,H_STATUS,H_COUNT,H_SERIAL,H_ZIPCODE) values (59,59,'통영 세병관','11','Y',null,'03050000','38');
Insert into NADURI.HERITAGE (H_ID,L_NO,H_NAME,H_EVENTS,H_STATUS,H_COUNT,H_SERIAL,H_ZIPCODE) values (60,60,'울주 대곡리 반구대 암각화','11','Y',null,'02850000','26');
Insert into NADURI.HERITAGE (H_ID,L_NO,H_NAME,H_EVENTS,H_STATUS,H_COUNT,H_SERIAL,H_ZIPCODE) values (61,61,'제주 관덕정','12','Y',null,'03220000','50');
Insert into NADURI.HERITAGE (H_ID,L_NO,H_NAME,H_EVENTS,H_STATUS,H_COUNT,H_SERIAL,H_ZIPCODE) values (62,62,'제주향교 대성전','12','Y',null,'19020000','50');
Insert into NADURI.HERITAGE (H_ID,L_NO,H_NAME,H_EVENTS,H_STATUS,H_COUNT,H_SERIAL,H_ZIPCODE) values (63,63,'제주 삼양동 유적','13','Y',null,'04160000','50');
Insert into NADURI.HERITAGE (H_ID,L_NO,H_NAME,H_EVENTS,H_STATUS,H_COUNT,H_SERIAL,H_ZIPCODE) values (64,64,'제주 항파두리 항몽 유적','13','Y',null,'03960000','50');
Insert into NADURI.HERITAGE (H_ID,L_NO,H_NAME,H_EVENTS,H_STATUS,H_COUNT,H_SERIAL,H_ZIPCODE) values (65,65,'제주목 관아','13','Y',null,'03800000','50');
Insert into NADURI.HERITAGE (H_ID,L_NO,H_NAME,H_EVENTS,H_STATUS,H_COUNT,H_SERIAL,H_ZIPCODE) values (66,66,'서귀포 김정희 유배지','13','Y',null,'04870000','50');
Insert into NADURI.HERITAGE (H_ID,L_NO,H_NAME,H_EVENTS,H_STATUS,H_COUNT,H_SERIAL,H_ZIPCODE) values (67,67,'한라산 백록담','15','Y',null,'00900000','50');
Insert into NADURI.HERITAGE (H_ID,L_NO,H_NAME,H_EVENTS,H_STATUS,H_COUNT,H_SERIAL,H_ZIPCODE) values (68,68,'제주 서귀포 정방폭포','15','Y',null,'00430000','50');
Insert into NADURI.HERITAGE (H_ID,L_NO,H_NAME,H_EVENTS,H_STATUS,H_COUNT,H_SERIAL,H_ZIPCODE) values (69,69,'제주 서귀포 산방산','15','Y',null,'00770000','50');
REM INSERTING into NADURI.KEYWORD
SET DEFINE OFF;
Insert into NADURI.KEYWORD (KEYWORD_ID,KEYWORD) values (43,'캠핑');
Insert into NADURI.KEYWORD (KEYWORD_ID,KEYWORD) values (44,'바다');
Insert into NADURI.KEYWORD (KEYWORD_ID,KEYWORD) values (45,'자연');
Insert into NADURI.KEYWORD (KEYWORD_ID,KEYWORD) values (46,'패키지');
Insert into NADURI.KEYWORD (KEYWORD_ID,KEYWORD) values (1,'문화재');
Insert into NADURI.KEYWORD (KEYWORD_ID,KEYWORD) values (2,'맛집');
Insert into NADURI.KEYWORD (KEYWORD_ID,KEYWORD) values (3,'쇼핑');
Insert into NADURI.KEYWORD (KEYWORD_ID,KEYWORD) values (4,'축제');
Insert into NADURI.KEYWORD (KEYWORD_ID,KEYWORD) values (5,'트래킹');
Insert into NADURI.KEYWORD (KEYWORD_ID,KEYWORD) values (6,'드라이브');
Insert into NADURI.KEYWORD (KEYWORD_ID,KEYWORD) values (7,'자전거');
Insert into NADURI.KEYWORD (KEYWORD_ID,KEYWORD) values (8,'사진');
Insert into NADURI.KEYWORD (KEYWORD_ID,KEYWORD) values (9,'반려동물');
Insert into NADURI.KEYWORD (KEYWORD_ID,KEYWORD) values (10,'혼자');
Insert into NADURI.KEYWORD (KEYWORD_ID,KEYWORD) values (11,'친구');
Insert into NADURI.KEYWORD (KEYWORD_ID,KEYWORD) values (12,'커플');
Insert into NADURI.KEYWORD (KEYWORD_ID,KEYWORD) values (13,'가족');
Insert into NADURI.KEYWORD (KEYWORD_ID,KEYWORD) values (14,'단체');
Insert into NADURI.KEYWORD (KEYWORD_ID,KEYWORD) values (15,'봄');
Insert into NADURI.KEYWORD (KEYWORD_ID,KEYWORD) values (16,'여름');
Insert into NADURI.KEYWORD (KEYWORD_ID,KEYWORD) values (17,'가을');
Insert into NADURI.KEYWORD (KEYWORD_ID,KEYWORD) values (18,'겨울');
Insert into NADURI.KEYWORD (KEYWORD_ID,KEYWORD) values (19,'궁궐');
Insert into NADURI.KEYWORD (KEYWORD_ID,KEYWORD) values (20,'유적지');
Insert into NADURI.KEYWORD (KEYWORD_ID,KEYWORD) values (21,'교육기관');
Insert into NADURI.KEYWORD (KEYWORD_ID,KEYWORD) values (22,'인물');
Insert into NADURI.KEYWORD (KEYWORD_ID,KEYWORD) values (23,'한옥');
Insert into NADURI.KEYWORD (KEYWORD_ID,KEYWORD) values (24,'전통');
Insert into NADURI.KEYWORD (KEYWORD_ID,KEYWORD) values (25,'교과서');
Insert into NADURI.KEYWORD (KEYWORD_ID,KEYWORD) values (26,'무덤');
Insert into NADURI.KEYWORD (KEYWORD_ID,KEYWORD) values (27,'건축');
Insert into NADURI.KEYWORD (KEYWORD_ID,KEYWORD) values (28,'종교');
Insert into NADURI.KEYWORD (KEYWORD_ID,KEYWORD) values (29,'술');
Insert into NADURI.KEYWORD (KEYWORD_ID,KEYWORD) values (30,'먹방');
Insert into NADURI.KEYWORD (KEYWORD_ID,KEYWORD) values (31,'카페');
Insert into NADURI.KEYWORD (KEYWORD_ID,KEYWORD) values (32,'데이트');
Insert into NADURI.KEYWORD (KEYWORD_ID,KEYWORD) values (33,'장터');
Insert into NADURI.KEYWORD (KEYWORD_ID,KEYWORD) values (34,'미슐랭');
Insert into NADURI.KEYWORD (KEYWORD_ID,KEYWORD) values (35,'골목식당');
Insert into NADURI.KEYWORD (KEYWORD_ID,KEYWORD) values (36,'먹킷리스트');
Insert into NADURI.KEYWORD (KEYWORD_ID,KEYWORD) values (37,'노포');
Insert into NADURI.KEYWORD (KEYWORD_ID,KEYWORD) values (38,'나만알고픈');
Insert into NADURI.KEYWORD (KEYWORD_ID,KEYWORD) values (39,'당일치기');
Insert into NADURI.KEYWORD (KEYWORD_ID,KEYWORD) values (40,'즉흥');
Insert into NADURI.KEYWORD (KEYWORD_ID,KEYWORD) values (41,'레트로');
Insert into NADURI.KEYWORD (KEYWORD_ID,KEYWORD) values (42,'힐링');
Insert into NADURI.KEYWORD (KEYWORD_ID,KEYWORD) values (47,'기차');
Insert into NADURI.KEYWORD (KEYWORD_ID,KEYWORD) values (48,'도심');
REM INSERTING into NADURI.LOCATION
SET DEFINE OFF;
Insert into NADURI.LOCATION (L_NO,LS_CODE) values (1,1);
Insert into NADURI.LOCATION (L_NO,LS_CODE) values (2,1);
Insert into NADURI.LOCATION (L_NO,LS_CODE) values (3,1);
Insert into NADURI.LOCATION (L_NO,LS_CODE) values (4,1);
Insert into NADURI.LOCATION (L_NO,LS_CODE) values (5,1);
Insert into NADURI.LOCATION (L_NO,LS_CODE) values (6,1);
Insert into NADURI.LOCATION (L_NO,LS_CODE) values (7,1);
Insert into NADURI.LOCATION (L_NO,LS_CODE) values (8,1);
Insert into NADURI.LOCATION (L_NO,LS_CODE) values (9,1);
Insert into NADURI.LOCATION (L_NO,LS_CODE) values (10,1);
Insert into NADURI.LOCATION (L_NO,LS_CODE) values (11,1);
Insert into NADURI.LOCATION (L_NO,LS_CODE) values (12,1);
Insert into NADURI.LOCATION (L_NO,LS_CODE) values (13,1);
Insert into NADURI.LOCATION (L_NO,LS_CODE) values (14,1);
Insert into NADURI.LOCATION (L_NO,LS_CODE) values (15,1);
Insert into NADURI.LOCATION (L_NO,LS_CODE) values (16,1);
Insert into NADURI.LOCATION (L_NO,LS_CODE) values (17,1);
Insert into NADURI.LOCATION (L_NO,LS_CODE) values (18,1);
Insert into NADURI.LOCATION (L_NO,LS_CODE) values (19,1);
Insert into NADURI.LOCATION (L_NO,LS_CODE) values (20,1);
Insert into NADURI.LOCATION (L_NO,LS_CODE) values (21,1);
Insert into NADURI.LOCATION (L_NO,LS_CODE) values (22,1);
Insert into NADURI.LOCATION (L_NO,LS_CODE) values (23,1);
Insert into NADURI.LOCATION (L_NO,LS_CODE) values (24,1);
Insert into NADURI.LOCATION (L_NO,LS_CODE) values (25,1);
Insert into NADURI.LOCATION (L_NO,LS_CODE) values (26,1);
Insert into NADURI.LOCATION (L_NO,LS_CODE) values (27,1);
Insert into NADURI.LOCATION (L_NO,LS_CODE) values (28,1);
Insert into NADURI.LOCATION (L_NO,LS_CODE) values (29,1);
Insert into NADURI.LOCATION (L_NO,LS_CODE) values (30,1);
Insert into NADURI.LOCATION (L_NO,LS_CODE) values (31,1);
Insert into NADURI.LOCATION (L_NO,LS_CODE) values (32,1);
Insert into NADURI.LOCATION (L_NO,LS_CODE) values (33,1);
Insert into NADURI.LOCATION (L_NO,LS_CODE) values (34,1);
Insert into NADURI.LOCATION (L_NO,LS_CODE) values (35,1);
Insert into NADURI.LOCATION (L_NO,LS_CODE) values (36,1);
Insert into NADURI.LOCATION (L_NO,LS_CODE) values (37,1);
Insert into NADURI.LOCATION (L_NO,LS_CODE) values (38,1);
Insert into NADURI.LOCATION (L_NO,LS_CODE) values (39,1);
Insert into NADURI.LOCATION (L_NO,LS_CODE) values (40,1);
Insert into NADURI.LOCATION (L_NO,LS_CODE) values (41,1);
Insert into NADURI.LOCATION (L_NO,LS_CODE) values (42,1);
Insert into NADURI.LOCATION (L_NO,LS_CODE) values (43,1);
Insert into NADURI.LOCATION (L_NO,LS_CODE) values (44,1);
Insert into NADURI.LOCATION (L_NO,LS_CODE) values (45,1);
Insert into NADURI.LOCATION (L_NO,LS_CODE) values (46,1);
Insert into NADURI.LOCATION (L_NO,LS_CODE) values (47,1);
Insert into NADURI.LOCATION (L_NO,LS_CODE) values (48,1);
Insert into NADURI.LOCATION (L_NO,LS_CODE) values (49,1);
Insert into NADURI.LOCATION (L_NO,LS_CODE) values (50,1);
Insert into NADURI.LOCATION (L_NO,LS_CODE) values (51,1);
Insert into NADURI.LOCATION (L_NO,LS_CODE) values (52,1);
Insert into NADURI.LOCATION (L_NO,LS_CODE) values (53,1);
Insert into NADURI.LOCATION (L_NO,LS_CODE) values (54,1);
Insert into NADURI.LOCATION (L_NO,LS_CODE) values (55,1);
Insert into NADURI.LOCATION (L_NO,LS_CODE) values (56,1);
Insert into NADURI.LOCATION (L_NO,LS_CODE) values (57,1);
Insert into NADURI.LOCATION (L_NO,LS_CODE) values (58,1);
Insert into NADURI.LOCATION (L_NO,LS_CODE) values (59,1);
Insert into NADURI.LOCATION (L_NO,LS_CODE) values (60,1);
Insert into NADURI.LOCATION (L_NO,LS_CODE) values (61,1);
Insert into NADURI.LOCATION (L_NO,LS_CODE) values (62,1);
Insert into NADURI.LOCATION (L_NO,LS_CODE) values (63,1);
Insert into NADURI.LOCATION (L_NO,LS_CODE) values (64,1);
Insert into NADURI.LOCATION (L_NO,LS_CODE) values (65,1);
Insert into NADURI.LOCATION (L_NO,LS_CODE) values (66,1);
Insert into NADURI.LOCATION (L_NO,LS_CODE) values (67,1);
Insert into NADURI.LOCATION (L_NO,LS_CODE) values (68,1);
Insert into NADURI.LOCATION (L_NO,LS_CODE) values (69,1);
Insert into NADURI.LOCATION (L_NO,LS_CODE) values (70,1);
Insert into NADURI.LOCATION (L_NO,LS_CODE) values (501,2);
Insert into NADURI.LOCATION (L_NO,LS_CODE) values (502,2);
Insert into NADURI.LOCATION (L_NO,LS_CODE) values (503,2);
Insert into NADURI.LOCATION (L_NO,LS_CODE) values (504,2);
Insert into NADURI.LOCATION (L_NO,LS_CODE) values (505,2);
Insert into NADURI.LOCATION (L_NO,LS_CODE) values (506,2);
Insert into NADURI.LOCATION (L_NO,LS_CODE) values (507,2);
Insert into NADURI.LOCATION (L_NO,LS_CODE) values (508,2);
Insert into NADURI.LOCATION (L_NO,LS_CODE) values (509,2);
Insert into NADURI.LOCATION (L_NO,LS_CODE) values (510,2);
Insert into NADURI.LOCATION (L_NO,LS_CODE) values (511,2);
Insert into NADURI.LOCATION (L_NO,LS_CODE) values (512,2);
Insert into NADURI.LOCATION (L_NO,LS_CODE) values (513,2);
Insert into NADURI.LOCATION (L_NO,LS_CODE) values (514,2);
Insert into NADURI.LOCATION (L_NO,LS_CODE) values (515,2);
Insert into NADURI.LOCATION (L_NO,LS_CODE) values (516,2);
Insert into NADURI.LOCATION (L_NO,LS_CODE) values (517,2);
Insert into NADURI.LOCATION (L_NO,LS_CODE) values (518,2);
Insert into NADURI.LOCATION (L_NO,LS_CODE) values (519,2);
Insert into NADURI.LOCATION (L_NO,LS_CODE) values (520,2);
Insert into NADURI.LOCATION (L_NO,LS_CODE) values (521,2);
Insert into NADURI.LOCATION (L_NO,LS_CODE) values (522,2);
Insert into NADURI.LOCATION (L_NO,LS_CODE) values (523,2);
Insert into NADURI.LOCATION (L_NO,LS_CODE) values (524,2);
Insert into NADURI.LOCATION (L_NO,LS_CODE) values (525,2);
Insert into NADURI.LOCATION (L_NO,LS_CODE) values (526,2);
Insert into NADURI.LOCATION (L_NO,LS_CODE) values (527,2);
Insert into NADURI.LOCATION (L_NO,LS_CODE) values (528,2);
Insert into NADURI.LOCATION (L_NO,LS_CODE) values (529,2);
Insert into NADURI.LOCATION (L_NO,LS_CODE) values (530,2);
Insert into NADURI.LOCATION (L_NO,LS_CODE) values (531,2);
Insert into NADURI.LOCATION (L_NO,LS_CODE) values (532,2);
Insert into NADURI.LOCATION (L_NO,LS_CODE) values (533,2);
Insert into NADURI.LOCATION (L_NO,LS_CODE) values (534,2);
Insert into NADURI.LOCATION (L_NO,LS_CODE) values (535,2);
Insert into NADURI.LOCATION (L_NO,LS_CODE) values (536,2);
Insert into NADURI.LOCATION (L_NO,LS_CODE) values (537,2);
Insert into NADURI.LOCATION (L_NO,LS_CODE) values (538,2);
Insert into NADURI.LOCATION (L_NO,LS_CODE) values (539,2);
Insert into NADURI.LOCATION (L_NO,LS_CODE) values (540,2);
Insert into NADURI.LOCATION (L_NO,LS_CODE) values (541,2);
Insert into NADURI.LOCATION (L_NO,LS_CODE) values (542,2);
Insert into NADURI.LOCATION (L_NO,LS_CODE) values (543,2);
Insert into NADURI.LOCATION (L_NO,LS_CODE) values (544,2);
Insert into NADURI.LOCATION (L_NO,LS_CODE) values (545,2);
Insert into NADURI.LOCATION (L_NO,LS_CODE) values (546,2);
Insert into NADURI.LOCATION (L_NO,LS_CODE) values (547,2);
Insert into NADURI.LOCATION (L_NO,LS_CODE) values (548,2);
Insert into NADURI.LOCATION (L_NO,LS_CODE) values (549,2);
Insert into NADURI.LOCATION (L_NO,LS_CODE) values (550,2);
Insert into NADURI.LOCATION (L_NO,LS_CODE) values (551,2);
Insert into NADURI.LOCATION (L_NO,LS_CODE) values (552,2);
Insert into NADURI.LOCATION (L_NO,LS_CODE) values (553,2);
Insert into NADURI.LOCATION (L_NO,LS_CODE) values (554,2);
Insert into NADURI.LOCATION (L_NO,LS_CODE) values (555,2);
Insert into NADURI.LOCATION (L_NO,LS_CODE) values (556,2);
Insert into NADURI.LOCATION (L_NO,LS_CODE) values (557,2);
Insert into NADURI.LOCATION (L_NO,LS_CODE) values (558,2);
Insert into NADURI.LOCATION (L_NO,LS_CODE) values (559,2);
Insert into NADURI.LOCATION (L_NO,LS_CODE) values (560,2);
Insert into NADURI.LOCATION (L_NO,LS_CODE) values (561,2);
Insert into NADURI.LOCATION (L_NO,LS_CODE) values (562,2);
Insert into NADURI.LOCATION (L_NO,LS_CODE) values (563,2);
Insert into NADURI.LOCATION (L_NO,LS_CODE) values (564,2);
Insert into NADURI.LOCATION (L_NO,LS_CODE) values (565,2);
Insert into NADURI.LOCATION (L_NO,LS_CODE) values (566,2);
Insert into NADURI.LOCATION (L_NO,LS_CODE) values (567,2);
Insert into NADURI.LOCATION (L_NO,LS_CODE) values (568,2);
Insert into NADURI.LOCATION (L_NO,LS_CODE) values (569,2);
Insert into NADURI.LOCATION (L_NO,LS_CODE) values (570,2);
Insert into NADURI.LOCATION (L_NO,LS_CODE) values (571,2);
Insert into NADURI.LOCATION (L_NO,LS_CODE) values (572,2);
Insert into NADURI.LOCATION (L_NO,LS_CODE) values (573,2);
Insert into NADURI.LOCATION (L_NO,LS_CODE) values (574,2);
Insert into NADURI.LOCATION (L_NO,LS_CODE) values (575,2);
Insert into NADURI.LOCATION (L_NO,LS_CODE) values (576,2);
Insert into NADURI.LOCATION (L_NO,LS_CODE) values (577,2);
Insert into NADURI.LOCATION (L_NO,LS_CODE) values (578,2);
Insert into NADURI.LOCATION (L_NO,LS_CODE) values (579,2);
Insert into NADURI.LOCATION (L_NO,LS_CODE) values (580,2);
Insert into NADURI.LOCATION (L_NO,LS_CODE) values (581,2);
Insert into NADURI.LOCATION (L_NO,LS_CODE) values (582,2);
Insert into NADURI.LOCATION (L_NO,LS_CODE) values (583,2);
Insert into NADURI.LOCATION (L_NO,LS_CODE) values (584,2);
Insert into NADURI.LOCATION (L_NO,LS_CODE) values (585,2);
Insert into NADURI.LOCATION (L_NO,LS_CODE) values (586,2);
Insert into NADURI.LOCATION (L_NO,LS_CODE) values (587,2);
Insert into NADURI.LOCATION (L_NO,LS_CODE) values (588,2);
Insert into NADURI.LOCATION (L_NO,LS_CODE) values (589,2);
Insert into NADURI.LOCATION (L_NO,LS_CODE) values (590,2);
Insert into NADURI.LOCATION (L_NO,LS_CODE) values (591,2);
Insert into NADURI.LOCATION (L_NO,LS_CODE) values (592,2);
Insert into NADURI.LOCATION (L_NO,LS_CODE) values (593,2);
Insert into NADURI.LOCATION (L_NO,LS_CODE) values (594,2);
Insert into NADURI.LOCATION (L_NO,LS_CODE) values (595,2);
Insert into NADURI.LOCATION (L_NO,LS_CODE) values (596,2);
Insert into NADURI.LOCATION (L_NO,LS_CODE) values (597,2);
Insert into NADURI.LOCATION (L_NO,LS_CODE) values (598,2);
Insert into NADURI.LOCATION (L_NO,LS_CODE) values (599,2);
Insert into NADURI.LOCATION (L_NO,LS_CODE) values (600,2);
Insert into NADURI.LOCATION (L_NO,LS_CODE) values (601,2);
Insert into NADURI.LOCATION (L_NO,LS_CODE) values (602,2);
Insert into NADURI.LOCATION (L_NO,LS_CODE) values (603,2);
Insert into NADURI.LOCATION (L_NO,LS_CODE) values (604,2);
Insert into NADURI.LOCATION (L_NO,LS_CODE) values (605,2);
Insert into NADURI.LOCATION (L_NO,LS_CODE) values (606,2);
Insert into NADURI.LOCATION (L_NO,LS_CODE) values (607,2);
Insert into NADURI.LOCATION (L_NO,LS_CODE) values (608,2);
Insert into NADURI.LOCATION (L_NO,LS_CODE) values (609,2);
Insert into NADURI.LOCATION (L_NO,LS_CODE) values (610,2);
Insert into NADURI.LOCATION (L_NO,LS_CODE) values (611,2);
Insert into NADURI.LOCATION (L_NO,LS_CODE) values (612,2);
Insert into NADURI.LOCATION (L_NO,LS_CODE) values (613,2);
Insert into NADURI.LOCATION (L_NO,LS_CODE) values (614,2);
Insert into NADURI.LOCATION (L_NO,LS_CODE) values (615,2);
Insert into NADURI.LOCATION (L_NO,LS_CODE) values (616,2);
Insert into NADURI.LOCATION (L_NO,LS_CODE) values (617,2);
Insert into NADURI.LOCATION (L_NO,LS_CODE) values (618,2);
Insert into NADURI.LOCATION (L_NO,LS_CODE) values (619,2);
Insert into NADURI.LOCATION (L_NO,LS_CODE) values (620,2);
Insert into NADURI.LOCATION (L_NO,LS_CODE) values (621,2);
Insert into NADURI.LOCATION (L_NO,LS_CODE) values (622,2);
Insert into NADURI.LOCATION (L_NO,LS_CODE) values (623,2);
Insert into NADURI.LOCATION (L_NO,LS_CODE) values (624,2);
Insert into NADURI.LOCATION (L_NO,LS_CODE) values (625,2);
Insert into NADURI.LOCATION (L_NO,LS_CODE) values (626,2);
Insert into NADURI.LOCATION (L_NO,LS_CODE) values (627,2);
Insert into NADURI.LOCATION (L_NO,LS_CODE) values (628,2);
Insert into NADURI.LOCATION (L_NO,LS_CODE) values (629,2);
Insert into NADURI.LOCATION (L_NO,LS_CODE) values (630,2);
Insert into NADURI.LOCATION (L_NO,LS_CODE) values (631,2);
Insert into NADURI.LOCATION (L_NO,LS_CODE) values (632,2);
Insert into NADURI.LOCATION (L_NO,LS_CODE) values (633,2);
Insert into NADURI.LOCATION (L_NO,LS_CODE) values (634,2);
Insert into NADURI.LOCATION (L_NO,LS_CODE) values (635,2);
Insert into NADURI.LOCATION (L_NO,LS_CODE) values (636,2);
Insert into NADURI.LOCATION (L_NO,LS_CODE) values (637,2);
Insert into NADURI.LOCATION (L_NO,LS_CODE) values (638,2);
Insert into NADURI.LOCATION (L_NO,LS_CODE) values (639,2);
Insert into NADURI.LOCATION (L_NO,LS_CODE) values (640,2);
Insert into NADURI.LOCATION (L_NO,LS_CODE) values (641,2);
Insert into NADURI.LOCATION (L_NO,LS_CODE) values (642,2);
Insert into NADURI.LOCATION (L_NO,LS_CODE) values (643,2);
Insert into NADURI.LOCATION (L_NO,LS_CODE) values (644,2);
Insert into NADURI.LOCATION (L_NO,LS_CODE) values (645,2);
Insert into NADURI.LOCATION (L_NO,LS_CODE) values (646,2);
Insert into NADURI.LOCATION (L_NO,LS_CODE) values (647,2);
Insert into NADURI.LOCATION (L_NO,LS_CODE) values (648,2);
Insert into NADURI.LOCATION (L_NO,LS_CODE) values (649,2);
Insert into NADURI.LOCATION (L_NO,LS_CODE) values (650,2);
Insert into NADURI.LOCATION (L_NO,LS_CODE) values (651,2);
Insert into NADURI.LOCATION (L_NO,LS_CODE) values (652,2);
Insert into NADURI.LOCATION (L_NO,LS_CODE) values (653,2);
Insert into NADURI.LOCATION (L_NO,LS_CODE) values (654,2);
Insert into NADURI.LOCATION (L_NO,LS_CODE) values (655,2);
Insert into NADURI.LOCATION (L_NO,LS_CODE) values (656,2);
Insert into NADURI.LOCATION (L_NO,LS_CODE) values (657,2);
Insert into NADURI.LOCATION (L_NO,LS_CODE) values (658,2);
Insert into NADURI.LOCATION (L_NO,LS_CODE) values (659,2);
Insert into NADURI.LOCATION (L_NO,LS_CODE) values (660,2);
Insert into NADURI.LOCATION (L_NO,LS_CODE) values (661,2);
Insert into NADURI.LOCATION (L_NO,LS_CODE) values (662,2);
Insert into NADURI.LOCATION (L_NO,LS_CODE) values (663,2);
Insert into NADURI.LOCATION (L_NO,LS_CODE) values (664,2);
Insert into NADURI.LOCATION (L_NO,LS_CODE) values (665,2);
Insert into NADURI.LOCATION (L_NO,LS_CODE) values (666,2);
Insert into NADURI.LOCATION (L_NO,LS_CODE) values (667,2);
Insert into NADURI.LOCATION (L_NO,LS_CODE) values (668,2);
Insert into NADURI.LOCATION (L_NO,LS_CODE) values (669,2);
Insert into NADURI.LOCATION (L_NO,LS_CODE) values (670,2);
Insert into NADURI.LOCATION (L_NO,LS_CODE) values (671,2);
Insert into NADURI.LOCATION (L_NO,LS_CODE) values (672,2);
Insert into NADURI.LOCATION (L_NO,LS_CODE) values (673,2);
Insert into NADURI.LOCATION (L_NO,LS_CODE) values (674,2);
Insert into NADURI.LOCATION (L_NO,LS_CODE) values (675,2);
Insert into NADURI.LOCATION (L_NO,LS_CODE) values (676,2);
Insert into NADURI.LOCATION (L_NO,LS_CODE) values (677,2);
Insert into NADURI.LOCATION (L_NO,LS_CODE) values (678,2);
Insert into NADURI.LOCATION (L_NO,LS_CODE) values (679,2);
Insert into NADURI.LOCATION (L_NO,LS_CODE) values (680,2);
Insert into NADURI.LOCATION (L_NO,LS_CODE) values (681,2);
Insert into NADURI.LOCATION (L_NO,LS_CODE) values (682,2);
Insert into NADURI.LOCATION (L_NO,LS_CODE) values (683,2);
Insert into NADURI.LOCATION (L_NO,LS_CODE) values (684,2);
Insert into NADURI.LOCATION (L_NO,LS_CODE) values (685,2);
Insert into NADURI.LOCATION (L_NO,LS_CODE) values (686,2);
Insert into NADURI.LOCATION (L_NO,LS_CODE) values (687,2);
Insert into NADURI.LOCATION (L_NO,LS_CODE) values (688,2);
Insert into NADURI.LOCATION (L_NO,LS_CODE) values (689,2);
Insert into NADURI.LOCATION (L_NO,LS_CODE) values (690,2);
Insert into NADURI.LOCATION (L_NO,LS_CODE) values (691,2);
Insert into NADURI.LOCATION (L_NO,LS_CODE) values (692,2);
Insert into NADURI.LOCATION (L_NO,LS_CODE) values (693,2);
Insert into NADURI.LOCATION (L_NO,LS_CODE) values (694,2);
Insert into NADURI.LOCATION (L_NO,LS_CODE) values (695,2);
Insert into NADURI.LOCATION (L_NO,LS_CODE) values (696,2);
Insert into NADURI.LOCATION (L_NO,LS_CODE) values (697,2);
Insert into NADURI.LOCATION (L_NO,LS_CODE) values (698,2);
Insert into NADURI.LOCATION (L_NO,LS_CODE) values (699,2);
Insert into NADURI.LOCATION (L_NO,LS_CODE) values (700,2);
Insert into NADURI.LOCATION (L_NO,LS_CODE) values (701,2);
Insert into NADURI.LOCATION (L_NO,LS_CODE) values (702,2);
Insert into NADURI.LOCATION (L_NO,LS_CODE) values (703,2);
Insert into NADURI.LOCATION (L_NO,LS_CODE) values (704,2);
Insert into NADURI.LOCATION (L_NO,LS_CODE) values (705,2);
Insert into NADURI.LOCATION (L_NO,LS_CODE) values (706,2);
Insert into NADURI.LOCATION (L_NO,LS_CODE) values (707,2);
Insert into NADURI.LOCATION (L_NO,LS_CODE) values (708,2);
Insert into NADURI.LOCATION (L_NO,LS_CODE) values (709,2);
Insert into NADURI.LOCATION (L_NO,LS_CODE) values (710,2);
Insert into NADURI.LOCATION (L_NO,LS_CODE) values (711,2);
Insert into NADURI.LOCATION (L_NO,LS_CODE) values (712,2);
Insert into NADURI.LOCATION (L_NO,LS_CODE) values (713,2);
Insert into NADURI.LOCATION (L_NO,LS_CODE) values (714,2);
Insert into NADURI.LOCATION (L_NO,LS_CODE) values (715,2);
Insert into NADURI.LOCATION (L_NO,LS_CODE) values (716,2);
Insert into NADURI.LOCATION (L_NO,LS_CODE) values (717,2);
Insert into NADURI.LOCATION (L_NO,LS_CODE) values (718,2);
Insert into NADURI.LOCATION (L_NO,LS_CODE) values (719,2);
Insert into NADURI.LOCATION (L_NO,LS_CODE) values (720,2);
Insert into NADURI.LOCATION (L_NO,LS_CODE) values (721,2);
Insert into NADURI.LOCATION (L_NO,LS_CODE) values (722,2);
Insert into NADURI.LOCATION (L_NO,LS_CODE) values (723,2);
Insert into NADURI.LOCATION (L_NO,LS_CODE) values (724,2);
Insert into NADURI.LOCATION (L_NO,LS_CODE) values (725,2);
Insert into NADURI.LOCATION (L_NO,LS_CODE) values (726,2);
Insert into NADURI.LOCATION (L_NO,LS_CODE) values (727,2);
Insert into NADURI.LOCATION (L_NO,LS_CODE) values (728,2);
Insert into NADURI.LOCATION (L_NO,LS_CODE) values (729,2);
Insert into NADURI.LOCATION (L_NO,LS_CODE) values (730,2);
Insert into NADURI.LOCATION (L_NO,LS_CODE) values (731,2);
Insert into NADURI.LOCATION (L_NO,LS_CODE) values (732,2);
Insert into NADURI.LOCATION (L_NO,LS_CODE) values (733,2);
Insert into NADURI.LOCATION (L_NO,LS_CODE) values (734,2);
Insert into NADURI.LOCATION (L_NO,LS_CODE) values (735,2);
Insert into NADURI.LOCATION (L_NO,LS_CODE) values (736,2);
Insert into NADURI.LOCATION (L_NO,LS_CODE) values (737,2);
Insert into NADURI.LOCATION (L_NO,LS_CODE) values (738,2);
Insert into NADURI.LOCATION (L_NO,LS_CODE) values (739,2);
Insert into NADURI.LOCATION (L_NO,LS_CODE) values (740,2);
Insert into NADURI.LOCATION (L_NO,LS_CODE) values (741,2);
Insert into NADURI.LOCATION (L_NO,LS_CODE) values (742,2);
Insert into NADURI.LOCATION (L_NO,LS_CODE) values (743,2);
Insert into NADURI.LOCATION (L_NO,LS_CODE) values (744,2);
Insert into NADURI.LOCATION (L_NO,LS_CODE) values (745,2);
Insert into NADURI.LOCATION (L_NO,LS_CODE) values (746,2);
Insert into NADURI.LOCATION (L_NO,LS_CODE) values (747,2);
Insert into NADURI.LOCATION (L_NO,LS_CODE) values (748,2);
Insert into NADURI.LOCATION (L_NO,LS_CODE) values (749,2);
Insert into NADURI.LOCATION (L_NO,LS_CODE) values (750,2);
Insert into NADURI.LOCATION (L_NO,LS_CODE) values (751,2);
Insert into NADURI.LOCATION (L_NO,LS_CODE) values (752,2);
Insert into NADURI.LOCATION (L_NO,LS_CODE) values (753,2);
Insert into NADURI.LOCATION (L_NO,LS_CODE) values (754,2);
Insert into NADURI.LOCATION (L_NO,LS_CODE) values (755,2);
Insert into NADURI.LOCATION (L_NO,LS_CODE) values (756,2);
Insert into NADURI.LOCATION (L_NO,LS_CODE) values (757,2);
Insert into NADURI.LOCATION (L_NO,LS_CODE) values (758,2);
Insert into NADURI.LOCATION (L_NO,LS_CODE) values (759,2);
Insert into NADURI.LOCATION (L_NO,LS_CODE) values (760,2);
Insert into NADURI.LOCATION (L_NO,LS_CODE) values (761,2);
Insert into NADURI.LOCATION (L_NO,LS_CODE) values (762,2);
Insert into NADURI.LOCATION (L_NO,LS_CODE) values (763,2);
Insert into NADURI.LOCATION (L_NO,LS_CODE) values (764,2);
Insert into NADURI.LOCATION (L_NO,LS_CODE) values (765,2);
Insert into NADURI.LOCATION (L_NO,LS_CODE) values (766,2);
Insert into NADURI.LOCATION (L_NO,LS_CODE) values (767,2);
Insert into NADURI.LOCATION (L_NO,LS_CODE) values (768,2);
Insert into NADURI.LOCATION (L_NO,LS_CODE) values (769,2);
Insert into NADURI.LOCATION (L_NO,LS_CODE) values (770,2);
Insert into NADURI.LOCATION (L_NO,LS_CODE) values (771,2);
Insert into NADURI.LOCATION (L_NO,LS_CODE) values (772,2);
Insert into NADURI.LOCATION (L_NO,LS_CODE) values (773,2);
Insert into NADURI.LOCATION (L_NO,LS_CODE) values (774,2);
Insert into NADURI.LOCATION (L_NO,LS_CODE) values (775,2);
Insert into NADURI.LOCATION (L_NO,LS_CODE) values (776,2);
Insert into NADURI.LOCATION (L_NO,LS_CODE) values (777,2);
Insert into NADURI.LOCATION (L_NO,LS_CODE) values (778,2);
Insert into NADURI.LOCATION (L_NO,LS_CODE) values (779,2);
Insert into NADURI.LOCATION (L_NO,LS_CODE) values (780,2);
Insert into NADURI.LOCATION (L_NO,LS_CODE) values (781,2);
Insert into NADURI.LOCATION (L_NO,LS_CODE) values (782,2);
Insert into NADURI.LOCATION (L_NO,LS_CODE) values (783,2);
Insert into NADURI.LOCATION (L_NO,LS_CODE) values (784,2);
Insert into NADURI.LOCATION (L_NO,LS_CODE) values (785,2);
Insert into NADURI.LOCATION (L_NO,LS_CODE) values (786,2);
Insert into NADURI.LOCATION (L_NO,LS_CODE) values (787,2);
Insert into NADURI.LOCATION (L_NO,LS_CODE) values (788,2);
Insert into NADURI.LOCATION (L_NO,LS_CODE) values (789,2);
Insert into NADURI.LOCATION (L_NO,LS_CODE) values (790,2);
Insert into NADURI.LOCATION (L_NO,LS_CODE) values (791,2);
Insert into NADURI.LOCATION (L_NO,LS_CODE) values (792,2);
Insert into NADURI.LOCATION (L_NO,LS_CODE) values (793,2);
Insert into NADURI.LOCATION (L_NO,LS_CODE) values (794,2);
Insert into NADURI.LOCATION (L_NO,LS_CODE) values (1001,2);
Insert into NADURI.LOCATION (L_NO,LS_CODE) values (1002,2);
Insert into NADURI.LOCATION (L_NO,LS_CODE) values (1003,2);
Insert into NADURI.LOCATION (L_NO,LS_CODE) values (1004,2);
Insert into NADURI.LOCATION (L_NO,LS_CODE) values (1005,2);
Insert into NADURI.LOCATION (L_NO,LS_CODE) values (1006,2);
Insert into NADURI.LOCATION (L_NO,LS_CODE) values (1007,2);
Insert into NADURI.LOCATION (L_NO,LS_CODE) values (1008,2);
Insert into NADURI.LOCATION (L_NO,LS_CODE) values (1009,2);
Insert into NADURI.LOCATION (L_NO,LS_CODE) values (1010,2);
Insert into NADURI.LOCATION (L_NO,LS_CODE) values (1011,2);
Insert into NADURI.LOCATION (L_NO,LS_CODE) values (1012,2);
Insert into NADURI.LOCATION (L_NO,LS_CODE) values (1013,2);
Insert into NADURI.LOCATION (L_NO,LS_CODE) values (1014,2);
Insert into NADURI.LOCATION (L_NO,LS_CODE) values (1015,2);
Insert into NADURI.LOCATION (L_NO,LS_CODE) values (1016,2);
Insert into NADURI.LOCATION (L_NO,LS_CODE) values (1017,2);
Insert into NADURI.LOCATION (L_NO,LS_CODE) values (1018,2);
Insert into NADURI.LOCATION (L_NO,LS_CODE) values (1019,2);
Insert into NADURI.LOCATION (L_NO,LS_CODE) values (1020,2);
Insert into NADURI.LOCATION (L_NO,LS_CODE) values (1021,2);
Insert into NADURI.LOCATION (L_NO,LS_CODE) values (1022,2);
Insert into NADURI.LOCATION (L_NO,LS_CODE) values (1023,2);
Insert into NADURI.LOCATION (L_NO,LS_CODE) values (1024,2);
Insert into NADURI.LOCATION (L_NO,LS_CODE) values (1025,2);
Insert into NADURI.LOCATION (L_NO,LS_CODE) values (1026,2);
Insert into NADURI.LOCATION (L_NO,LS_CODE) values (1027,2);
Insert into NADURI.LOCATION (L_NO,LS_CODE) values (1028,2);
Insert into NADURI.LOCATION (L_NO,LS_CODE) values (1029,2);
Insert into NADURI.LOCATION (L_NO,LS_CODE) values (1030,2);
Insert into NADURI.LOCATION (L_NO,LS_CODE) values (1031,2);
Insert into NADURI.LOCATION (L_NO,LS_CODE) values (1032,2);
Insert into NADURI.LOCATION (L_NO,LS_CODE) values (1033,2);
Insert into NADURI.LOCATION (L_NO,LS_CODE) values (1034,2);
Insert into NADURI.LOCATION (L_NO,LS_CODE) values (1035,2);
Insert into NADURI.LOCATION (L_NO,LS_CODE) values (1036,2);
Insert into NADURI.LOCATION (L_NO,LS_CODE) values (1037,2);
Insert into NADURI.LOCATION (L_NO,LS_CODE) values (1038,2);
Insert into NADURI.LOCATION (L_NO,LS_CODE) values (1039,2);
Insert into NADURI.LOCATION (L_NO,LS_CODE) values (1040,2);
Insert into NADURI.LOCATION (L_NO,LS_CODE) values (1041,2);
Insert into NADURI.LOCATION (L_NO,LS_CODE) values (1042,2);
Insert into NADURI.LOCATION (L_NO,LS_CODE) values (1043,2);
Insert into NADURI.LOCATION (L_NO,LS_CODE) values (1044,2);
Insert into NADURI.LOCATION (L_NO,LS_CODE) values (1045,2);
Insert into NADURI.LOCATION (L_NO,LS_CODE) values (1046,2);
Insert into NADURI.LOCATION (L_NO,LS_CODE) values (1047,2);
Insert into NADURI.LOCATION (L_NO,LS_CODE) values (1048,2);
Insert into NADURI.LOCATION (L_NO,LS_CODE) values (1049,2);
Insert into NADURI.LOCATION (L_NO,LS_CODE) values (1050,2);
Insert into NADURI.LOCATION (L_NO,LS_CODE) values (1051,2);
Insert into NADURI.LOCATION (L_NO,LS_CODE) values (1052,2);
Insert into NADURI.LOCATION (L_NO,LS_CODE) values (1053,2);
Insert into NADURI.LOCATION (L_NO,LS_CODE) values (1054,2);
Insert into NADURI.LOCATION (L_NO,LS_CODE) values (1055,2);
Insert into NADURI.LOCATION (L_NO,LS_CODE) values (1056,2);
Insert into NADURI.LOCATION (L_NO,LS_CODE) values (1057,2);
Insert into NADURI.LOCATION (L_NO,LS_CODE) values (1058,2);
Insert into NADURI.LOCATION (L_NO,LS_CODE) values (1059,2);
Insert into NADURI.LOCATION (L_NO,LS_CODE) values (1060,2);
Insert into NADURI.LOCATION (L_NO,LS_CODE) values (1061,2);
Insert into NADURI.LOCATION (L_NO,LS_CODE) values (1062,2);
Insert into NADURI.LOCATION (L_NO,LS_CODE) values (1063,2);
Insert into NADURI.LOCATION (L_NO,LS_CODE) values (1064,2);
Insert into NADURI.LOCATION (L_NO,LS_CODE) values (1065,2);
Insert into NADURI.LOCATION (L_NO,LS_CODE) values (1066,2);
Insert into NADURI.LOCATION (L_NO,LS_CODE) values (1067,2);
Insert into NADURI.LOCATION (L_NO,LS_CODE) values (1068,2);
Insert into NADURI.LOCATION (L_NO,LS_CODE) values (1069,2);
Insert into NADURI.LOCATION (L_NO,LS_CODE) values (1070,2);
Insert into NADURI.LOCATION (L_NO,LS_CODE) values (1071,2);
Insert into NADURI.LOCATION (L_NO,LS_CODE) values (1072,2);
Insert into NADURI.LOCATION (L_NO,LS_CODE) values (1073,2);
Insert into NADURI.LOCATION (L_NO,LS_CODE) values (1074,2);
Insert into NADURI.LOCATION (L_NO,LS_CODE) values (1075,2);
Insert into NADURI.LOCATION (L_NO,LS_CODE) values (1076,2);
Insert into NADURI.LOCATION (L_NO,LS_CODE) values (1077,2);
Insert into NADURI.LOCATION (L_NO,LS_CODE) values (1078,2);
Insert into NADURI.LOCATION (L_NO,LS_CODE) values (1079,2);
Insert into NADURI.LOCATION (L_NO,LS_CODE) values (1080,2);
Insert into NADURI.LOCATION (L_NO,LS_CODE) values (1081,2);
Insert into NADURI.LOCATION (L_NO,LS_CODE) values (1082,2);
Insert into NADURI.LOCATION (L_NO,LS_CODE) values (1083,2);
Insert into NADURI.LOCATION (L_NO,LS_CODE) values (1084,2);
Insert into NADURI.LOCATION (L_NO,LS_CODE) values (1085,2);
Insert into NADURI.LOCATION (L_NO,LS_CODE) values (1086,2);
Insert into NADURI.LOCATION (L_NO,LS_CODE) values (1087,2);
Insert into NADURI.LOCATION (L_NO,LS_CODE) values (1088,2);
Insert into NADURI.LOCATION (L_NO,LS_CODE) values (1089,2);
Insert into NADURI.LOCATION (L_NO,LS_CODE) values (1090,2);
Insert into NADURI.LOCATION (L_NO,LS_CODE) values (1091,2);
Insert into NADURI.LOCATION (L_NO,LS_CODE) values (1092,2);
Insert into NADURI.LOCATION (L_NO,LS_CODE) values (1093,2);
Insert into NADURI.LOCATION (L_NO,LS_CODE) values (1094,2);
Insert into NADURI.LOCATION (L_NO,LS_CODE) values (1095,2);
Insert into NADURI.LOCATION (L_NO,LS_CODE) values (1096,2);
Insert into NADURI.LOCATION (L_NO,LS_CODE) values (1097,2);
Insert into NADURI.LOCATION (L_NO,LS_CODE) values (1098,2);
Insert into NADURI.LOCATION (L_NO,LS_CODE) values (1099,2);
Insert into NADURI.LOCATION (L_NO,LS_CODE) values (1100,2);
Insert into NADURI.LOCATION (L_NO,LS_CODE) values (1101,2);
Insert into NADURI.LOCATION (L_NO,LS_CODE) values (1102,2);
Insert into NADURI.LOCATION (L_NO,LS_CODE) values (1103,2);
Insert into NADURI.LOCATION (L_NO,LS_CODE) values (1104,2);
Insert into NADURI.LOCATION (L_NO,LS_CODE) values (1105,2);
Insert into NADURI.LOCATION (L_NO,LS_CODE) values (1106,2);
Insert into NADURI.LOCATION (L_NO,LS_CODE) values (1107,2);
Insert into NADURI.LOCATION (L_NO,LS_CODE) values (1108,2);
Insert into NADURI.LOCATION (L_NO,LS_CODE) values (1109,2);
Insert into NADURI.LOCATION (L_NO,LS_CODE) values (1110,2);
Insert into NADURI.LOCATION (L_NO,LS_CODE) values (1111,2);
Insert into NADURI.LOCATION (L_NO,LS_CODE) values (1112,2);
Insert into NADURI.LOCATION (L_NO,LS_CODE) values (1113,2);
Insert into NADURI.LOCATION (L_NO,LS_CODE) values (1114,2);
Insert into NADURI.LOCATION (L_NO,LS_CODE) values (1115,2);
Insert into NADURI.LOCATION (L_NO,LS_CODE) values (1116,2);
Insert into NADURI.LOCATION (L_NO,LS_CODE) values (1117,2);
Insert into NADURI.LOCATION (L_NO,LS_CODE) values (1118,2);
Insert into NADURI.LOCATION (L_NO,LS_CODE) values (1119,2);
Insert into NADURI.LOCATION (L_NO,LS_CODE) values (1120,2);
Insert into NADURI.LOCATION (L_NO,LS_CODE) values (1121,2);
Insert into NADURI.LOCATION (L_NO,LS_CODE) values (1122,2);
Insert into NADURI.LOCATION (L_NO,LS_CODE) values (1123,2);
Insert into NADURI.LOCATION (L_NO,LS_CODE) values (1124,2);
Insert into NADURI.LOCATION (L_NO,LS_CODE) values (1125,2);
Insert into NADURI.LOCATION (L_NO,LS_CODE) values (1126,2);
Insert into NADURI.LOCATION (L_NO,LS_CODE) values (1127,2);
Insert into NADURI.LOCATION (L_NO,LS_CODE) values (1128,2);
Insert into NADURI.LOCATION (L_NO,LS_CODE) values (1129,2);
Insert into NADURI.LOCATION (L_NO,LS_CODE) values (1130,2);
Insert into NADURI.LOCATION (L_NO,LS_CODE) values (1131,2);
Insert into NADURI.LOCATION (L_NO,LS_CODE) values (1132,2);
Insert into NADURI.LOCATION (L_NO,LS_CODE) values (1133,2);
Insert into NADURI.LOCATION (L_NO,LS_CODE) values (1134,2);
Insert into NADURI.LOCATION (L_NO,LS_CODE) values (1135,2);
Insert into NADURI.LOCATION (L_NO,LS_CODE) values (1136,2);
Insert into NADURI.LOCATION (L_NO,LS_CODE) values (1137,2);
Insert into NADURI.LOCATION (L_NO,LS_CODE) values (1138,2);
Insert into NADURI.LOCATION (L_NO,LS_CODE) values (1139,2);
Insert into NADURI.LOCATION (L_NO,LS_CODE) values (1140,2);
Insert into NADURI.LOCATION (L_NO,LS_CODE) values (1141,2);
Insert into NADURI.LOCATION (L_NO,LS_CODE) values (1142,2);
Insert into NADURI.LOCATION (L_NO,LS_CODE) values (1143,2);
Insert into NADURI.LOCATION (L_NO,LS_CODE) values (1144,2);
Insert into NADURI.LOCATION (L_NO,LS_CODE) values (1145,2);
Insert into NADURI.LOCATION (L_NO,LS_CODE) values (1146,2);
Insert into NADURI.LOCATION (L_NO,LS_CODE) values (1147,2);
Insert into NADURI.LOCATION (L_NO,LS_CODE) values (1148,2);
Insert into NADURI.LOCATION (L_NO,LS_CODE) values (1149,2);
Insert into NADURI.LOCATION (L_NO,LS_CODE) values (1150,2);
Insert into NADURI.LOCATION (L_NO,LS_CODE) values (1151,2);
Insert into NADURI.LOCATION (L_NO,LS_CODE) values (1152,2);
Insert into NADURI.LOCATION (L_NO,LS_CODE) values (1153,2);
Insert into NADURI.LOCATION (L_NO,LS_CODE) values (1154,2);
Insert into NADURI.LOCATION (L_NO,LS_CODE) values (1155,2);
Insert into NADURI.LOCATION (L_NO,LS_CODE) values (1156,2);
Insert into NADURI.LOCATION (L_NO,LS_CODE) values (1157,2);
Insert into NADURI.LOCATION (L_NO,LS_CODE) values (1158,2);
Insert into NADURI.LOCATION (L_NO,LS_CODE) values (1159,2);
Insert into NADURI.LOCATION (L_NO,LS_CODE) values (1160,2);
Insert into NADURI.LOCATION (L_NO,LS_CODE) values (1161,2);
Insert into NADURI.LOCATION (L_NO,LS_CODE) values (1162,2);
Insert into NADURI.LOCATION (L_NO,LS_CODE) values (1163,2);
Insert into NADURI.LOCATION (L_NO,LS_CODE) values (1164,2);
Insert into NADURI.LOCATION (L_NO,LS_CODE) values (1165,2);
Insert into NADURI.LOCATION (L_NO,LS_CODE) values (1166,2);
Insert into NADURI.LOCATION (L_NO,LS_CODE) values (1167,2);
Insert into NADURI.LOCATION (L_NO,LS_CODE) values (1168,2);
Insert into NADURI.LOCATION (L_NO,LS_CODE) values (1169,2);
Insert into NADURI.LOCATION (L_NO,LS_CODE) values (1170,2);
Insert into NADURI.LOCATION (L_NO,LS_CODE) values (1171,2);
Insert into NADURI.LOCATION (L_NO,LS_CODE) values (1172,2);
Insert into NADURI.LOCATION (L_NO,LS_CODE) values (1173,2);
Insert into NADURI.LOCATION (L_NO,LS_CODE) values (1174,2);
Insert into NADURI.LOCATION (L_NO,LS_CODE) values (1175,2);
Insert into NADURI.LOCATION (L_NO,LS_CODE) values (1176,2);
Insert into NADURI.LOCATION (L_NO,LS_CODE) values (1177,2);
Insert into NADURI.LOCATION (L_NO,LS_CODE) values (1178,2);
Insert into NADURI.LOCATION (L_NO,LS_CODE) values (1179,2);
Insert into NADURI.LOCATION (L_NO,LS_CODE) values (1180,2);
Insert into NADURI.LOCATION (L_NO,LS_CODE) values (1181,2);
Insert into NADURI.LOCATION (L_NO,LS_CODE) values (1182,2);
Insert into NADURI.LOCATION (L_NO,LS_CODE) values (1183,2);
Insert into NADURI.LOCATION (L_NO,LS_CODE) values (1184,2);
Insert into NADURI.LOCATION (L_NO,LS_CODE) values (1185,2);
Insert into NADURI.LOCATION (L_NO,LS_CODE) values (1186,2);
Insert into NADURI.LOCATION (L_NO,LS_CODE) values (1187,2);
Insert into NADURI.LOCATION (L_NO,LS_CODE) values (1188,2);
Insert into NADURI.LOCATION (L_NO,LS_CODE) values (1189,2);
Insert into NADURI.LOCATION (L_NO,LS_CODE) values (1190,2);
Insert into NADURI.LOCATION (L_NO,LS_CODE) values (1191,2);
Insert into NADURI.LOCATION (L_NO,LS_CODE) values (1192,2);
Insert into NADURI.LOCATION (L_NO,LS_CODE) values (1193,2);
Insert into NADURI.LOCATION (L_NO,LS_CODE) values (1194,2);
Insert into NADURI.LOCATION (L_NO,LS_CODE) values (1195,2);
Insert into NADURI.LOCATION (L_NO,LS_CODE) values (1196,2);
Insert into NADURI.LOCATION (L_NO,LS_CODE) values (1197,2);
Insert into NADURI.LOCATION (L_NO,LS_CODE) values (1198,2);
Insert into NADURI.LOCATION (L_NO,LS_CODE) values (1199,2);
Insert into NADURI.LOCATION (L_NO,LS_CODE) values (1200,2);
Insert into NADURI.LOCATION (L_NO,LS_CODE) values (1201,2);
Insert into NADURI.LOCATION (L_NO,LS_CODE) values (1202,2);
Insert into NADURI.LOCATION (L_NO,LS_CODE) values (1203,2);
Insert into NADURI.LOCATION (L_NO,LS_CODE) values (1204,2);
Insert into NADURI.LOCATION (L_NO,LS_CODE) values (1205,2);
Insert into NADURI.LOCATION (L_NO,LS_CODE) values (1206,2);
Insert into NADURI.LOCATION (L_NO,LS_CODE) values (1207,2);
Insert into NADURI.LOCATION (L_NO,LS_CODE) values (1208,2);
Insert into NADURI.LOCATION (L_NO,LS_CODE) values (1209,2);
Insert into NADURI.LOCATION (L_NO,LS_CODE) values (1210,2);
Insert into NADURI.LOCATION (L_NO,LS_CODE) values (1211,2);
Insert into NADURI.LOCATION (L_NO,LS_CODE) values (1212,2);
Insert into NADURI.LOCATION (L_NO,LS_CODE) values (1213,2);
Insert into NADURI.LOCATION (L_NO,LS_CODE) values (1214,2);
Insert into NADURI.LOCATION (L_NO,LS_CODE) values (1215,2);
Insert into NADURI.LOCATION (L_NO,LS_CODE) values (1216,2);
Insert into NADURI.LOCATION (L_NO,LS_CODE) values (1217,2);
Insert into NADURI.LOCATION (L_NO,LS_CODE) values (1218,2);
Insert into NADURI.LOCATION (L_NO,LS_CODE) values (1219,2);
Insert into NADURI.LOCATION (L_NO,LS_CODE) values (1220,2);
Insert into NADURI.LOCATION (L_NO,LS_CODE) values (1221,2);
Insert into NADURI.LOCATION (L_NO,LS_CODE) values (1222,2);
Insert into NADURI.LOCATION (L_NO,LS_CODE) values (1223,2);
Insert into NADURI.LOCATION (L_NO,LS_CODE) values (1224,2);
Insert into NADURI.LOCATION (L_NO,LS_CODE) values (1225,2);
Insert into NADURI.LOCATION (L_NO,LS_CODE) values (1226,2);
Insert into NADURI.LOCATION (L_NO,LS_CODE) values (1227,2);
Insert into NADURI.LOCATION (L_NO,LS_CODE) values (1228,2);
Insert into NADURI.LOCATION (L_NO,LS_CODE) values (1229,2);
Insert into NADURI.LOCATION (L_NO,LS_CODE) values (1230,2);
Insert into NADURI.LOCATION (L_NO,LS_CODE) values (1231,2);
Insert into NADURI.LOCATION (L_NO,LS_CODE) values (1232,2);
Insert into NADURI.LOCATION (L_NO,LS_CODE) values (1233,2);
Insert into NADURI.LOCATION (L_NO,LS_CODE) values (1234,2);
Insert into NADURI.LOCATION (L_NO,LS_CODE) values (1235,2);
Insert into NADURI.LOCATION (L_NO,LS_CODE) values (1236,2);
Insert into NADURI.LOCATION (L_NO,LS_CODE) values (1237,2);
Insert into NADURI.LOCATION (L_NO,LS_CODE) values (1238,2);
Insert into NADURI.LOCATION (L_NO,LS_CODE) values (1239,2);
Insert into NADURI.LOCATION (L_NO,LS_CODE) values (1240,2);
Insert into NADURI.LOCATION (L_NO,LS_CODE) values (1241,2);
Insert into NADURI.LOCATION (L_NO,LS_CODE) values (1242,2);
Insert into NADURI.LOCATION (L_NO,LS_CODE) values (1243,2);
Insert into NADURI.LOCATION (L_NO,LS_CODE) values (1244,2);
Insert into NADURI.LOCATION (L_NO,LS_CODE) values (1245,2);
Insert into NADURI.LOCATION (L_NO,LS_CODE) values (1246,2);
Insert into NADURI.LOCATION (L_NO,LS_CODE) values (1247,2);
Insert into NADURI.LOCATION (L_NO,LS_CODE) values (1248,2);
Insert into NADURI.LOCATION (L_NO,LS_CODE) values (1249,2);
Insert into NADURI.LOCATION (L_NO,LS_CODE) values (1250,2);
Insert into NADURI.LOCATION (L_NO,LS_CODE) values (1251,2);
REM INSERTING into NADURI.LOCATION_KEYWORD
SET DEFINE OFF;
Insert into NADURI.LOCATION_KEYWORD (L_NO,KEYWORD_ID) values (1,1);
Insert into NADURI.LOCATION_KEYWORD (L_NO,KEYWORD_ID) values (1,19);
Insert into NADURI.LOCATION_KEYWORD (L_NO,KEYWORD_ID) values (1,27);
Insert into NADURI.LOCATION_KEYWORD (L_NO,KEYWORD_ID) values (2,1);
Insert into NADURI.LOCATION_KEYWORD (L_NO,KEYWORD_ID) values (2,19);
Insert into NADURI.LOCATION_KEYWORD (L_NO,KEYWORD_ID) values (2,27);
Insert into NADURI.LOCATION_KEYWORD (L_NO,KEYWORD_ID) values (3,1);
Insert into NADURI.LOCATION_KEYWORD (L_NO,KEYWORD_ID) values (3,19);
Insert into NADURI.LOCATION_KEYWORD (L_NO,KEYWORD_ID) values (3,27);
Insert into NADURI.LOCATION_KEYWORD (L_NO,KEYWORD_ID) values (4,1);
Insert into NADURI.LOCATION_KEYWORD (L_NO,KEYWORD_ID) values (4,19);
Insert into NADURI.LOCATION_KEYWORD (L_NO,KEYWORD_ID) values (4,27);
Insert into NADURI.LOCATION_KEYWORD (L_NO,KEYWORD_ID) values (5,1);
Insert into NADURI.LOCATION_KEYWORD (L_NO,KEYWORD_ID) values (5,19);
Insert into NADURI.LOCATION_KEYWORD (L_NO,KEYWORD_ID) values (5,27);
Insert into NADURI.LOCATION_KEYWORD (L_NO,KEYWORD_ID) values (6,1);
Insert into NADURI.LOCATION_KEYWORD (L_NO,KEYWORD_ID) values (6,19);
Insert into NADURI.LOCATION_KEYWORD (L_NO,KEYWORD_ID) values (6,27);
Insert into NADURI.LOCATION_KEYWORD (L_NO,KEYWORD_ID) values (7,1);
Insert into NADURI.LOCATION_KEYWORD (L_NO,KEYWORD_ID) values (7,19);
Insert into NADURI.LOCATION_KEYWORD (L_NO,KEYWORD_ID) values (7,27);
Insert into NADURI.LOCATION_KEYWORD (L_NO,KEYWORD_ID) values (8,1);
Insert into NADURI.LOCATION_KEYWORD (L_NO,KEYWORD_ID) values (8,25);
Insert into NADURI.LOCATION_KEYWORD (L_NO,KEYWORD_ID) values (8,27);
Insert into NADURI.LOCATION_KEYWORD (L_NO,KEYWORD_ID) values (9,1);
Insert into NADURI.LOCATION_KEYWORD (L_NO,KEYWORD_ID) values (9,25);
Insert into NADURI.LOCATION_KEYWORD (L_NO,KEYWORD_ID) values (9,26);
Insert into NADURI.LOCATION_KEYWORD (L_NO,KEYWORD_ID) values (10,1);
Insert into NADURI.LOCATION_KEYWORD (L_NO,KEYWORD_ID) values (10,25);
Insert into NADURI.LOCATION_KEYWORD (L_NO,KEYWORD_ID) values (10,26);
Insert into NADURI.LOCATION_KEYWORD (L_NO,KEYWORD_ID) values (11,1);
Insert into NADURI.LOCATION_KEYWORD (L_NO,KEYWORD_ID) values (11,25);
Insert into NADURI.LOCATION_KEYWORD (L_NO,KEYWORD_ID) values (11,27);
Insert into NADURI.LOCATION_KEYWORD (L_NO,KEYWORD_ID) values (12,1);
Insert into NADURI.LOCATION_KEYWORD (L_NO,KEYWORD_ID) values (12,25);
Insert into NADURI.LOCATION_KEYWORD (L_NO,KEYWORD_ID) values (12,27);
Insert into NADURI.LOCATION_KEYWORD (L_NO,KEYWORD_ID) values (13,1);
Insert into NADURI.LOCATION_KEYWORD (L_NO,KEYWORD_ID) values (13,25);
Insert into NADURI.LOCATION_KEYWORD (L_NO,KEYWORD_ID) values (13,26);
Insert into NADURI.LOCATION_KEYWORD (L_NO,KEYWORD_ID) values (14,1);
Insert into NADURI.LOCATION_KEYWORD (L_NO,KEYWORD_ID) values (14,24);
Insert into NADURI.LOCATION_KEYWORD (L_NO,KEYWORD_ID) values (14,27);
Insert into NADURI.LOCATION_KEYWORD (L_NO,KEYWORD_ID) values (15,1);
Insert into NADURI.LOCATION_KEYWORD (L_NO,KEYWORD_ID) values (15,22);
Insert into NADURI.LOCATION_KEYWORD (L_NO,KEYWORD_ID) values (15,23);
Insert into NADURI.LOCATION_KEYWORD (L_NO,KEYWORD_ID) values (16,1);
Insert into NADURI.LOCATION_KEYWORD (L_NO,KEYWORD_ID) values (16,28);
Insert into NADURI.LOCATION_KEYWORD (L_NO,KEYWORD_ID) values (16,25);
Insert into NADURI.LOCATION_KEYWORD (L_NO,KEYWORD_ID) values (17,1);
Insert into NADURI.LOCATION_KEYWORD (L_NO,KEYWORD_ID) values (17,25);
Insert into NADURI.LOCATION_KEYWORD (L_NO,KEYWORD_ID) values (17,26);
Insert into NADURI.LOCATION_KEYWORD (L_NO,KEYWORD_ID) values (18,1);
Insert into NADURI.LOCATION_KEYWORD (L_NO,KEYWORD_ID) values (18,24);
Insert into NADURI.LOCATION_KEYWORD (L_NO,KEYWORD_ID) values (18,28);
Insert into NADURI.LOCATION_KEYWORD (L_NO,KEYWORD_ID) values (19,1);
Insert into NADURI.LOCATION_KEYWORD (L_NO,KEYWORD_ID) values (19,24);
Insert into NADURI.LOCATION_KEYWORD (L_NO,KEYWORD_ID) values (19,28);
Insert into NADURI.LOCATION_KEYWORD (L_NO,KEYWORD_ID) values (20,1);
Insert into NADURI.LOCATION_KEYWORD (L_NO,KEYWORD_ID) values (20,23);
Insert into NADURI.LOCATION_KEYWORD (L_NO,KEYWORD_ID) values (20,24);
Insert into NADURI.LOCATION_KEYWORD (L_NO,KEYWORD_ID) values (21,1);
Insert into NADURI.LOCATION_KEYWORD (L_NO,KEYWORD_ID) values (21,20);
Insert into NADURI.LOCATION_KEYWORD (L_NO,KEYWORD_ID) values (21,27);
Insert into NADURI.LOCATION_KEYWORD (L_NO,KEYWORD_ID) values (22,1);
Insert into NADURI.LOCATION_KEYWORD (L_NO,KEYWORD_ID) values (22,24);
Insert into NADURI.LOCATION_KEYWORD (L_NO,KEYWORD_ID) values (22,28);
Insert into NADURI.LOCATION_KEYWORD (L_NO,KEYWORD_ID) values (23,1);
Insert into NADURI.LOCATION_KEYWORD (L_NO,KEYWORD_ID) values (23,24);
Insert into NADURI.LOCATION_KEYWORD (L_NO,KEYWORD_ID) values (23,28);
Insert into NADURI.LOCATION_KEYWORD (L_NO,KEYWORD_ID) values (24,1);
Insert into NADURI.LOCATION_KEYWORD (L_NO,KEYWORD_ID) values (24,24);
Insert into NADURI.LOCATION_KEYWORD (L_NO,KEYWORD_ID) values (24,28);
Insert into NADURI.LOCATION_KEYWORD (L_NO,KEYWORD_ID) values (25,1);
Insert into NADURI.LOCATION_KEYWORD (L_NO,KEYWORD_ID) values (25,20);
Insert into NADURI.LOCATION_KEYWORD (L_NO,KEYWORD_ID) values (25,27);
Insert into NADURI.LOCATION_KEYWORD (L_NO,KEYWORD_ID) values (26,1);
Insert into NADURI.LOCATION_KEYWORD (L_NO,KEYWORD_ID) values (26,22);
Insert into NADURI.LOCATION_KEYWORD (L_NO,KEYWORD_ID) values (26,26);
Insert into NADURI.LOCATION_KEYWORD (L_NO,KEYWORD_ID) values (27,1);
Insert into NADURI.LOCATION_KEYWORD (L_NO,KEYWORD_ID) values (27,20);
Insert into NADURI.LOCATION_KEYWORD (L_NO,KEYWORD_ID) values (27,27);
Insert into NADURI.LOCATION_KEYWORD (L_NO,KEYWORD_ID) values (28,1);
Insert into NADURI.LOCATION_KEYWORD (L_NO,KEYWORD_ID) values (28,22);
Insert into NADURI.LOCATION_KEYWORD (L_NO,KEYWORD_ID) values (28,26);
Insert into NADURI.LOCATION_KEYWORD (L_NO,KEYWORD_ID) values (29,1);
Insert into NADURI.LOCATION_KEYWORD (L_NO,KEYWORD_ID) values (29,20);
Insert into NADURI.LOCATION_KEYWORD (L_NO,KEYWORD_ID) values (29,28);
Insert into NADURI.LOCATION_KEYWORD (L_NO,KEYWORD_ID) values (30,1);
Insert into NADURI.LOCATION_KEYWORD (L_NO,KEYWORD_ID) values (30,20);
Insert into NADURI.LOCATION_KEYWORD (L_NO,KEYWORD_ID) values (30,27);
Insert into NADURI.LOCATION_KEYWORD (L_NO,KEYWORD_ID) values (31,1);
Insert into NADURI.LOCATION_KEYWORD (L_NO,KEYWORD_ID) values (31,20);
Insert into NADURI.LOCATION_KEYWORD (L_NO,KEYWORD_ID) values (31,24);
Insert into NADURI.LOCATION_KEYWORD (L_NO,KEYWORD_ID) values (32,1);
Insert into NADURI.LOCATION_KEYWORD (L_NO,KEYWORD_ID) values (32,20);
Insert into NADURI.LOCATION_KEYWORD (L_NO,KEYWORD_ID) values (32,26);
Insert into NADURI.LOCATION_KEYWORD (L_NO,KEYWORD_ID) values (33,1);
Insert into NADURI.LOCATION_KEYWORD (L_NO,KEYWORD_ID) values (33,27);
Insert into NADURI.LOCATION_KEYWORD (L_NO,KEYWORD_ID) values (33,28);
Insert into NADURI.LOCATION_KEYWORD (L_NO,KEYWORD_ID) values (34,1);
Insert into NADURI.LOCATION_KEYWORD (L_NO,KEYWORD_ID) values (34,20);
Insert into NADURI.LOCATION_KEYWORD (L_NO,KEYWORD_ID) values (34,26);
Insert into NADURI.LOCATION_KEYWORD (L_NO,KEYWORD_ID) values (35,1);
Insert into NADURI.LOCATION_KEYWORD (L_NO,KEYWORD_ID) values (35,20);
Insert into NADURI.LOCATION_KEYWORD (L_NO,KEYWORD_ID) values (35,22);
Insert into NADURI.LOCATION_KEYWORD (L_NO,KEYWORD_ID) values (36,1);
Insert into NADURI.LOCATION_KEYWORD (L_NO,KEYWORD_ID) values (36,24);
Insert into NADURI.LOCATION_KEYWORD (L_NO,KEYWORD_ID) values (36,27);
Insert into NADURI.LOCATION_KEYWORD (L_NO,KEYWORD_ID) values (37,1);
Insert into NADURI.LOCATION_KEYWORD (L_NO,KEYWORD_ID) values (37,22);
Insert into NADURI.LOCATION_KEYWORD (L_NO,KEYWORD_ID) values (37,26);
Insert into NADURI.LOCATION_KEYWORD (L_NO,KEYWORD_ID) values (38,1);
Insert into NADURI.LOCATION_KEYWORD (L_NO,KEYWORD_ID) values (38,27);
Insert into NADURI.LOCATION_KEYWORD (L_NO,KEYWORD_ID) values (38,28);
Insert into NADURI.LOCATION_KEYWORD (L_NO,KEYWORD_ID) values (39,1);
Insert into NADURI.LOCATION_KEYWORD (L_NO,KEYWORD_ID) values (39,20);
Insert into NADURI.LOCATION_KEYWORD (L_NO,KEYWORD_ID) values (39,27);
Insert into NADURI.LOCATION_KEYWORD (L_NO,KEYWORD_ID) values (40,1);
Insert into NADURI.LOCATION_KEYWORD (L_NO,KEYWORD_ID) values (40,22);
Insert into NADURI.LOCATION_KEYWORD (L_NO,KEYWORD_ID) values (40,26);
Insert into NADURI.LOCATION_KEYWORD (L_NO,KEYWORD_ID) values (41,1);
Insert into NADURI.LOCATION_KEYWORD (L_NO,KEYWORD_ID) values (41,27);
Insert into NADURI.LOCATION_KEYWORD (L_NO,KEYWORD_ID) values (41,28);
Insert into NADURI.LOCATION_KEYWORD (L_NO,KEYWORD_ID) values (42,1);
Insert into NADURI.LOCATION_KEYWORD (L_NO,KEYWORD_ID) values (42,27);
Insert into NADURI.LOCATION_KEYWORD (L_NO,KEYWORD_ID) values (42,28);
Insert into NADURI.LOCATION_KEYWORD (L_NO,KEYWORD_ID) values (43,1);
Insert into NADURI.LOCATION_KEYWORD (L_NO,KEYWORD_ID) values (43,27);
Insert into NADURI.LOCATION_KEYWORD (L_NO,KEYWORD_ID) values (43,28);
Insert into NADURI.LOCATION_KEYWORD (L_NO,KEYWORD_ID) values (44,1);
Insert into NADURI.LOCATION_KEYWORD (L_NO,KEYWORD_ID) values (44,20);
Insert into NADURI.LOCATION_KEYWORD (L_NO,KEYWORD_ID) values (44,27);
Insert into NADURI.LOCATION_KEYWORD (L_NO,KEYWORD_ID) values (45,1);
Insert into NADURI.LOCATION_KEYWORD (L_NO,KEYWORD_ID) values (45,20);
Insert into NADURI.LOCATION_KEYWORD (L_NO,KEYWORD_ID) values (45,26);
Insert into NADURI.LOCATION_KEYWORD (L_NO,KEYWORD_ID) values (46,1);
Insert into NADURI.LOCATION_KEYWORD (L_NO,KEYWORD_ID) values (46,27);
Insert into NADURI.LOCATION_KEYWORD (L_NO,KEYWORD_ID) values (46,28);
Insert into NADURI.LOCATION_KEYWORD (L_NO,KEYWORD_ID) values (47,1);
Insert into NADURI.LOCATION_KEYWORD (L_NO,KEYWORD_ID) values (47,20);
Insert into NADURI.LOCATION_KEYWORD (L_NO,KEYWORD_ID) values (47,25);
Insert into NADURI.LOCATION_KEYWORD (L_NO,KEYWORD_ID) values (48,1);
Insert into NADURI.LOCATION_KEYWORD (L_NO,KEYWORD_ID) values (48,20);
Insert into NADURI.LOCATION_KEYWORD (L_NO,KEYWORD_ID) values (48,27);
Insert into NADURI.LOCATION_KEYWORD (L_NO,KEYWORD_ID) values (49,1);
Insert into NADURI.LOCATION_KEYWORD (L_NO,KEYWORD_ID) values (49,27);
Insert into NADURI.LOCATION_KEYWORD (L_NO,KEYWORD_ID) values (49,28);
Insert into NADURI.LOCATION_KEYWORD (L_NO,KEYWORD_ID) values (50,1);
Insert into NADURI.LOCATION_KEYWORD (L_NO,KEYWORD_ID) values (50,24);
Insert into NADURI.LOCATION_KEYWORD (L_NO,KEYWORD_ID) values (50,27);
Insert into NADURI.LOCATION_KEYWORD (L_NO,KEYWORD_ID) values (51,1);
Insert into NADURI.LOCATION_KEYWORD (L_NO,KEYWORD_ID) values (51,27);
Insert into NADURI.LOCATION_KEYWORD (L_NO,KEYWORD_ID) values (51,28);
Insert into NADURI.LOCATION_KEYWORD (L_NO,KEYWORD_ID) values (52,1);
Insert into NADURI.LOCATION_KEYWORD (L_NO,KEYWORD_ID) values (52,25);
Insert into NADURI.LOCATION_KEYWORD (L_NO,KEYWORD_ID) values (52,27);
Insert into NADURI.LOCATION_KEYWORD (L_NO,KEYWORD_ID) values (53,1);
Insert into NADURI.LOCATION_KEYWORD (L_NO,KEYWORD_ID) values (53,23);
Insert into NADURI.LOCATION_KEYWORD (L_NO,KEYWORD_ID) values (53,24);
Insert into NADURI.LOCATION_KEYWORD (L_NO,KEYWORD_ID) values (54,1);
Insert into NADURI.LOCATION_KEYWORD (L_NO,KEYWORD_ID) values (54,27);
Insert into NADURI.LOCATION_KEYWORD (L_NO,KEYWORD_ID) values (54,28);
Insert into NADURI.LOCATION_KEYWORD (L_NO,KEYWORD_ID) values (55,1);
Insert into NADURI.LOCATION_KEYWORD (L_NO,KEYWORD_ID) values (55,27);
Insert into NADURI.LOCATION_KEYWORD (L_NO,KEYWORD_ID) values (55,28);
Insert into NADURI.LOCATION_KEYWORD (L_NO,KEYWORD_ID) values (56,1);
Insert into NADURI.LOCATION_KEYWORD (L_NO,KEYWORD_ID) values (56,27);
Insert into NADURI.LOCATION_KEYWORD (L_NO,KEYWORD_ID) values (56,28);
Insert into NADURI.LOCATION_KEYWORD (L_NO,KEYWORD_ID) values (57,1);
Insert into NADURI.LOCATION_KEYWORD (L_NO,KEYWORD_ID) values (57,27);
Insert into NADURI.LOCATION_KEYWORD (L_NO,KEYWORD_ID) values (57,28);
Insert into NADURI.LOCATION_KEYWORD (L_NO,KEYWORD_ID) values (58,1);
Insert into NADURI.LOCATION_KEYWORD (L_NO,KEYWORD_ID) values (58,27);
Insert into NADURI.LOCATION_KEYWORD (L_NO,KEYWORD_ID) values (58,28);
Insert into NADURI.LOCATION_KEYWORD (L_NO,KEYWORD_ID) values (59,1);
Insert into NADURI.LOCATION_KEYWORD (L_NO,KEYWORD_ID) values (59,23);
Insert into NADURI.LOCATION_KEYWORD (L_NO,KEYWORD_ID) values (59,27);
Insert into NADURI.LOCATION_KEYWORD (L_NO,KEYWORD_ID) values (60,1);
Insert into NADURI.LOCATION_KEYWORD (L_NO,KEYWORD_ID) values (60,20);
Insert into NADURI.LOCATION_KEYWORD (L_NO,KEYWORD_ID) values (60,25);
Insert into NADURI.LOCATION_KEYWORD (L_NO,KEYWORD_ID) values (61,1);
Insert into NADURI.LOCATION_KEYWORD (L_NO,KEYWORD_ID) values (61,23);
Insert into NADURI.LOCATION_KEYWORD (L_NO,KEYWORD_ID) values (61,27);
Insert into NADURI.LOCATION_KEYWORD (L_NO,KEYWORD_ID) values (62,1);
Insert into NADURI.LOCATION_KEYWORD (L_NO,KEYWORD_ID) values (62,21);
Insert into NADURI.LOCATION_KEYWORD (L_NO,KEYWORD_ID) values (62,27);
Insert into NADURI.LOCATION_KEYWORD (L_NO,KEYWORD_ID) values (63,1);
Insert into NADURI.LOCATION_KEYWORD (L_NO,KEYWORD_ID) values (63,20);
Insert into NADURI.LOCATION_KEYWORD (L_NO,KEYWORD_ID) values (63,26);
Insert into NADURI.LOCATION_KEYWORD (L_NO,KEYWORD_ID) values (64,1);
Insert into NADURI.LOCATION_KEYWORD (L_NO,KEYWORD_ID) values (64,20);
Insert into NADURI.LOCATION_KEYWORD (L_NO,KEYWORD_ID) values (64,25);
Insert into NADURI.LOCATION_KEYWORD (L_NO,KEYWORD_ID) values (65,1);
Insert into NADURI.LOCATION_KEYWORD (L_NO,KEYWORD_ID) values (65,23);
Insert into NADURI.LOCATION_KEYWORD (L_NO,KEYWORD_ID) values (65,27);
Insert into NADURI.LOCATION_KEYWORD (L_NO,KEYWORD_ID) values (66,1);
Insert into NADURI.LOCATION_KEYWORD (L_NO,KEYWORD_ID) values (66,22);
Insert into NADURI.LOCATION_KEYWORD (L_NO,KEYWORD_ID) values (66,23);
Insert into NADURI.LOCATION_KEYWORD (L_NO,KEYWORD_ID) values (67,5);
Insert into NADURI.LOCATION_KEYWORD (L_NO,KEYWORD_ID) values (67,43);
Insert into NADURI.LOCATION_KEYWORD (L_NO,KEYWORD_ID) values (67,45);
Insert into NADURI.LOCATION_KEYWORD (L_NO,KEYWORD_ID) values (68,5);
Insert into NADURI.LOCATION_KEYWORD (L_NO,KEYWORD_ID) values (68,42);
Insert into NADURI.LOCATION_KEYWORD (L_NO,KEYWORD_ID) values (68,45);
Insert into NADURI.LOCATION_KEYWORD (L_NO,KEYWORD_ID) values (69,5);
Insert into NADURI.LOCATION_KEYWORD (L_NO,KEYWORD_ID) values (69,42);
Insert into NADURI.LOCATION_KEYWORD (L_NO,KEYWORD_ID) values (69,45);
Insert into NADURI.LOCATION_KEYWORD (L_NO,KEYWORD_ID) values (70,5);
Insert into NADURI.LOCATION_KEYWORD (L_NO,KEYWORD_ID) values (70,44);
Insert into NADURI.LOCATION_KEYWORD (L_NO,KEYWORD_ID) values (70,45);
Insert into NADURI.LOCATION_KEYWORD (L_NO,KEYWORD_ID) values (501,9);
Insert into NADURI.LOCATION_KEYWORD (L_NO,KEYWORD_ID) values (501,24);
Insert into NADURI.LOCATION_KEYWORD (L_NO,KEYWORD_ID) values (501,26);
Insert into NADURI.LOCATION_KEYWORD (L_NO,KEYWORD_ID) values (502,39);
Insert into NADURI.LOCATION_KEYWORD (L_NO,KEYWORD_ID) values (502,12);
Insert into NADURI.LOCATION_KEYWORD (L_NO,KEYWORD_ID) values (502,16);
Insert into NADURI.LOCATION_KEYWORD (L_NO,KEYWORD_ID) values (503,45);
Insert into NADURI.LOCATION_KEYWORD (L_NO,KEYWORD_ID) values (503,36);
Insert into NADURI.LOCATION_KEYWORD (L_NO,KEYWORD_ID) values (503,31);
Insert into NADURI.LOCATION_KEYWORD (L_NO,KEYWORD_ID) values (504,20);
Insert into NADURI.LOCATION_KEYWORD (L_NO,KEYWORD_ID) values (504,18);
Insert into NADURI.LOCATION_KEYWORD (L_NO,KEYWORD_ID) values (504,36);
Insert into NADURI.LOCATION_KEYWORD (L_NO,KEYWORD_ID) values (505,23);
Insert into NADURI.LOCATION_KEYWORD (L_NO,KEYWORD_ID) values (505,46);
Insert into NADURI.LOCATION_KEYWORD (L_NO,KEYWORD_ID) values (505,48);
Insert into NADURI.LOCATION_KEYWORD (L_NO,KEYWORD_ID) values (506,28);
Insert into NADURI.LOCATION_KEYWORD (L_NO,KEYWORD_ID) values (506,43);
Insert into NADURI.LOCATION_KEYWORD (L_NO,KEYWORD_ID) values (506,37);
Insert into NADURI.LOCATION_KEYWORD (L_NO,KEYWORD_ID) values (507,5);
Insert into NADURI.LOCATION_KEYWORD (L_NO,KEYWORD_ID) values (507,7);
Insert into NADURI.LOCATION_KEYWORD (L_NO,KEYWORD_ID) values (507,45);
Insert into NADURI.LOCATION_KEYWORD (L_NO,KEYWORD_ID) values (508,47);
Insert into NADURI.LOCATION_KEYWORD (L_NO,KEYWORD_ID) values (508,29);
Insert into NADURI.LOCATION_KEYWORD (L_NO,KEYWORD_ID) values (508,20);
Insert into NADURI.LOCATION_KEYWORD (L_NO,KEYWORD_ID) values (509,20);
Insert into NADURI.LOCATION_KEYWORD (L_NO,KEYWORD_ID) values (509,26);
Insert into NADURI.LOCATION_KEYWORD (L_NO,KEYWORD_ID) values (509,27);
Insert into NADURI.LOCATION_KEYWORD (L_NO,KEYWORD_ID) values (510,4);
Insert into NADURI.LOCATION_KEYWORD (L_NO,KEYWORD_ID) values (510,37);
Insert into NADURI.LOCATION_KEYWORD (L_NO,KEYWORD_ID) values (510,29);
Insert into NADURI.LOCATION_KEYWORD (L_NO,KEYWORD_ID) values (511,46);
Insert into NADURI.LOCATION_KEYWORD (L_NO,KEYWORD_ID) values (511,16);
Insert into NADURI.LOCATION_KEYWORD (L_NO,KEYWORD_ID) values (511,13);
Insert into NADURI.LOCATION_KEYWORD (L_NO,KEYWORD_ID) values (512,20);
Insert into NADURI.LOCATION_KEYWORD (L_NO,KEYWORD_ID) values (512,3);
Insert into NADURI.LOCATION_KEYWORD (L_NO,KEYWORD_ID) values (512,26);
Insert into NADURI.LOCATION_KEYWORD (L_NO,KEYWORD_ID) values (513,26);
Insert into NADURI.LOCATION_KEYWORD (L_NO,KEYWORD_ID) values (513,44);
Insert into NADURI.LOCATION_KEYWORD (L_NO,KEYWORD_ID) values (513,8);
Insert into NADURI.LOCATION_KEYWORD (L_NO,KEYWORD_ID) values (514,36);
Insert into NADURI.LOCATION_KEYWORD (L_NO,KEYWORD_ID) values (514,37);
Insert into NADURI.LOCATION_KEYWORD (L_NO,KEYWORD_ID) values (514,21);
Insert into NADURI.LOCATION_KEYWORD (L_NO,KEYWORD_ID) values (515,26);
Insert into NADURI.LOCATION_KEYWORD (L_NO,KEYWORD_ID) values (515,9);
Insert into NADURI.LOCATION_KEYWORD (L_NO,KEYWORD_ID) values (515,6);
Insert into NADURI.LOCATION_KEYWORD (L_NO,KEYWORD_ID) values (516,7);
Insert into NADURI.LOCATION_KEYWORD (L_NO,KEYWORD_ID) values (516,13);
Insert into NADURI.LOCATION_KEYWORD (L_NO,KEYWORD_ID) values (516,19);
Insert into NADURI.LOCATION_KEYWORD (L_NO,KEYWORD_ID) values (517,6);
Insert into NADURI.LOCATION_KEYWORD (L_NO,KEYWORD_ID) values (517,26);
Insert into NADURI.LOCATION_KEYWORD (L_NO,KEYWORD_ID) values (517,30);
Insert into NADURI.LOCATION_KEYWORD (L_NO,KEYWORD_ID) values (518,44);
Insert into NADURI.LOCATION_KEYWORD (L_NO,KEYWORD_ID) values (518,42);
Insert into NADURI.LOCATION_KEYWORD (L_NO,KEYWORD_ID) values (518,31);
Insert into NADURI.LOCATION_KEYWORD (L_NO,KEYWORD_ID) values (519,7);
Insert into NADURI.LOCATION_KEYWORD (L_NO,KEYWORD_ID) values (519,26);
Insert into NADURI.LOCATION_KEYWORD (L_NO,KEYWORD_ID) values (519,11);
Insert into NADURI.LOCATION_KEYWORD (L_NO,KEYWORD_ID) values (520,16);
Insert into NADURI.LOCATION_KEYWORD (L_NO,KEYWORD_ID) values (520,22);
Insert into NADURI.LOCATION_KEYWORD (L_NO,KEYWORD_ID) values (520,10);
Insert into NADURI.LOCATION_KEYWORD (L_NO,KEYWORD_ID) values (521,28);
Insert into NADURI.LOCATION_KEYWORD (L_NO,KEYWORD_ID) values (521,33);
Insert into NADURI.LOCATION_KEYWORD (L_NO,KEYWORD_ID) values (521,28);
Insert into NADURI.LOCATION_KEYWORD (L_NO,KEYWORD_ID) values (522,21);
Insert into NADURI.LOCATION_KEYWORD (L_NO,KEYWORD_ID) values (522,10);
Insert into NADURI.LOCATION_KEYWORD (L_NO,KEYWORD_ID) values (522,28);
Insert into NADURI.LOCATION_KEYWORD (L_NO,KEYWORD_ID) values (523,30);
Insert into NADURI.LOCATION_KEYWORD (L_NO,KEYWORD_ID) values (523,23);
Insert into NADURI.LOCATION_KEYWORD (L_NO,KEYWORD_ID) values (523,39);
Insert into NADURI.LOCATION_KEYWORD (L_NO,KEYWORD_ID) values (524,32);
Insert into NADURI.LOCATION_KEYWORD (L_NO,KEYWORD_ID) values (524,44);
Insert into NADURI.LOCATION_KEYWORD (L_NO,KEYWORD_ID) values (524,37);
Insert into NADURI.LOCATION_KEYWORD (L_NO,KEYWORD_ID) values (525,9);
Insert into NADURI.LOCATION_KEYWORD (L_NO,KEYWORD_ID) values (525,40);
Insert into NADURI.LOCATION_KEYWORD (L_NO,KEYWORD_ID) values (525,24);
Insert into NADURI.LOCATION_KEYWORD (L_NO,KEYWORD_ID) values (526,22);
Insert into NADURI.LOCATION_KEYWORD (L_NO,KEYWORD_ID) values (526,41);
Insert into NADURI.LOCATION_KEYWORD (L_NO,KEYWORD_ID) values (526,27);
Insert into NADURI.LOCATION_KEYWORD (L_NO,KEYWORD_ID) values (527,23);
Insert into NADURI.LOCATION_KEYWORD (L_NO,KEYWORD_ID) values (527,26);
Insert into NADURI.LOCATION_KEYWORD (L_NO,KEYWORD_ID) values (527,34);
Insert into NADURI.LOCATION_KEYWORD (L_NO,KEYWORD_ID) values (528,45);
Insert into NADURI.LOCATION_KEYWORD (L_NO,KEYWORD_ID) values (528,23);
Insert into NADURI.LOCATION_KEYWORD (L_NO,KEYWORD_ID) values (528,46);
Insert into NADURI.LOCATION_KEYWORD (L_NO,KEYWORD_ID) values (529,4);
Insert into NADURI.LOCATION_KEYWORD (L_NO,KEYWORD_ID) values (529,7);
Insert into NADURI.LOCATION_KEYWORD (L_NO,KEYWORD_ID) values (529,24);
Insert into NADURI.LOCATION_KEYWORD (L_NO,KEYWORD_ID) values (530,27);
Insert into NADURI.LOCATION_KEYWORD (L_NO,KEYWORD_ID) values (530,16);
Insert into NADURI.LOCATION_KEYWORD (L_NO,KEYWORD_ID) values (530,21);
Insert into NADURI.LOCATION_KEYWORD (L_NO,KEYWORD_ID) values (531,29);
Insert into NADURI.LOCATION_KEYWORD (L_NO,KEYWORD_ID) values (531,21);
Insert into NADURI.LOCATION_KEYWORD (L_NO,KEYWORD_ID) values (531,16);
Insert into NADURI.LOCATION_KEYWORD (L_NO,KEYWORD_ID) values (532,27);
Insert into NADURI.LOCATION_KEYWORD (L_NO,KEYWORD_ID) values (532,41);
Insert into NADURI.LOCATION_KEYWORD (L_NO,KEYWORD_ID) values (532,27);
Insert into NADURI.LOCATION_KEYWORD (L_NO,KEYWORD_ID) values (533,11);
Insert into NADURI.LOCATION_KEYWORD (L_NO,KEYWORD_ID) values (533,41);
Insert into NADURI.LOCATION_KEYWORD (L_NO,KEYWORD_ID) values (533,46);
Insert into NADURI.LOCATION_KEYWORD (L_NO,KEYWORD_ID) values (534,30);
Insert into NADURI.LOCATION_KEYWORD (L_NO,KEYWORD_ID) values (534,30);
Insert into NADURI.LOCATION_KEYWORD (L_NO,KEYWORD_ID) values (534,40);
Insert into NADURI.LOCATION_KEYWORD (L_NO,KEYWORD_ID) values (535,43);
Insert into NADURI.LOCATION_KEYWORD (L_NO,KEYWORD_ID) values (535,2);
Insert into NADURI.LOCATION_KEYWORD (L_NO,KEYWORD_ID) values (535,45);
Insert into NADURI.LOCATION_KEYWORD (L_NO,KEYWORD_ID) values (536,10);
Insert into NADURI.LOCATION_KEYWORD (L_NO,KEYWORD_ID) values (536,46);
Insert into NADURI.LOCATION_KEYWORD (L_NO,KEYWORD_ID) values (536,17);
Insert into NADURI.LOCATION_KEYWORD (L_NO,KEYWORD_ID) values (537,19);
Insert into NADURI.LOCATION_KEYWORD (L_NO,KEYWORD_ID) values (537,26);
Insert into NADURI.LOCATION_KEYWORD (L_NO,KEYWORD_ID) values (537,5);
Insert into NADURI.LOCATION_KEYWORD (L_NO,KEYWORD_ID) values (538,3);
Insert into NADURI.LOCATION_KEYWORD (L_NO,KEYWORD_ID) values (538,24);
Insert into NADURI.LOCATION_KEYWORD (L_NO,KEYWORD_ID) values (538,26);
Insert into NADURI.LOCATION_KEYWORD (L_NO,KEYWORD_ID) values (539,12);
Insert into NADURI.LOCATION_KEYWORD (L_NO,KEYWORD_ID) values (539,24);
Insert into NADURI.LOCATION_KEYWORD (L_NO,KEYWORD_ID) values (539,22);
Insert into NADURI.LOCATION_KEYWORD (L_NO,KEYWORD_ID) values (540,32);
Insert into NADURI.LOCATION_KEYWORD (L_NO,KEYWORD_ID) values (540,17);
Insert into NADURI.LOCATION_KEYWORD (L_NO,KEYWORD_ID) values (540,41);
Insert into NADURI.LOCATION_KEYWORD (L_NO,KEYWORD_ID) values (541,36);
Insert into NADURI.LOCATION_KEYWORD (L_NO,KEYWORD_ID) values (541,29);
Insert into NADURI.LOCATION_KEYWORD (L_NO,KEYWORD_ID) values (541,43);
Insert into NADURI.LOCATION_KEYWORD (L_NO,KEYWORD_ID) values (542,19);
Insert into NADURI.LOCATION_KEYWORD (L_NO,KEYWORD_ID) values (542,19);
Insert into NADURI.LOCATION_KEYWORD (L_NO,KEYWORD_ID) values (542,8);
Insert into NADURI.LOCATION_KEYWORD (L_NO,KEYWORD_ID) values (543,34);
Insert into NADURI.LOCATION_KEYWORD (L_NO,KEYWORD_ID) values (543,31);
Insert into NADURI.LOCATION_KEYWORD (L_NO,KEYWORD_ID) values (543,27);
Insert into NADURI.LOCATION_KEYWORD (L_NO,KEYWORD_ID) values (544,7);
Insert into NADURI.LOCATION_KEYWORD (L_NO,KEYWORD_ID) values (544,36);
Insert into NADURI.LOCATION_KEYWORD (L_NO,KEYWORD_ID) values (544,47);
Insert into NADURI.LOCATION_KEYWORD (L_NO,KEYWORD_ID) values (545,27);
Insert into NADURI.LOCATION_KEYWORD (L_NO,KEYWORD_ID) values (545,19);
Insert into NADURI.LOCATION_KEYWORD (L_NO,KEYWORD_ID) values (545,33);
Insert into NADURI.LOCATION_KEYWORD (L_NO,KEYWORD_ID) values (546,18);
Insert into NADURI.LOCATION_KEYWORD (L_NO,KEYWORD_ID) values (546,5);
Insert into NADURI.LOCATION_KEYWORD (L_NO,KEYWORD_ID) values (546,11);
Insert into NADURI.LOCATION_KEYWORD (L_NO,KEYWORD_ID) values (547,38);
Insert into NADURI.LOCATION_KEYWORD (L_NO,KEYWORD_ID) values (547,43);
Insert into NADURI.LOCATION_KEYWORD (L_NO,KEYWORD_ID) values (547,46);
Insert into NADURI.LOCATION_KEYWORD (L_NO,KEYWORD_ID) values (548,8);
Insert into NADURI.LOCATION_KEYWORD (L_NO,KEYWORD_ID) values (548,42);
Insert into NADURI.LOCATION_KEYWORD (L_NO,KEYWORD_ID) values (548,24);
Insert into NADURI.LOCATION_KEYWORD (L_NO,KEYWORD_ID) values (549,5);
Insert into NADURI.LOCATION_KEYWORD (L_NO,KEYWORD_ID) values (549,46);
Insert into NADURI.LOCATION_KEYWORD (L_NO,KEYWORD_ID) values (549,10);
Insert into NADURI.LOCATION_KEYWORD (L_NO,KEYWORD_ID) values (550,43);
Insert into NADURI.LOCATION_KEYWORD (L_NO,KEYWORD_ID) values (550,18);
Insert into NADURI.LOCATION_KEYWORD (L_NO,KEYWORD_ID) values (550,7);
Insert into NADURI.LOCATION_KEYWORD (L_NO,KEYWORD_ID) values (551,24);
Insert into NADURI.LOCATION_KEYWORD (L_NO,KEYWORD_ID) values (551,21);
Insert into NADURI.LOCATION_KEYWORD (L_NO,KEYWORD_ID) values (551,31);
Insert into NADURI.LOCATION_KEYWORD (L_NO,KEYWORD_ID) values (552,35);
Insert into NADURI.LOCATION_KEYWORD (L_NO,KEYWORD_ID) values (552,46);
Insert into NADURI.LOCATION_KEYWORD (L_NO,KEYWORD_ID) values (552,3);
Insert into NADURI.LOCATION_KEYWORD (L_NO,KEYWORD_ID) values (553,5);
Insert into NADURI.LOCATION_KEYWORD (L_NO,KEYWORD_ID) values (553,42);
Insert into NADURI.LOCATION_KEYWORD (L_NO,KEYWORD_ID) values (553,31);
Insert into NADURI.LOCATION_KEYWORD (L_NO,KEYWORD_ID) values (554,9);
Insert into NADURI.LOCATION_KEYWORD (L_NO,KEYWORD_ID) values (554,44);
Insert into NADURI.LOCATION_KEYWORD (L_NO,KEYWORD_ID) values (554,19);
Insert into NADURI.LOCATION_KEYWORD (L_NO,KEYWORD_ID) values (555,11);
Insert into NADURI.LOCATION_KEYWORD (L_NO,KEYWORD_ID) values (555,28);
Insert into NADURI.LOCATION_KEYWORD (L_NO,KEYWORD_ID) values (555,2);
Insert into NADURI.LOCATION_KEYWORD (L_NO,KEYWORD_ID) values (556,32);
Insert into NADURI.LOCATION_KEYWORD (L_NO,KEYWORD_ID) values (556,22);
Insert into NADURI.LOCATION_KEYWORD (L_NO,KEYWORD_ID) values (556,31);
Insert into NADURI.LOCATION_KEYWORD (L_NO,KEYWORD_ID) values (557,26);
Insert into NADURI.LOCATION_KEYWORD (L_NO,KEYWORD_ID) values (557,21);
Insert into NADURI.LOCATION_KEYWORD (L_NO,KEYWORD_ID) values (557,30);
Insert into NADURI.LOCATION_KEYWORD (L_NO,KEYWORD_ID) values (558,41);
Insert into NADURI.LOCATION_KEYWORD (L_NO,KEYWORD_ID) values (558,43);
Insert into NADURI.LOCATION_KEYWORD (L_NO,KEYWORD_ID) values (558,6);
Insert into NADURI.LOCATION_KEYWORD (L_NO,KEYWORD_ID) values (559,26);
Insert into NADURI.LOCATION_KEYWORD (L_NO,KEYWORD_ID) values (559,22);
Insert into NADURI.LOCATION_KEYWORD (L_NO,KEYWORD_ID) values (559,43);
Insert into NADURI.LOCATION_KEYWORD (L_NO,KEYWORD_ID) values (560,33);
Insert into NADURI.LOCATION_KEYWORD (L_NO,KEYWORD_ID) values (560,5);
Insert into NADURI.LOCATION_KEYWORD (L_NO,KEYWORD_ID) values (560,31);
Insert into NADURI.LOCATION_KEYWORD (L_NO,KEYWORD_ID) values (561,2);
Insert into NADURI.LOCATION_KEYWORD (L_NO,KEYWORD_ID) values (561,21);
Insert into NADURI.LOCATION_KEYWORD (L_NO,KEYWORD_ID) values (561,21);
Insert into NADURI.LOCATION_KEYWORD (L_NO,KEYWORD_ID) values (562,9);
Insert into NADURI.LOCATION_KEYWORD (L_NO,KEYWORD_ID) values (562,47);
Insert into NADURI.LOCATION_KEYWORD (L_NO,KEYWORD_ID) values (562,48);
Insert into NADURI.LOCATION_KEYWORD (L_NO,KEYWORD_ID) values (563,21);
Insert into NADURI.LOCATION_KEYWORD (L_NO,KEYWORD_ID) values (563,5);
Insert into NADURI.LOCATION_KEYWORD (L_NO,KEYWORD_ID) values (563,31);
Insert into NADURI.LOCATION_KEYWORD (L_NO,KEYWORD_ID) values (564,17);
Insert into NADURI.LOCATION_KEYWORD (L_NO,KEYWORD_ID) values (564,7);
Insert into NADURI.LOCATION_KEYWORD (L_NO,KEYWORD_ID) values (564,12);
Insert into NADURI.LOCATION_KEYWORD (L_NO,KEYWORD_ID) values (565,23);
Insert into NADURI.LOCATION_KEYWORD (L_NO,KEYWORD_ID) values (565,19);
Insert into NADURI.LOCATION_KEYWORD (L_NO,KEYWORD_ID) values (565,23);
Insert into NADURI.LOCATION_KEYWORD (L_NO,KEYWORD_ID) values (566,15);
Insert into NADURI.LOCATION_KEYWORD (L_NO,KEYWORD_ID) values (566,30);
Insert into NADURI.LOCATION_KEYWORD (L_NO,KEYWORD_ID) values (566,16);
Insert into NADURI.LOCATION_KEYWORD (L_NO,KEYWORD_ID) values (567,16);
Insert into NADURI.LOCATION_KEYWORD (L_NO,KEYWORD_ID) values (567,28);
Insert into NADURI.LOCATION_KEYWORD (L_NO,KEYWORD_ID) values (567,18);
Insert into NADURI.LOCATION_KEYWORD (L_NO,KEYWORD_ID) values (568,15);
Insert into NADURI.LOCATION_KEYWORD (L_NO,KEYWORD_ID) values (568,23);
Insert into NADURI.LOCATION_KEYWORD (L_NO,KEYWORD_ID) values (568,46);
Insert into NADURI.LOCATION_KEYWORD (L_NO,KEYWORD_ID) values (569,10);
Insert into NADURI.LOCATION_KEYWORD (L_NO,KEYWORD_ID) values (569,42);
Insert into NADURI.LOCATION_KEYWORD (L_NO,KEYWORD_ID) values (569,29);
Insert into NADURI.LOCATION_KEYWORD (L_NO,KEYWORD_ID) values (570,47);
Insert into NADURI.LOCATION_KEYWORD (L_NO,KEYWORD_ID) values (570,47);
Insert into NADURI.LOCATION_KEYWORD (L_NO,KEYWORD_ID) values (570,44);
Insert into NADURI.LOCATION_KEYWORD (L_NO,KEYWORD_ID) values (571,29);
Insert into NADURI.LOCATION_KEYWORD (L_NO,KEYWORD_ID) values (571,29);
Insert into NADURI.LOCATION_KEYWORD (L_NO,KEYWORD_ID) values (571,10);
Insert into NADURI.LOCATION_KEYWORD (L_NO,KEYWORD_ID) values (572,37);
Insert into NADURI.LOCATION_KEYWORD (L_NO,KEYWORD_ID) values (572,16);
Insert into NADURI.LOCATION_KEYWORD (L_NO,KEYWORD_ID) values (572,19);
Insert into NADURI.LOCATION_KEYWORD (L_NO,KEYWORD_ID) values (573,26);
Insert into NADURI.LOCATION_KEYWORD (L_NO,KEYWORD_ID) values (573,45);
Insert into NADURI.LOCATION_KEYWORD (L_NO,KEYWORD_ID) values (573,15);
Insert into NADURI.LOCATION_KEYWORD (L_NO,KEYWORD_ID) values (574,36);
Insert into NADURI.LOCATION_KEYWORD (L_NO,KEYWORD_ID) values (574,28);
Insert into NADURI.LOCATION_KEYWORD (L_NO,KEYWORD_ID) values (574,4);
Insert into NADURI.LOCATION_KEYWORD (L_NO,KEYWORD_ID) values (575,10);
Insert into NADURI.LOCATION_KEYWORD (L_NO,KEYWORD_ID) values (575,29);
Insert into NADURI.LOCATION_KEYWORD (L_NO,KEYWORD_ID) values (575,47);
Insert into NADURI.LOCATION_KEYWORD (L_NO,KEYWORD_ID) values (576,29);
Insert into NADURI.LOCATION_KEYWORD (L_NO,KEYWORD_ID) values (576,38);
Insert into NADURI.LOCATION_KEYWORD (L_NO,KEYWORD_ID) values (576,22);
Insert into NADURI.LOCATION_KEYWORD (L_NO,KEYWORD_ID) values (577,37);
Insert into NADURI.LOCATION_KEYWORD (L_NO,KEYWORD_ID) values (577,40);
Insert into NADURI.LOCATION_KEYWORD (L_NO,KEYWORD_ID) values (577,7);
Insert into NADURI.LOCATION_KEYWORD (L_NO,KEYWORD_ID) values (578,30);
Insert into NADURI.LOCATION_KEYWORD (L_NO,KEYWORD_ID) values (578,10);
Insert into NADURI.LOCATION_KEYWORD (L_NO,KEYWORD_ID) values (578,16);
Insert into NADURI.LOCATION_KEYWORD (L_NO,KEYWORD_ID) values (579,17);
Insert into NADURI.LOCATION_KEYWORD (L_NO,KEYWORD_ID) values (579,37);
Insert into NADURI.LOCATION_KEYWORD (L_NO,KEYWORD_ID) values (579,11);
Insert into NADURI.LOCATION_KEYWORD (L_NO,KEYWORD_ID) values (580,20);
Insert into NADURI.LOCATION_KEYWORD (L_NO,KEYWORD_ID) values (580,32);
Insert into NADURI.LOCATION_KEYWORD (L_NO,KEYWORD_ID) values (580,31);
Insert into NADURI.LOCATION_KEYWORD (L_NO,KEYWORD_ID) values (581,43);
Insert into NADURI.LOCATION_KEYWORD (L_NO,KEYWORD_ID) values (581,13);
Insert into NADURI.LOCATION_KEYWORD (L_NO,KEYWORD_ID) values (581,11);
Insert into NADURI.LOCATION_KEYWORD (L_NO,KEYWORD_ID) values (582,46);
Insert into NADURI.LOCATION_KEYWORD (L_NO,KEYWORD_ID) values (582,27);
Insert into NADURI.LOCATION_KEYWORD (L_NO,KEYWORD_ID) values (582,23);
Insert into NADURI.LOCATION_KEYWORD (L_NO,KEYWORD_ID) values (583,15);
Insert into NADURI.LOCATION_KEYWORD (L_NO,KEYWORD_ID) values (583,33);
Insert into NADURI.LOCATION_KEYWORD (L_NO,KEYWORD_ID) values (583,43);
Insert into NADURI.LOCATION_KEYWORD (L_NO,KEYWORD_ID) values (584,42);
Insert into NADURI.LOCATION_KEYWORD (L_NO,KEYWORD_ID) values (584,48);
Insert into NADURI.LOCATION_KEYWORD (L_NO,KEYWORD_ID) values (584,13);
Insert into NADURI.LOCATION_KEYWORD (L_NO,KEYWORD_ID) values (585,26);
Insert into NADURI.LOCATION_KEYWORD (L_NO,KEYWORD_ID) values (585,2);
Insert into NADURI.LOCATION_KEYWORD (L_NO,KEYWORD_ID) values (585,37);
Insert into NADURI.LOCATION_KEYWORD (L_NO,KEYWORD_ID) values (586,44);
Insert into NADURI.LOCATION_KEYWORD (L_NO,KEYWORD_ID) values (586,45);
Insert into NADURI.LOCATION_KEYWORD (L_NO,KEYWORD_ID) values (586,8);
Insert into NADURI.LOCATION_KEYWORD (L_NO,KEYWORD_ID) values (587,16);
Insert into NADURI.LOCATION_KEYWORD (L_NO,KEYWORD_ID) values (587,44);
Insert into NADURI.LOCATION_KEYWORD (L_NO,KEYWORD_ID) values (587,19);
Insert into NADURI.LOCATION_KEYWORD (L_NO,KEYWORD_ID) values (588,27);
Insert into NADURI.LOCATION_KEYWORD (L_NO,KEYWORD_ID) values (588,31);
Insert into NADURI.LOCATION_KEYWORD (L_NO,KEYWORD_ID) values (588,31);
Insert into NADURI.LOCATION_KEYWORD (L_NO,KEYWORD_ID) values (589,45);
Insert into NADURI.LOCATION_KEYWORD (L_NO,KEYWORD_ID) values (589,28);
Insert into NADURI.LOCATION_KEYWORD (L_NO,KEYWORD_ID) values (589,46);
Insert into NADURI.LOCATION_KEYWORD (L_NO,KEYWORD_ID) values (590,42);
Insert into NADURI.LOCATION_KEYWORD (L_NO,KEYWORD_ID) values (590,15);
Insert into NADURI.LOCATION_KEYWORD (L_NO,KEYWORD_ID) values (590,41);
Insert into NADURI.LOCATION_KEYWORD (L_NO,KEYWORD_ID) values (591,43);
Insert into NADURI.LOCATION_KEYWORD (L_NO,KEYWORD_ID) values (591,45);
Insert into NADURI.LOCATION_KEYWORD (L_NO,KEYWORD_ID) values (591,2);
Insert into NADURI.LOCATION_KEYWORD (L_NO,KEYWORD_ID) values (592,22);
Insert into NADURI.LOCATION_KEYWORD (L_NO,KEYWORD_ID) values (592,3);
Insert into NADURI.LOCATION_KEYWORD (L_NO,KEYWORD_ID) values (592,31);
Insert into NADURI.LOCATION_KEYWORD (L_NO,KEYWORD_ID) values (593,16);
Insert into NADURI.LOCATION_KEYWORD (L_NO,KEYWORD_ID) values (593,47);
Insert into NADURI.LOCATION_KEYWORD (L_NO,KEYWORD_ID) values (593,18);
Insert into NADURI.LOCATION_KEYWORD (L_NO,KEYWORD_ID) values (594,28);
Insert into NADURI.LOCATION_KEYWORD (L_NO,KEYWORD_ID) values (594,39);
Insert into NADURI.LOCATION_KEYWORD (L_NO,KEYWORD_ID) values (594,5);
Insert into NADURI.LOCATION_KEYWORD (L_NO,KEYWORD_ID) values (595,33);
Insert into NADURI.LOCATION_KEYWORD (L_NO,KEYWORD_ID) values (595,5);
Insert into NADURI.LOCATION_KEYWORD (L_NO,KEYWORD_ID) values (595,27);
Insert into NADURI.LOCATION_KEYWORD (L_NO,KEYWORD_ID) values (596,7);
Insert into NADURI.LOCATION_KEYWORD (L_NO,KEYWORD_ID) values (596,33);
Insert into NADURI.LOCATION_KEYWORD (L_NO,KEYWORD_ID) values (596,14);
Insert into NADURI.LOCATION_KEYWORD (L_NO,KEYWORD_ID) values (597,24);
Insert into NADURI.LOCATION_KEYWORD (L_NO,KEYWORD_ID) values (597,31);
Insert into NADURI.LOCATION_KEYWORD (L_NO,KEYWORD_ID) values (597,3);
Insert into NADURI.LOCATION_KEYWORD (L_NO,KEYWORD_ID) values (598,36);
Insert into NADURI.LOCATION_KEYWORD (L_NO,KEYWORD_ID) values (598,24);
Insert into NADURI.LOCATION_KEYWORD (L_NO,KEYWORD_ID) values (598,12);
Insert into NADURI.LOCATION_KEYWORD (L_NO,KEYWORD_ID) values (599,7);
Insert into NADURI.LOCATION_KEYWORD (L_NO,KEYWORD_ID) values (599,44);
Insert into NADURI.LOCATION_KEYWORD (L_NO,KEYWORD_ID) values (599,11);
Insert into NADURI.LOCATION_KEYWORD (L_NO,KEYWORD_ID) values (600,34);
Insert into NADURI.LOCATION_KEYWORD (L_NO,KEYWORD_ID) values (600,36);
Insert into NADURI.LOCATION_KEYWORD (L_NO,KEYWORD_ID) values (600,15);
Insert into NADURI.LOCATION_KEYWORD (L_NO,KEYWORD_ID) values (601,32);
Insert into NADURI.LOCATION_KEYWORD (L_NO,KEYWORD_ID) values (601,25);
Insert into NADURI.LOCATION_KEYWORD (L_NO,KEYWORD_ID) values (601,32);
Insert into NADURI.LOCATION_KEYWORD (L_NO,KEYWORD_ID) values (602,20);
Insert into NADURI.LOCATION_KEYWORD (L_NO,KEYWORD_ID) values (602,20);
Insert into NADURI.LOCATION_KEYWORD (L_NO,KEYWORD_ID) values (602,20);
Insert into NADURI.LOCATION_KEYWORD (L_NO,KEYWORD_ID) values (603,5);
Insert into NADURI.LOCATION_KEYWORD (L_NO,KEYWORD_ID) values (603,34);
Insert into NADURI.LOCATION_KEYWORD (L_NO,KEYWORD_ID) values (603,23);
Insert into NADURI.LOCATION_KEYWORD (L_NO,KEYWORD_ID) values (604,47);
Insert into NADURI.LOCATION_KEYWORD (L_NO,KEYWORD_ID) values (604,11);
Insert into NADURI.LOCATION_KEYWORD (L_NO,KEYWORD_ID) values (604,47);
Insert into NADURI.LOCATION_KEYWORD (L_NO,KEYWORD_ID) values (605,3);
Insert into NADURI.LOCATION_KEYWORD (L_NO,KEYWORD_ID) values (605,40);
Insert into NADURI.LOCATION_KEYWORD (L_NO,KEYWORD_ID) values (605,24);
Insert into NADURI.LOCATION_KEYWORD (L_NO,KEYWORD_ID) values (606,44);
Insert into NADURI.LOCATION_KEYWORD (L_NO,KEYWORD_ID) values (606,22);
Insert into NADURI.LOCATION_KEYWORD (L_NO,KEYWORD_ID) values (606,32);
Insert into NADURI.LOCATION_KEYWORD (L_NO,KEYWORD_ID) values (607,24);
Insert into NADURI.LOCATION_KEYWORD (L_NO,KEYWORD_ID) values (607,10);
Insert into NADURI.LOCATION_KEYWORD (L_NO,KEYWORD_ID) values (607,5);
Insert into NADURI.LOCATION_KEYWORD (L_NO,KEYWORD_ID) values (608,20);
Insert into NADURI.LOCATION_KEYWORD (L_NO,KEYWORD_ID) values (608,27);
Insert into NADURI.LOCATION_KEYWORD (L_NO,KEYWORD_ID) values (608,10);
Insert into NADURI.LOCATION_KEYWORD (L_NO,KEYWORD_ID) values (609,17);
Insert into NADURI.LOCATION_KEYWORD (L_NO,KEYWORD_ID) values (609,43);
Insert into NADURI.LOCATION_KEYWORD (L_NO,KEYWORD_ID) values (609,29);
Insert into NADURI.LOCATION_KEYWORD (L_NO,KEYWORD_ID) values (610,24);
Insert into NADURI.LOCATION_KEYWORD (L_NO,KEYWORD_ID) values (610,32);
Insert into NADURI.LOCATION_KEYWORD (L_NO,KEYWORD_ID) values (610,13);
Insert into NADURI.LOCATION_KEYWORD (L_NO,KEYWORD_ID) values (611,9);
Insert into NADURI.LOCATION_KEYWORD (L_NO,KEYWORD_ID) values (611,26);
Insert into NADURI.LOCATION_KEYWORD (L_NO,KEYWORD_ID) values (611,41);
Insert into NADURI.LOCATION_KEYWORD (L_NO,KEYWORD_ID) values (612,21);
Insert into NADURI.LOCATION_KEYWORD (L_NO,KEYWORD_ID) values (612,8);
Insert into NADURI.LOCATION_KEYWORD (L_NO,KEYWORD_ID) values (612,16);
Insert into NADURI.LOCATION_KEYWORD (L_NO,KEYWORD_ID) values (613,17);
Insert into NADURI.LOCATION_KEYWORD (L_NO,KEYWORD_ID) values (613,45);
Insert into NADURI.LOCATION_KEYWORD (L_NO,KEYWORD_ID) values (613,38);
Insert into NADURI.LOCATION_KEYWORD (L_NO,KEYWORD_ID) values (614,20);
Insert into NADURI.LOCATION_KEYWORD (L_NO,KEYWORD_ID) values (614,25);
Insert into NADURI.LOCATION_KEYWORD (L_NO,KEYWORD_ID) values (614,7);
Insert into NADURI.LOCATION_KEYWORD (L_NO,KEYWORD_ID) values (615,3);
Insert into NADURI.LOCATION_KEYWORD (L_NO,KEYWORD_ID) values (615,37);
Insert into NADURI.LOCATION_KEYWORD (L_NO,KEYWORD_ID) values (615,39);
Insert into NADURI.LOCATION_KEYWORD (L_NO,KEYWORD_ID) values (616,11);
Insert into NADURI.LOCATION_KEYWORD (L_NO,KEYWORD_ID) values (616,35);
Insert into NADURI.LOCATION_KEYWORD (L_NO,KEYWORD_ID) values (616,19);
Insert into NADURI.LOCATION_KEYWORD (L_NO,KEYWORD_ID) values (617,7);
Insert into NADURI.LOCATION_KEYWORD (L_NO,KEYWORD_ID) values (617,15);
Insert into NADURI.LOCATION_KEYWORD (L_NO,KEYWORD_ID) values (617,6);
Insert into NADURI.LOCATION_KEYWORD (L_NO,KEYWORD_ID) values (618,30);
Insert into NADURI.LOCATION_KEYWORD (L_NO,KEYWORD_ID) values (618,19);
Insert into NADURI.LOCATION_KEYWORD (L_NO,KEYWORD_ID) values (618,31);
Insert into NADURI.LOCATION_KEYWORD (L_NO,KEYWORD_ID) values (619,2);
Insert into NADURI.LOCATION_KEYWORD (L_NO,KEYWORD_ID) values (619,18);
Insert into NADURI.LOCATION_KEYWORD (L_NO,KEYWORD_ID) values (619,16);
Insert into NADURI.LOCATION_KEYWORD (L_NO,KEYWORD_ID) values (620,3);
Insert into NADURI.LOCATION_KEYWORD (L_NO,KEYWORD_ID) values (620,18);
Insert into NADURI.LOCATION_KEYWORD (L_NO,KEYWORD_ID) values (620,44);
Insert into NADURI.LOCATION_KEYWORD (L_NO,KEYWORD_ID) values (621,22);
Insert into NADURI.LOCATION_KEYWORD (L_NO,KEYWORD_ID) values (621,18);
Insert into NADURI.LOCATION_KEYWORD (L_NO,KEYWORD_ID) values (621,32);
Insert into NADURI.LOCATION_KEYWORD (L_NO,KEYWORD_ID) values (622,9);
Insert into NADURI.LOCATION_KEYWORD (L_NO,KEYWORD_ID) values (622,22);
Insert into NADURI.LOCATION_KEYWORD (L_NO,KEYWORD_ID) values (622,35);
Insert into NADURI.LOCATION_KEYWORD (L_NO,KEYWORD_ID) values (623,34);
Insert into NADURI.LOCATION_KEYWORD (L_NO,KEYWORD_ID) values (623,18);
Insert into NADURI.LOCATION_KEYWORD (L_NO,KEYWORD_ID) values (623,46);
Insert into NADURI.LOCATION_KEYWORD (L_NO,KEYWORD_ID) values (624,7);
Insert into NADURI.LOCATION_KEYWORD (L_NO,KEYWORD_ID) values (624,38);
Insert into NADURI.LOCATION_KEYWORD (L_NO,KEYWORD_ID) values (624,40);
Insert into NADURI.LOCATION_KEYWORD (L_NO,KEYWORD_ID) values (625,24);
Insert into NADURI.LOCATION_KEYWORD (L_NO,KEYWORD_ID) values (625,30);
Insert into NADURI.LOCATION_KEYWORD (L_NO,KEYWORD_ID) values (625,11);
Insert into NADURI.LOCATION_KEYWORD (L_NO,KEYWORD_ID) values (626,33);
Insert into NADURI.LOCATION_KEYWORD (L_NO,KEYWORD_ID) values (626,9);
Insert into NADURI.LOCATION_KEYWORD (L_NO,KEYWORD_ID) values (626,8);
Insert into NADURI.LOCATION_KEYWORD (L_NO,KEYWORD_ID) values (627,40);
Insert into NADURI.LOCATION_KEYWORD (L_NO,KEYWORD_ID) values (627,32);
Insert into NADURI.LOCATION_KEYWORD (L_NO,KEYWORD_ID) values (627,5);
Insert into NADURI.LOCATION_KEYWORD (L_NO,KEYWORD_ID) values (628,18);
Insert into NADURI.LOCATION_KEYWORD (L_NO,KEYWORD_ID) values (628,41);
Insert into NADURI.LOCATION_KEYWORD (L_NO,KEYWORD_ID) values (628,34);
Insert into NADURI.LOCATION_KEYWORD (L_NO,KEYWORD_ID) values (629,33);
Insert into NADURI.LOCATION_KEYWORD (L_NO,KEYWORD_ID) values (629,35);
Insert into NADURI.LOCATION_KEYWORD (L_NO,KEYWORD_ID) values (629,15);
Insert into NADURI.LOCATION_KEYWORD (L_NO,KEYWORD_ID) values (630,15);
Insert into NADURI.LOCATION_KEYWORD (L_NO,KEYWORD_ID) values (630,44);
Insert into NADURI.LOCATION_KEYWORD (L_NO,KEYWORD_ID) values (630,5);
Insert into NADURI.LOCATION_KEYWORD (L_NO,KEYWORD_ID) values (631,15);
Insert into NADURI.LOCATION_KEYWORD (L_NO,KEYWORD_ID) values (631,8);
Insert into NADURI.LOCATION_KEYWORD (L_NO,KEYWORD_ID) values (631,40);
Insert into NADURI.LOCATION_KEYWORD (L_NO,KEYWORD_ID) values (632,21);
Insert into NADURI.LOCATION_KEYWORD (L_NO,KEYWORD_ID) values (632,33);
Insert into NADURI.LOCATION_KEYWORD (L_NO,KEYWORD_ID) values (632,10);
Insert into NADURI.LOCATION_KEYWORD (L_NO,KEYWORD_ID) values (633,10);
Insert into NADURI.LOCATION_KEYWORD (L_NO,KEYWORD_ID) values (633,16);
Insert into NADURI.LOCATION_KEYWORD (L_NO,KEYWORD_ID) values (633,5);
Insert into NADURI.LOCATION_KEYWORD (L_NO,KEYWORD_ID) values (634,19);
Insert into NADURI.LOCATION_KEYWORD (L_NO,KEYWORD_ID) values (634,3);
Insert into NADURI.LOCATION_KEYWORD (L_NO,KEYWORD_ID) values (634,9);
Insert into NADURI.LOCATION_KEYWORD (L_NO,KEYWORD_ID) values (635,47);
Insert into NADURI.LOCATION_KEYWORD (L_NO,KEYWORD_ID) values (635,17);
Insert into NADURI.LOCATION_KEYWORD (L_NO,KEYWORD_ID) values (635,23);
Insert into NADURI.LOCATION_KEYWORD (L_NO,KEYWORD_ID) values (636,33);
Insert into NADURI.LOCATION_KEYWORD (L_NO,KEYWORD_ID) values (636,10);
Insert into NADURI.LOCATION_KEYWORD (L_NO,KEYWORD_ID) values (636,14);
Insert into NADURI.LOCATION_KEYWORD (L_NO,KEYWORD_ID) values (637,36);
Insert into NADURI.LOCATION_KEYWORD (L_NO,KEYWORD_ID) values (637,45);
Insert into NADURI.LOCATION_KEYWORD (L_NO,KEYWORD_ID) values (637,15);
Insert into NADURI.LOCATION_KEYWORD (L_NO,KEYWORD_ID) values (638,30);
Insert into NADURI.LOCATION_KEYWORD (L_NO,KEYWORD_ID) values (638,38);
Insert into NADURI.LOCATION_KEYWORD (L_NO,KEYWORD_ID) values (638,31);
Insert into NADURI.LOCATION_KEYWORD (L_NO,KEYWORD_ID) values (639,41);
Insert into NADURI.LOCATION_KEYWORD (L_NO,KEYWORD_ID) values (639,30);
Insert into NADURI.LOCATION_KEYWORD (L_NO,KEYWORD_ID) values (639,36);
Insert into NADURI.LOCATION_KEYWORD (L_NO,KEYWORD_ID) values (640,36);
Insert into NADURI.LOCATION_KEYWORD (L_NO,KEYWORD_ID) values (640,12);
Insert into NADURI.LOCATION_KEYWORD (L_NO,KEYWORD_ID) values (640,44);
Insert into NADURI.LOCATION_KEYWORD (L_NO,KEYWORD_ID) values (641,11);
Insert into NADURI.LOCATION_KEYWORD (L_NO,KEYWORD_ID) values (641,44);
Insert into NADURI.LOCATION_KEYWORD (L_NO,KEYWORD_ID) values (641,19);
Insert into NADURI.LOCATION_KEYWORD (L_NO,KEYWORD_ID) values (642,30);
Insert into NADURI.LOCATION_KEYWORD (L_NO,KEYWORD_ID) values (642,34);
Insert into NADURI.LOCATION_KEYWORD (L_NO,KEYWORD_ID) values (642,15);
Insert into NADURI.LOCATION_KEYWORD (L_NO,KEYWORD_ID) values (643,6);
Insert into NADURI.LOCATION_KEYWORD (L_NO,KEYWORD_ID) values (643,7);
Insert into NADURI.LOCATION_KEYWORD (L_NO,KEYWORD_ID) values (643,22);
Insert into NADURI.LOCATION_KEYWORD (L_NO,KEYWORD_ID) values (644,8);
Insert into NADURI.LOCATION_KEYWORD (L_NO,KEYWORD_ID) values (644,34);
Insert into NADURI.LOCATION_KEYWORD (L_NO,KEYWORD_ID) values (644,39);
Insert into NADURI.LOCATION_KEYWORD (L_NO,KEYWORD_ID) values (645,28);
Insert into NADURI.LOCATION_KEYWORD (L_NO,KEYWORD_ID) values (645,47);
Insert into NADURI.LOCATION_KEYWORD (L_NO,KEYWORD_ID) values (645,28);
Insert into NADURI.LOCATION_KEYWORD (L_NO,KEYWORD_ID) values (646,20);
Insert into NADURI.LOCATION_KEYWORD (L_NO,KEYWORD_ID) values (646,45);
Insert into NADURI.LOCATION_KEYWORD (L_NO,KEYWORD_ID) values (646,14);
Insert into NADURI.LOCATION_KEYWORD (L_NO,KEYWORD_ID) values (647,41);
Insert into NADURI.LOCATION_KEYWORD (L_NO,KEYWORD_ID) values (647,20);
Insert into NADURI.LOCATION_KEYWORD (L_NO,KEYWORD_ID) values (647,2);
Insert into NADURI.LOCATION_KEYWORD (L_NO,KEYWORD_ID) values (648,15);
Insert into NADURI.LOCATION_KEYWORD (L_NO,KEYWORD_ID) values (648,22);
Insert into NADURI.LOCATION_KEYWORD (L_NO,KEYWORD_ID) values (648,32);
Insert into NADURI.LOCATION_KEYWORD (L_NO,KEYWORD_ID) values (649,41);
Insert into NADURI.LOCATION_KEYWORD (L_NO,KEYWORD_ID) values (649,18);
Insert into NADURI.LOCATION_KEYWORD (L_NO,KEYWORD_ID) values (649,19);
Insert into NADURI.LOCATION_KEYWORD (L_NO,KEYWORD_ID) values (650,46);
Insert into NADURI.LOCATION_KEYWORD (L_NO,KEYWORD_ID) values (650,12);
Insert into NADURI.LOCATION_KEYWORD (L_NO,KEYWORD_ID) values (650,42);
Insert into NADURI.LOCATION_KEYWORD (L_NO,KEYWORD_ID) values (651,40);
Insert into NADURI.LOCATION_KEYWORD (L_NO,KEYWORD_ID) values (651,8);
Insert into NADURI.LOCATION_KEYWORD (L_NO,KEYWORD_ID) values (651,25);
Insert into NADURI.LOCATION_KEYWORD (L_NO,KEYWORD_ID) values (652,46);
Insert into NADURI.LOCATION_KEYWORD (L_NO,KEYWORD_ID) values (652,38);
Insert into NADURI.LOCATION_KEYWORD (L_NO,KEYWORD_ID) values (652,41);
Insert into NADURI.LOCATION_KEYWORD (L_NO,KEYWORD_ID) values (653,5);
Insert into NADURI.LOCATION_KEYWORD (L_NO,KEYWORD_ID) values (653,23);
Insert into NADURI.LOCATION_KEYWORD (L_NO,KEYWORD_ID) values (653,46);
Insert into NADURI.LOCATION_KEYWORD (L_NO,KEYWORD_ID) values (654,46);
Insert into NADURI.LOCATION_KEYWORD (L_NO,KEYWORD_ID) values (654,19);
Insert into NADURI.LOCATION_KEYWORD (L_NO,KEYWORD_ID) values (654,18);
Insert into NADURI.LOCATION_KEYWORD (L_NO,KEYWORD_ID) values (655,39);
Insert into NADURI.LOCATION_KEYWORD (L_NO,KEYWORD_ID) values (655,4);
Insert into NADURI.LOCATION_KEYWORD (L_NO,KEYWORD_ID) values (655,3);
Insert into NADURI.LOCATION_KEYWORD (L_NO,KEYWORD_ID) values (656,14);
Insert into NADURI.LOCATION_KEYWORD (L_NO,KEYWORD_ID) values (656,6);
Insert into NADURI.LOCATION_KEYWORD (L_NO,KEYWORD_ID) values (656,3);
Insert into NADURI.LOCATION_KEYWORD (L_NO,KEYWORD_ID) values (657,40);
Insert into NADURI.LOCATION_KEYWORD (L_NO,KEYWORD_ID) values (657,45);
Insert into NADURI.LOCATION_KEYWORD (L_NO,KEYWORD_ID) values (657,12);
Insert into NADURI.LOCATION_KEYWORD (L_NO,KEYWORD_ID) values (658,48);
Insert into NADURI.LOCATION_KEYWORD (L_NO,KEYWORD_ID) values (658,20);
Insert into NADURI.LOCATION_KEYWORD (L_NO,KEYWORD_ID) values (658,34);
Insert into NADURI.LOCATION_KEYWORD (L_NO,KEYWORD_ID) values (659,18);
Insert into NADURI.LOCATION_KEYWORD (L_NO,KEYWORD_ID) values (659,39);
Insert into NADURI.LOCATION_KEYWORD (L_NO,KEYWORD_ID) values (659,19);
Insert into NADURI.LOCATION_KEYWORD (L_NO,KEYWORD_ID) values (660,3);
Insert into NADURI.LOCATION_KEYWORD (L_NO,KEYWORD_ID) values (660,20);
Insert into NADURI.LOCATION_KEYWORD (L_NO,KEYWORD_ID) values (660,25);
Insert into NADURI.LOCATION_KEYWORD (L_NO,KEYWORD_ID) values (661,6);
Insert into NADURI.LOCATION_KEYWORD (L_NO,KEYWORD_ID) values (661,12);
Insert into NADURI.LOCATION_KEYWORD (L_NO,KEYWORD_ID) values (661,47);
Insert into NADURI.LOCATION_KEYWORD (L_NO,KEYWORD_ID) values (662,18);
Insert into NADURI.LOCATION_KEYWORD (L_NO,KEYWORD_ID) values (662,25);
Insert into NADURI.LOCATION_KEYWORD (L_NO,KEYWORD_ID) values (662,37);
Insert into NADURI.LOCATION_KEYWORD (L_NO,KEYWORD_ID) values (663,48);
Insert into NADURI.LOCATION_KEYWORD (L_NO,KEYWORD_ID) values (663,29);
Insert into NADURI.LOCATION_KEYWORD (L_NO,KEYWORD_ID) values (663,37);
Insert into NADURI.LOCATION_KEYWORD (L_NO,KEYWORD_ID) values (664,16);
Insert into NADURI.LOCATION_KEYWORD (L_NO,KEYWORD_ID) values (664,18);
Insert into NADURI.LOCATION_KEYWORD (L_NO,KEYWORD_ID) values (664,27);
Insert into NADURI.LOCATION_KEYWORD (L_NO,KEYWORD_ID) values (665,10);
Insert into NADURI.LOCATION_KEYWORD (L_NO,KEYWORD_ID) values (665,9);
Insert into NADURI.LOCATION_KEYWORD (L_NO,KEYWORD_ID) values (665,34);
Insert into NADURI.LOCATION_KEYWORD (L_NO,KEYWORD_ID) values (666,14);
Insert into NADURI.LOCATION_KEYWORD (L_NO,KEYWORD_ID) values (666,23);
Insert into NADURI.LOCATION_KEYWORD (L_NO,KEYWORD_ID) values (666,35);
Insert into NADURI.LOCATION_KEYWORD (L_NO,KEYWORD_ID) values (667,46);
Insert into NADURI.LOCATION_KEYWORD (L_NO,KEYWORD_ID) values (667,6);
Insert into NADURI.LOCATION_KEYWORD (L_NO,KEYWORD_ID) values (667,39);
Insert into NADURI.LOCATION_KEYWORD (L_NO,KEYWORD_ID) values (668,37);
Insert into NADURI.LOCATION_KEYWORD (L_NO,KEYWORD_ID) values (668,38);
Insert into NADURI.LOCATION_KEYWORD (L_NO,KEYWORD_ID) values (668,23);
Insert into NADURI.LOCATION_KEYWORD (L_NO,KEYWORD_ID) values (669,39);
Insert into NADURI.LOCATION_KEYWORD (L_NO,KEYWORD_ID) values (669,47);
Insert into NADURI.LOCATION_KEYWORD (L_NO,KEYWORD_ID) values (669,31);
Insert into NADURI.LOCATION_KEYWORD (L_NO,KEYWORD_ID) values (670,11);
Insert into NADURI.LOCATION_KEYWORD (L_NO,KEYWORD_ID) values (670,6);
Insert into NADURI.LOCATION_KEYWORD (L_NO,KEYWORD_ID) values (670,12);
Insert into NADURI.LOCATION_KEYWORD (L_NO,KEYWORD_ID) values (671,32);
Insert into NADURI.LOCATION_KEYWORD (L_NO,KEYWORD_ID) values (671,43);
Insert into NADURI.LOCATION_KEYWORD (L_NO,KEYWORD_ID) values (671,17);
Insert into NADURI.LOCATION_KEYWORD (L_NO,KEYWORD_ID) values (672,15);
Insert into NADURI.LOCATION_KEYWORD (L_NO,KEYWORD_ID) values (672,10);
Insert into NADURI.LOCATION_KEYWORD (L_NO,KEYWORD_ID) values (672,19);
Insert into NADURI.LOCATION_KEYWORD (L_NO,KEYWORD_ID) values (673,45);
Insert into NADURI.LOCATION_KEYWORD (L_NO,KEYWORD_ID) values (673,36);
Insert into NADURI.LOCATION_KEYWORD (L_NO,KEYWORD_ID) values (673,4);
Insert into NADURI.LOCATION_KEYWORD (L_NO,KEYWORD_ID) values (674,37);
Insert into NADURI.LOCATION_KEYWORD (L_NO,KEYWORD_ID) values (674,33);
Insert into NADURI.LOCATION_KEYWORD (L_NO,KEYWORD_ID) values (674,19);
Insert into NADURI.LOCATION_KEYWORD (L_NO,KEYWORD_ID) values (675,16);
Insert into NADURI.LOCATION_KEYWORD (L_NO,KEYWORD_ID) values (675,20);
Insert into NADURI.LOCATION_KEYWORD (L_NO,KEYWORD_ID) values (675,15);
Insert into NADURI.LOCATION_KEYWORD (L_NO,KEYWORD_ID) values (676,24);
Insert into NADURI.LOCATION_KEYWORD (L_NO,KEYWORD_ID) values (676,23);
Insert into NADURI.LOCATION_KEYWORD (L_NO,KEYWORD_ID) values (676,13);
Insert into NADURI.LOCATION_KEYWORD (L_NO,KEYWORD_ID) values (677,28);
Insert into NADURI.LOCATION_KEYWORD (L_NO,KEYWORD_ID) values (677,23);
Insert into NADURI.LOCATION_KEYWORD (L_NO,KEYWORD_ID) values (677,16);
Insert into NADURI.LOCATION_KEYWORD (L_NO,KEYWORD_ID) values (678,18);
Insert into NADURI.LOCATION_KEYWORD (L_NO,KEYWORD_ID) values (678,34);
Insert into NADURI.LOCATION_KEYWORD (L_NO,KEYWORD_ID) values (678,13);
Insert into NADURI.LOCATION_KEYWORD (L_NO,KEYWORD_ID) values (679,6);
Insert into NADURI.LOCATION_KEYWORD (L_NO,KEYWORD_ID) values (679,32);
Insert into NADURI.LOCATION_KEYWORD (L_NO,KEYWORD_ID) values (679,21);
Insert into NADURI.LOCATION_KEYWORD (L_NO,KEYWORD_ID) values (680,18);
Insert into NADURI.LOCATION_KEYWORD (L_NO,KEYWORD_ID) values (680,7);
Insert into NADURI.LOCATION_KEYWORD (L_NO,KEYWORD_ID) values (680,24);
Insert into NADURI.LOCATION_KEYWORD (L_NO,KEYWORD_ID) values (681,45);
Insert into NADURI.LOCATION_KEYWORD (L_NO,KEYWORD_ID) values (681,18);
Insert into NADURI.LOCATION_KEYWORD (L_NO,KEYWORD_ID) values (681,39);
Insert into NADURI.LOCATION_KEYWORD (L_NO,KEYWORD_ID) values (682,3);
Insert into NADURI.LOCATION_KEYWORD (L_NO,KEYWORD_ID) values (682,7);
Insert into NADURI.LOCATION_KEYWORD (L_NO,KEYWORD_ID) values (682,17);
Insert into NADURI.LOCATION_KEYWORD (L_NO,KEYWORD_ID) values (683,16);
Insert into NADURI.LOCATION_KEYWORD (L_NO,KEYWORD_ID) values (683,3);
Insert into NADURI.LOCATION_KEYWORD (L_NO,KEYWORD_ID) values (683,38);
Insert into NADURI.LOCATION_KEYWORD (L_NO,KEYWORD_ID) values (684,42);
Insert into NADURI.LOCATION_KEYWORD (L_NO,KEYWORD_ID) values (684,27);
Insert into NADURI.LOCATION_KEYWORD (L_NO,KEYWORD_ID) values (684,6);
Insert into NADURI.LOCATION_KEYWORD (L_NO,KEYWORD_ID) values (685,7);
Insert into NADURI.LOCATION_KEYWORD (L_NO,KEYWORD_ID) values (685,12);
Insert into NADURI.LOCATION_KEYWORD (L_NO,KEYWORD_ID) values (685,26);
Insert into NADURI.LOCATION_KEYWORD (L_NO,KEYWORD_ID) values (686,10);
Insert into NADURI.LOCATION_KEYWORD (L_NO,KEYWORD_ID) values (686,20);
Insert into NADURI.LOCATION_KEYWORD (L_NO,KEYWORD_ID) values (686,2);
Insert into NADURI.LOCATION_KEYWORD (L_NO,KEYWORD_ID) values (687,18);
Insert into NADURI.LOCATION_KEYWORD (L_NO,KEYWORD_ID) values (687,45);
Insert into NADURI.LOCATION_KEYWORD (L_NO,KEYWORD_ID) values (687,9);
Insert into NADURI.LOCATION_KEYWORD (L_NO,KEYWORD_ID) values (688,38);
Insert into NADURI.LOCATION_KEYWORD (L_NO,KEYWORD_ID) values (688,41);
Insert into NADURI.LOCATION_KEYWORD (L_NO,KEYWORD_ID) values (688,21);
Insert into NADURI.LOCATION_KEYWORD (L_NO,KEYWORD_ID) values (689,25);
Insert into NADURI.LOCATION_KEYWORD (L_NO,KEYWORD_ID) values (689,35);
Insert into NADURI.LOCATION_KEYWORD (L_NO,KEYWORD_ID) values (689,43);
Insert into NADURI.LOCATION_KEYWORD (L_NO,KEYWORD_ID) values (690,9);
Insert into NADURI.LOCATION_KEYWORD (L_NO,KEYWORD_ID) values (690,38);
Insert into NADURI.LOCATION_KEYWORD (L_NO,KEYWORD_ID) values (690,48);
Insert into NADURI.LOCATION_KEYWORD (L_NO,KEYWORD_ID) values (691,31);
Insert into NADURI.LOCATION_KEYWORD (L_NO,KEYWORD_ID) values (691,44);
Insert into NADURI.LOCATION_KEYWORD (L_NO,KEYWORD_ID) values (691,28);
Insert into NADURI.LOCATION_KEYWORD (L_NO,KEYWORD_ID) values (692,37);
Insert into NADURI.LOCATION_KEYWORD (L_NO,KEYWORD_ID) values (692,30);
Insert into NADURI.LOCATION_KEYWORD (L_NO,KEYWORD_ID) values (692,3);
Insert into NADURI.LOCATION_KEYWORD (L_NO,KEYWORD_ID) values (693,6);
Insert into NADURI.LOCATION_KEYWORD (L_NO,KEYWORD_ID) values (693,44);
Insert into NADURI.LOCATION_KEYWORD (L_NO,KEYWORD_ID) values (693,9);
Insert into NADURI.LOCATION_KEYWORD (L_NO,KEYWORD_ID) values (694,19);
Insert into NADURI.LOCATION_KEYWORD (L_NO,KEYWORD_ID) values (694,5);
Insert into NADURI.LOCATION_KEYWORD (L_NO,KEYWORD_ID) values (694,15);
Insert into NADURI.LOCATION_KEYWORD (L_NO,KEYWORD_ID) values (695,26);
Insert into NADURI.LOCATION_KEYWORD (L_NO,KEYWORD_ID) values (695,43);
Insert into NADURI.LOCATION_KEYWORD (L_NO,KEYWORD_ID) values (695,30);
Insert into NADURI.LOCATION_KEYWORD (L_NO,KEYWORD_ID) values (696,30);
Insert into NADURI.LOCATION_KEYWORD (L_NO,KEYWORD_ID) values (696,7);
Insert into NADURI.LOCATION_KEYWORD (L_NO,KEYWORD_ID) values (696,20);
Insert into NADURI.LOCATION_KEYWORD (L_NO,KEYWORD_ID) values (697,29);
Insert into NADURI.LOCATION_KEYWORD (L_NO,KEYWORD_ID) values (697,7);
Insert into NADURI.LOCATION_KEYWORD (L_NO,KEYWORD_ID) values (697,10);
Insert into NADURI.LOCATION_KEYWORD (L_NO,KEYWORD_ID) values (698,40);
Insert into NADURI.LOCATION_KEYWORD (L_NO,KEYWORD_ID) values (698,46);
Insert into NADURI.LOCATION_KEYWORD (L_NO,KEYWORD_ID) values (698,42);
Insert into NADURI.LOCATION_KEYWORD (L_NO,KEYWORD_ID) values (699,41);
Insert into NADURI.LOCATION_KEYWORD (L_NO,KEYWORD_ID) values (699,11);
Insert into NADURI.LOCATION_KEYWORD (L_NO,KEYWORD_ID) values (699,28);
Insert into NADURI.LOCATION_KEYWORD (L_NO,KEYWORD_ID) values (700,40);
Insert into NADURI.LOCATION_KEYWORD (L_NO,KEYWORD_ID) values (700,16);
Insert into NADURI.LOCATION_KEYWORD (L_NO,KEYWORD_ID) values (700,10);
Insert into NADURI.LOCATION_KEYWORD (L_NO,KEYWORD_ID) values (701,32);
Insert into NADURI.LOCATION_KEYWORD (L_NO,KEYWORD_ID) values (701,14);
Insert into NADURI.LOCATION_KEYWORD (L_NO,KEYWORD_ID) values (701,27);
Insert into NADURI.LOCATION_KEYWORD (L_NO,KEYWORD_ID) values (702,33);
Insert into NADURI.LOCATION_KEYWORD (L_NO,KEYWORD_ID) values (702,18);
Insert into NADURI.LOCATION_KEYWORD (L_NO,KEYWORD_ID) values (702,5);
Insert into NADURI.LOCATION_KEYWORD (L_NO,KEYWORD_ID) values (703,28);
Insert into NADURI.LOCATION_KEYWORD (L_NO,KEYWORD_ID) values (703,39);
Insert into NADURI.LOCATION_KEYWORD (L_NO,KEYWORD_ID) values (703,34);
Insert into NADURI.LOCATION_KEYWORD (L_NO,KEYWORD_ID) values (704,9);
Insert into NADURI.LOCATION_KEYWORD (L_NO,KEYWORD_ID) values (704,6);
Insert into NADURI.LOCATION_KEYWORD (L_NO,KEYWORD_ID) values (704,44);
Insert into NADURI.LOCATION_KEYWORD (L_NO,KEYWORD_ID) values (705,8);
Insert into NADURI.LOCATION_KEYWORD (L_NO,KEYWORD_ID) values (705,11);
Insert into NADURI.LOCATION_KEYWORD (L_NO,KEYWORD_ID) values (705,23);
Insert into NADURI.LOCATION_KEYWORD (L_NO,KEYWORD_ID) values (706,4);
Insert into NADURI.LOCATION_KEYWORD (L_NO,KEYWORD_ID) values (706,33);
Insert into NADURI.LOCATION_KEYWORD (L_NO,KEYWORD_ID) values (706,5);
Insert into NADURI.LOCATION_KEYWORD (L_NO,KEYWORD_ID) values (707,4);
Insert into NADURI.LOCATION_KEYWORD (L_NO,KEYWORD_ID) values (707,36);
Insert into NADURI.LOCATION_KEYWORD (L_NO,KEYWORD_ID) values (707,37);
Insert into NADURI.LOCATION_KEYWORD (L_NO,KEYWORD_ID) values (708,7);
Insert into NADURI.LOCATION_KEYWORD (L_NO,KEYWORD_ID) values (708,25);
Insert into NADURI.LOCATION_KEYWORD (L_NO,KEYWORD_ID) values (708,18);
Insert into NADURI.LOCATION_KEYWORD (L_NO,KEYWORD_ID) values (709,48);
Insert into NADURI.LOCATION_KEYWORD (L_NO,KEYWORD_ID) values (709,28);
Insert into NADURI.LOCATION_KEYWORD (L_NO,KEYWORD_ID) values (709,34);
Insert into NADURI.LOCATION_KEYWORD (L_NO,KEYWORD_ID) values (710,11);
Insert into NADURI.LOCATION_KEYWORD (L_NO,KEYWORD_ID) values (710,44);
Insert into NADURI.LOCATION_KEYWORD (L_NO,KEYWORD_ID) values (710,40);
Insert into NADURI.LOCATION_KEYWORD (L_NO,KEYWORD_ID) values (711,38);
Insert into NADURI.LOCATION_KEYWORD (L_NO,KEYWORD_ID) values (711,9);
Insert into NADURI.LOCATION_KEYWORD (L_NO,KEYWORD_ID) values (711,13);
Insert into NADURI.LOCATION_KEYWORD (L_NO,KEYWORD_ID) values (712,46);
Insert into NADURI.LOCATION_KEYWORD (L_NO,KEYWORD_ID) values (712,21);
Insert into NADURI.LOCATION_KEYWORD (L_NO,KEYWORD_ID) values (712,42);
Insert into NADURI.LOCATION_KEYWORD (L_NO,KEYWORD_ID) values (713,4);
Insert into NADURI.LOCATION_KEYWORD (L_NO,KEYWORD_ID) values (713,41);
Insert into NADURI.LOCATION_KEYWORD (L_NO,KEYWORD_ID) values (713,25);
Insert into NADURI.LOCATION_KEYWORD (L_NO,KEYWORD_ID) values (714,14);
Insert into NADURI.LOCATION_KEYWORD (L_NO,KEYWORD_ID) values (714,14);
Insert into NADURI.LOCATION_KEYWORD (L_NO,KEYWORD_ID) values (714,10);
Insert into NADURI.LOCATION_KEYWORD (L_NO,KEYWORD_ID) values (715,5);
Insert into NADURI.LOCATION_KEYWORD (L_NO,KEYWORD_ID) values (715,5);
Insert into NADURI.LOCATION_KEYWORD (L_NO,KEYWORD_ID) values (715,19);
Insert into NADURI.LOCATION_KEYWORD (L_NO,KEYWORD_ID) values (716,41);
Insert into NADURI.LOCATION_KEYWORD (L_NO,KEYWORD_ID) values (716,27);
Insert into NADURI.LOCATION_KEYWORD (L_NO,KEYWORD_ID) values (716,36);
Insert into NADURI.LOCATION_KEYWORD (L_NO,KEYWORD_ID) values (717,26);
Insert into NADURI.LOCATION_KEYWORD (L_NO,KEYWORD_ID) values (717,5);
Insert into NADURI.LOCATION_KEYWORD (L_NO,KEYWORD_ID) values (717,41);
Insert into NADURI.LOCATION_KEYWORD (L_NO,KEYWORD_ID) values (718,4);
Insert into NADURI.LOCATION_KEYWORD (L_NO,KEYWORD_ID) values (718,2);
Insert into NADURI.LOCATION_KEYWORD (L_NO,KEYWORD_ID) values (718,47);
Insert into NADURI.LOCATION_KEYWORD (L_NO,KEYWORD_ID) values (719,48);
Insert into NADURI.LOCATION_KEYWORD (L_NO,KEYWORD_ID) values (719,6);
Insert into NADURI.LOCATION_KEYWORD (L_NO,KEYWORD_ID) values (719,33);
Insert into NADURI.LOCATION_KEYWORD (L_NO,KEYWORD_ID) values (720,5);
Insert into NADURI.LOCATION_KEYWORD (L_NO,KEYWORD_ID) values (720,19);
Insert into NADURI.LOCATION_KEYWORD (L_NO,KEYWORD_ID) values (720,20);
Insert into NADURI.LOCATION_KEYWORD (L_NO,KEYWORD_ID) values (721,38);
Insert into NADURI.LOCATION_KEYWORD (L_NO,KEYWORD_ID) values (721,31);
Insert into NADURI.LOCATION_KEYWORD (L_NO,KEYWORD_ID) values (721,15);
Insert into NADURI.LOCATION_KEYWORD (L_NO,KEYWORD_ID) values (722,10);
Insert into NADURI.LOCATION_KEYWORD (L_NO,KEYWORD_ID) values (722,42);
Insert into NADURI.LOCATION_KEYWORD (L_NO,KEYWORD_ID) values (722,8);
Insert into NADURI.LOCATION_KEYWORD (L_NO,KEYWORD_ID) values (723,48);
Insert into NADURI.LOCATION_KEYWORD (L_NO,KEYWORD_ID) values (723,45);
Insert into NADURI.LOCATION_KEYWORD (L_NO,KEYWORD_ID) values (723,11);
Insert into NADURI.LOCATION_KEYWORD (L_NO,KEYWORD_ID) values (724,9);
Insert into NADURI.LOCATION_KEYWORD (L_NO,KEYWORD_ID) values (724,28);
Insert into NADURI.LOCATION_KEYWORD (L_NO,KEYWORD_ID) values (724,25);
Insert into NADURI.LOCATION_KEYWORD (L_NO,KEYWORD_ID) values (725,22);
Insert into NADURI.LOCATION_KEYWORD (L_NO,KEYWORD_ID) values (725,8);
Insert into NADURI.LOCATION_KEYWORD (L_NO,KEYWORD_ID) values (725,40);
Insert into NADURI.LOCATION_KEYWORD (L_NO,KEYWORD_ID) values (726,47);
Insert into NADURI.LOCATION_KEYWORD (L_NO,KEYWORD_ID) values (726,6);
Insert into NADURI.LOCATION_KEYWORD (L_NO,KEYWORD_ID) values (726,12);
Insert into NADURI.LOCATION_KEYWORD (L_NO,KEYWORD_ID) values (727,11);
Insert into NADURI.LOCATION_KEYWORD (L_NO,KEYWORD_ID) values (727,8);
Insert into NADURI.LOCATION_KEYWORD (L_NO,KEYWORD_ID) values (727,44);
Insert into NADURI.LOCATION_KEYWORD (L_NO,KEYWORD_ID) values (728,2);
Insert into NADURI.LOCATION_KEYWORD (L_NO,KEYWORD_ID) values (728,30);
Insert into NADURI.LOCATION_KEYWORD (L_NO,KEYWORD_ID) values (728,8);
Insert into NADURI.LOCATION_KEYWORD (L_NO,KEYWORD_ID) values (729,32);
Insert into NADURI.LOCATION_KEYWORD (L_NO,KEYWORD_ID) values (729,34);
Insert into NADURI.LOCATION_KEYWORD (L_NO,KEYWORD_ID) values (729,22);
Insert into NADURI.LOCATION_KEYWORD (L_NO,KEYWORD_ID) values (730,8);
Insert into NADURI.LOCATION_KEYWORD (L_NO,KEYWORD_ID) values (730,41);
Insert into NADURI.LOCATION_KEYWORD (L_NO,KEYWORD_ID) values (730,26);
Insert into NADURI.LOCATION_KEYWORD (L_NO,KEYWORD_ID) values (731,5);
Insert into NADURI.LOCATION_KEYWORD (L_NO,KEYWORD_ID) values (731,4);
Insert into NADURI.LOCATION_KEYWORD (L_NO,KEYWORD_ID) values (731,36);
Insert into NADURI.LOCATION_KEYWORD (L_NO,KEYWORD_ID) values (732,12);
Insert into NADURI.LOCATION_KEYWORD (L_NO,KEYWORD_ID) values (732,2);
Insert into NADURI.LOCATION_KEYWORD (L_NO,KEYWORD_ID) values (732,26);
Insert into NADURI.LOCATION_KEYWORD (L_NO,KEYWORD_ID) values (733,9);
Insert into NADURI.LOCATION_KEYWORD (L_NO,KEYWORD_ID) values (733,37);
Insert into NADURI.LOCATION_KEYWORD (L_NO,KEYWORD_ID) values (733,19);
Insert into NADURI.LOCATION_KEYWORD (L_NO,KEYWORD_ID) values (734,22);
Insert into NADURI.LOCATION_KEYWORD (L_NO,KEYWORD_ID) values (734,25);
Insert into NADURI.LOCATION_KEYWORD (L_NO,KEYWORD_ID) values (734,32);
Insert into NADURI.LOCATION_KEYWORD (L_NO,KEYWORD_ID) values (735,20);
Insert into NADURI.LOCATION_KEYWORD (L_NO,KEYWORD_ID) values (735,42);
Insert into NADURI.LOCATION_KEYWORD (L_NO,KEYWORD_ID) values (735,8);
Insert into NADURI.LOCATION_KEYWORD (L_NO,KEYWORD_ID) values (736,11);
Insert into NADURI.LOCATION_KEYWORD (L_NO,KEYWORD_ID) values (736,34);
Insert into NADURI.LOCATION_KEYWORD (L_NO,KEYWORD_ID) values (736,10);
Insert into NADURI.LOCATION_KEYWORD (L_NO,KEYWORD_ID) values (737,24);
Insert into NADURI.LOCATION_KEYWORD (L_NO,KEYWORD_ID) values (737,32);
Insert into NADURI.LOCATION_KEYWORD (L_NO,KEYWORD_ID) values (737,32);
Insert into NADURI.LOCATION_KEYWORD (L_NO,KEYWORD_ID) values (738,6);
Insert into NADURI.LOCATION_KEYWORD (L_NO,KEYWORD_ID) values (738,9);
Insert into NADURI.LOCATION_KEYWORD (L_NO,KEYWORD_ID) values (738,23);
Insert into NADURI.LOCATION_KEYWORD (L_NO,KEYWORD_ID) values (739,43);
Insert into NADURI.LOCATION_KEYWORD (L_NO,KEYWORD_ID) values (739,13);
Insert into NADURI.LOCATION_KEYWORD (L_NO,KEYWORD_ID) values (739,7);
Insert into NADURI.LOCATION_KEYWORD (L_NO,KEYWORD_ID) values (740,28);
Insert into NADURI.LOCATION_KEYWORD (L_NO,KEYWORD_ID) values (740,34);
Insert into NADURI.LOCATION_KEYWORD (L_NO,KEYWORD_ID) values (740,5);
Insert into NADURI.LOCATION_KEYWORD (L_NO,KEYWORD_ID) values (741,46);
Insert into NADURI.LOCATION_KEYWORD (L_NO,KEYWORD_ID) values (741,37);
Insert into NADURI.LOCATION_KEYWORD (L_NO,KEYWORD_ID) values (741,26);
Insert into NADURI.LOCATION_KEYWORD (L_NO,KEYWORD_ID) values (742,40);
Insert into NADURI.LOCATION_KEYWORD (L_NO,KEYWORD_ID) values (742,3);
Insert into NADURI.LOCATION_KEYWORD (L_NO,KEYWORD_ID) values (742,2);
Insert into NADURI.LOCATION_KEYWORD (L_NO,KEYWORD_ID) values (743,41);
Insert into NADURI.LOCATION_KEYWORD (L_NO,KEYWORD_ID) values (743,11);
Insert into NADURI.LOCATION_KEYWORD (L_NO,KEYWORD_ID) values (743,16);
Insert into NADURI.LOCATION_KEYWORD (L_NO,KEYWORD_ID) values (744,35);
Insert into NADURI.LOCATION_KEYWORD (L_NO,KEYWORD_ID) values (744,39);
Insert into NADURI.LOCATION_KEYWORD (L_NO,KEYWORD_ID) values (744,11);
Insert into NADURI.LOCATION_KEYWORD (L_NO,KEYWORD_ID) values (745,31);
Insert into NADURI.LOCATION_KEYWORD (L_NO,KEYWORD_ID) values (745,15);
Insert into NADURI.LOCATION_KEYWORD (L_NO,KEYWORD_ID) values (745,19);
Insert into NADURI.LOCATION_KEYWORD (L_NO,KEYWORD_ID) values (746,41);
Insert into NADURI.LOCATION_KEYWORD (L_NO,KEYWORD_ID) values (746,22);
Insert into NADURI.LOCATION_KEYWORD (L_NO,KEYWORD_ID) values (746,37);
Insert into NADURI.LOCATION_KEYWORD (L_NO,KEYWORD_ID) values (747,9);
Insert into NADURI.LOCATION_KEYWORD (L_NO,KEYWORD_ID) values (747,27);
Insert into NADURI.LOCATION_KEYWORD (L_NO,KEYWORD_ID) values (747,19);
Insert into NADURI.LOCATION_KEYWORD (L_NO,KEYWORD_ID) values (748,32);
Insert into NADURI.LOCATION_KEYWORD (L_NO,KEYWORD_ID) values (748,42);
Insert into NADURI.LOCATION_KEYWORD (L_NO,KEYWORD_ID) values (748,22);
Insert into NADURI.LOCATION_KEYWORD (L_NO,KEYWORD_ID) values (749,43);
Insert into NADURI.LOCATION_KEYWORD (L_NO,KEYWORD_ID) values (749,32);
Insert into NADURI.LOCATION_KEYWORD (L_NO,KEYWORD_ID) values (749,16);
Insert into NADURI.LOCATION_KEYWORD (L_NO,KEYWORD_ID) values (750,9);
Insert into NADURI.LOCATION_KEYWORD (L_NO,KEYWORD_ID) values (750,32);
Insert into NADURI.LOCATION_KEYWORD (L_NO,KEYWORD_ID) values (750,26);
Insert into NADURI.LOCATION_KEYWORD (L_NO,KEYWORD_ID) values (751,9);
Insert into NADURI.LOCATION_KEYWORD (L_NO,KEYWORD_ID) values (751,23);
Insert into NADURI.LOCATION_KEYWORD (L_NO,KEYWORD_ID) values (751,40);
Insert into NADURI.LOCATION_KEYWORD (L_NO,KEYWORD_ID) values (752,31);
Insert into NADURI.LOCATION_KEYWORD (L_NO,KEYWORD_ID) values (752,19);
Insert into NADURI.LOCATION_KEYWORD (L_NO,KEYWORD_ID) values (752,32);
Insert into NADURI.LOCATION_KEYWORD (L_NO,KEYWORD_ID) values (753,21);
Insert into NADURI.LOCATION_KEYWORD (L_NO,KEYWORD_ID) values (753,14);
Insert into NADURI.LOCATION_KEYWORD (L_NO,KEYWORD_ID) values (753,17);
Insert into NADURI.LOCATION_KEYWORD (L_NO,KEYWORD_ID) values (754,43);
Insert into NADURI.LOCATION_KEYWORD (L_NO,KEYWORD_ID) values (754,35);
Insert into NADURI.LOCATION_KEYWORD (L_NO,KEYWORD_ID) values (754,47);
Insert into NADURI.LOCATION_KEYWORD (L_NO,KEYWORD_ID) values (755,25);
Insert into NADURI.LOCATION_KEYWORD (L_NO,KEYWORD_ID) values (755,30);
Insert into NADURI.LOCATION_KEYWORD (L_NO,KEYWORD_ID) values (755,28);
Insert into NADURI.LOCATION_KEYWORD (L_NO,KEYWORD_ID) values (756,18);
Insert into NADURI.LOCATION_KEYWORD (L_NO,KEYWORD_ID) values (756,28);
Insert into NADURI.LOCATION_KEYWORD (L_NO,KEYWORD_ID) values (756,27);
Insert into NADURI.LOCATION_KEYWORD (L_NO,KEYWORD_ID) values (757,18);
Insert into NADURI.LOCATION_KEYWORD (L_NO,KEYWORD_ID) values (757,8);
Insert into NADURI.LOCATION_KEYWORD (L_NO,KEYWORD_ID) values (757,14);
Insert into NADURI.LOCATION_KEYWORD (L_NO,KEYWORD_ID) values (758,22);
Insert into NADURI.LOCATION_KEYWORD (L_NO,KEYWORD_ID) values (758,21);
Insert into NADURI.LOCATION_KEYWORD (L_NO,KEYWORD_ID) values (758,43);
Insert into NADURI.LOCATION_KEYWORD (L_NO,KEYWORD_ID) values (759,41);
Insert into NADURI.LOCATION_KEYWORD (L_NO,KEYWORD_ID) values (759,7);
Insert into NADURI.LOCATION_KEYWORD (L_NO,KEYWORD_ID) values (759,39);
Insert into NADURI.LOCATION_KEYWORD (L_NO,KEYWORD_ID) values (760,27);
Insert into NADURI.LOCATION_KEYWORD (L_NO,KEYWORD_ID) values (760,39);
Insert into NADURI.LOCATION_KEYWORD (L_NO,KEYWORD_ID) values (760,41);
Insert into NADURI.LOCATION_KEYWORD (L_NO,KEYWORD_ID) values (761,34);
Insert into NADURI.LOCATION_KEYWORD (L_NO,KEYWORD_ID) values (761,18);
Insert into NADURI.LOCATION_KEYWORD (L_NO,KEYWORD_ID) values (761,44);
Insert into NADURI.LOCATION_KEYWORD (L_NO,KEYWORD_ID) values (762,2);
Insert into NADURI.LOCATION_KEYWORD (L_NO,KEYWORD_ID) values (762,30);
Insert into NADURI.LOCATION_KEYWORD (L_NO,KEYWORD_ID) values (762,23);
Insert into NADURI.LOCATION_KEYWORD (L_NO,KEYWORD_ID) values (763,34);
Insert into NADURI.LOCATION_KEYWORD (L_NO,KEYWORD_ID) values (763,36);
Insert into NADURI.LOCATION_KEYWORD (L_NO,KEYWORD_ID) values (763,12);
Insert into NADURI.LOCATION_KEYWORD (L_NO,KEYWORD_ID) values (764,3);
Insert into NADURI.LOCATION_KEYWORD (L_NO,KEYWORD_ID) values (764,9);
Insert into NADURI.LOCATION_KEYWORD (L_NO,KEYWORD_ID) values (764,38);
Insert into NADURI.LOCATION_KEYWORD (L_NO,KEYWORD_ID) values (765,48);
Insert into NADURI.LOCATION_KEYWORD (L_NO,KEYWORD_ID) values (765,7);
Insert into NADURI.LOCATION_KEYWORD (L_NO,KEYWORD_ID) values (765,45);
Insert into NADURI.LOCATION_KEYWORD (L_NO,KEYWORD_ID) values (766,32);
Insert into NADURI.LOCATION_KEYWORD (L_NO,KEYWORD_ID) values (766,37);
Insert into NADURI.LOCATION_KEYWORD (L_NO,KEYWORD_ID) values (766,47);
Insert into NADURI.LOCATION_KEYWORD (L_NO,KEYWORD_ID) values (767,24);
Insert into NADURI.LOCATION_KEYWORD (L_NO,KEYWORD_ID) values (767,32);
Insert into NADURI.LOCATION_KEYWORD (L_NO,KEYWORD_ID) values (767,26);
Insert into NADURI.LOCATION_KEYWORD (L_NO,KEYWORD_ID) values (768,10);
Insert into NADURI.LOCATION_KEYWORD (L_NO,KEYWORD_ID) values (768,41);
Insert into NADURI.LOCATION_KEYWORD (L_NO,KEYWORD_ID) values (768,40);
Insert into NADURI.LOCATION_KEYWORD (L_NO,KEYWORD_ID) values (769,26);
Insert into NADURI.LOCATION_KEYWORD (L_NO,KEYWORD_ID) values (769,25);
Insert into NADURI.LOCATION_KEYWORD (L_NO,KEYWORD_ID) values (769,29);
Insert into NADURI.LOCATION_KEYWORD (L_NO,KEYWORD_ID) values (770,9);
Insert into NADURI.LOCATION_KEYWORD (L_NO,KEYWORD_ID) values (770,14);
Insert into NADURI.LOCATION_KEYWORD (L_NO,KEYWORD_ID) values (770,38);
Insert into NADURI.LOCATION_KEYWORD (L_NO,KEYWORD_ID) values (771,29);
Insert into NADURI.LOCATION_KEYWORD (L_NO,KEYWORD_ID) values (771,14);
Insert into NADURI.LOCATION_KEYWORD (L_NO,KEYWORD_ID) values (771,17);
Insert into NADURI.LOCATION_KEYWORD (L_NO,KEYWORD_ID) values (772,42);
Insert into NADURI.LOCATION_KEYWORD (L_NO,KEYWORD_ID) values (772,24);
Insert into NADURI.LOCATION_KEYWORD (L_NO,KEYWORD_ID) values (772,43);
Insert into NADURI.LOCATION_KEYWORD (L_NO,KEYWORD_ID) values (773,25);
Insert into NADURI.LOCATION_KEYWORD (L_NO,KEYWORD_ID) values (773,38);
Insert into NADURI.LOCATION_KEYWORD (L_NO,KEYWORD_ID) values (773,7);
Insert into NADURI.LOCATION_KEYWORD (L_NO,KEYWORD_ID) values (774,13);
Insert into NADURI.LOCATION_KEYWORD (L_NO,KEYWORD_ID) values (774,16);
Insert into NADURI.LOCATION_KEYWORD (L_NO,KEYWORD_ID) values (774,25);
Insert into NADURI.LOCATION_KEYWORD (L_NO,KEYWORD_ID) values (775,21);
Insert into NADURI.LOCATION_KEYWORD (L_NO,KEYWORD_ID) values (775,29);
Insert into NADURI.LOCATION_KEYWORD (L_NO,KEYWORD_ID) values (775,30);
Insert into NADURI.LOCATION_KEYWORD (L_NO,KEYWORD_ID) values (776,17);
Insert into NADURI.LOCATION_KEYWORD (L_NO,KEYWORD_ID) values (776,46);
Insert into NADURI.LOCATION_KEYWORD (L_NO,KEYWORD_ID) values (776,20);
Insert into NADURI.LOCATION_KEYWORD (L_NO,KEYWORD_ID) values (777,22);
Insert into NADURI.LOCATION_KEYWORD (L_NO,KEYWORD_ID) values (777,4);
Insert into NADURI.LOCATION_KEYWORD (L_NO,KEYWORD_ID) values (777,36);
Insert into NADURI.LOCATION_KEYWORD (L_NO,KEYWORD_ID) values (778,28);
Insert into NADURI.LOCATION_KEYWORD (L_NO,KEYWORD_ID) values (778,10);
Insert into NADURI.LOCATION_KEYWORD (L_NO,KEYWORD_ID) values (778,41);
Insert into NADURI.LOCATION_KEYWORD (L_NO,KEYWORD_ID) values (779,19);
Insert into NADURI.LOCATION_KEYWORD (L_NO,KEYWORD_ID) values (779,44);
Insert into NADURI.LOCATION_KEYWORD (L_NO,KEYWORD_ID) values (779,46);
Insert into NADURI.LOCATION_KEYWORD (L_NO,KEYWORD_ID) values (780,9);
Insert into NADURI.LOCATION_KEYWORD (L_NO,KEYWORD_ID) values (780,43);
Insert into NADURI.LOCATION_KEYWORD (L_NO,KEYWORD_ID) values (780,23);
Insert into NADURI.LOCATION_KEYWORD (L_NO,KEYWORD_ID) values (781,3);
Insert into NADURI.LOCATION_KEYWORD (L_NO,KEYWORD_ID) values (781,38);
Insert into NADURI.LOCATION_KEYWORD (L_NO,KEYWORD_ID) values (781,20);
Insert into NADURI.LOCATION_KEYWORD (L_NO,KEYWORD_ID) values (782,11);
Insert into NADURI.LOCATION_KEYWORD (L_NO,KEYWORD_ID) values (782,11);
Insert into NADURI.LOCATION_KEYWORD (L_NO,KEYWORD_ID) values (782,40);
Insert into NADURI.LOCATION_KEYWORD (L_NO,KEYWORD_ID) values (783,38);
Insert into NADURI.LOCATION_KEYWORD (L_NO,KEYWORD_ID) values (783,43);
Insert into NADURI.LOCATION_KEYWORD (L_NO,KEYWORD_ID) values (783,21);
Insert into NADURI.LOCATION_KEYWORD (L_NO,KEYWORD_ID) values (784,14);
Insert into NADURI.LOCATION_KEYWORD (L_NO,KEYWORD_ID) values (784,41);
Insert into NADURI.LOCATION_KEYWORD (L_NO,KEYWORD_ID) values (784,4);
Insert into NADURI.LOCATION_KEYWORD (L_NO,KEYWORD_ID) values (785,16);
Insert into NADURI.LOCATION_KEYWORD (L_NO,KEYWORD_ID) values (785,34);
Insert into NADURI.LOCATION_KEYWORD (L_NO,KEYWORD_ID) values (785,29);
Insert into NADURI.LOCATION_KEYWORD (L_NO,KEYWORD_ID) values (786,32);
Insert into NADURI.LOCATION_KEYWORD (L_NO,KEYWORD_ID) values (786,17);
Insert into NADURI.LOCATION_KEYWORD (L_NO,KEYWORD_ID) values (786,4);
Insert into NADURI.LOCATION_KEYWORD (L_NO,KEYWORD_ID) values (787,35);
Insert into NADURI.LOCATION_KEYWORD (L_NO,KEYWORD_ID) values (787,28);
Insert into NADURI.LOCATION_KEYWORD (L_NO,KEYWORD_ID) values (787,41);
Insert into NADURI.LOCATION_KEYWORD (L_NO,KEYWORD_ID) values (788,40);
Insert into NADURI.LOCATION_KEYWORD (L_NO,KEYWORD_ID) values (788,34);
Insert into NADURI.LOCATION_KEYWORD (L_NO,KEYWORD_ID) values (788,48);
Insert into NADURI.LOCATION_KEYWORD (L_NO,KEYWORD_ID) values (789,12);
Insert into NADURI.LOCATION_KEYWORD (L_NO,KEYWORD_ID) values (789,23);
Insert into NADURI.LOCATION_KEYWORD (L_NO,KEYWORD_ID) values (789,35);
Insert into NADURI.LOCATION_KEYWORD (L_NO,KEYWORD_ID) values (790,32);
Insert into NADURI.LOCATION_KEYWORD (L_NO,KEYWORD_ID) values (790,21);
Insert into NADURI.LOCATION_KEYWORD (L_NO,KEYWORD_ID) values (790,36);
Insert into NADURI.LOCATION_KEYWORD (L_NO,KEYWORD_ID) values (791,42);
Insert into NADURI.LOCATION_KEYWORD (L_NO,KEYWORD_ID) values (791,47);
Insert into NADURI.LOCATION_KEYWORD (L_NO,KEYWORD_ID) values (791,29);
Insert into NADURI.LOCATION_KEYWORD (L_NO,KEYWORD_ID) values (792,2);
Insert into NADURI.LOCATION_KEYWORD (L_NO,KEYWORD_ID) values (792,32);
Insert into NADURI.LOCATION_KEYWORD (L_NO,KEYWORD_ID) values (792,39);
Insert into NADURI.LOCATION_KEYWORD (L_NO,KEYWORD_ID) values (793,9);
Insert into NADURI.LOCATION_KEYWORD (L_NO,KEYWORD_ID) values (793,2);
Insert into NADURI.LOCATION_KEYWORD (L_NO,KEYWORD_ID) values (793,41);
Insert into NADURI.LOCATION_KEYWORD (L_NO,KEYWORD_ID) values (794,31);
Insert into NADURI.LOCATION_KEYWORD (L_NO,KEYWORD_ID) values (794,41);
Insert into NADURI.LOCATION_KEYWORD (L_NO,KEYWORD_ID) values (794,12);
Insert into NADURI.LOCATION_KEYWORD (L_NO,KEYWORD_ID) values (1001,27);
Insert into NADURI.LOCATION_KEYWORD (L_NO,KEYWORD_ID) values (1001,34);
Insert into NADURI.LOCATION_KEYWORD (L_NO,KEYWORD_ID) values (1001,29);
Insert into NADURI.LOCATION_KEYWORD (L_NO,KEYWORD_ID) values (1002,24);
Insert into NADURI.LOCATION_KEYWORD (L_NO,KEYWORD_ID) values (1002,28);
Insert into NADURI.LOCATION_KEYWORD (L_NO,KEYWORD_ID) values (1002,24);
Insert into NADURI.LOCATION_KEYWORD (L_NO,KEYWORD_ID) values (1003,12);
Insert into NADURI.LOCATION_KEYWORD (L_NO,KEYWORD_ID) values (1003,44);
Insert into NADURI.LOCATION_KEYWORD (L_NO,KEYWORD_ID) values (1003,39);
Insert into NADURI.LOCATION_KEYWORD (L_NO,KEYWORD_ID) values (1004,37);
Insert into NADURI.LOCATION_KEYWORD (L_NO,KEYWORD_ID) values (1004,31);
Insert into NADURI.LOCATION_KEYWORD (L_NO,KEYWORD_ID) values (1004,23);
Insert into NADURI.LOCATION_KEYWORD (L_NO,KEYWORD_ID) values (1005,14);
Insert into NADURI.LOCATION_KEYWORD (L_NO,KEYWORD_ID) values (1005,13);
Insert into NADURI.LOCATION_KEYWORD (L_NO,KEYWORD_ID) values (1005,33);
Insert into NADURI.LOCATION_KEYWORD (L_NO,KEYWORD_ID) values (1006,47);
Insert into NADURI.LOCATION_KEYWORD (L_NO,KEYWORD_ID) values (1006,20);
Insert into NADURI.LOCATION_KEYWORD (L_NO,KEYWORD_ID) values (1006,5);
Insert into NADURI.LOCATION_KEYWORD (L_NO,KEYWORD_ID) values (1007,27);
Insert into NADURI.LOCATION_KEYWORD (L_NO,KEYWORD_ID) values (1007,36);
Insert into NADURI.LOCATION_KEYWORD (L_NO,KEYWORD_ID) values (1007,44);
Insert into NADURI.LOCATION_KEYWORD (L_NO,KEYWORD_ID) values (1008,14);
Insert into NADURI.LOCATION_KEYWORD (L_NO,KEYWORD_ID) values (1008,16);
Insert into NADURI.LOCATION_KEYWORD (L_NO,KEYWORD_ID) values (1008,40);
Insert into NADURI.LOCATION_KEYWORD (L_NO,KEYWORD_ID) values (1009,25);
Insert into NADURI.LOCATION_KEYWORD (L_NO,KEYWORD_ID) values (1009,9);
Insert into NADURI.LOCATION_KEYWORD (L_NO,KEYWORD_ID) values (1009,24);
Insert into NADURI.LOCATION_KEYWORD (L_NO,KEYWORD_ID) values (1010,46);
Insert into NADURI.LOCATION_KEYWORD (L_NO,KEYWORD_ID) values (1010,11);
Insert into NADURI.LOCATION_KEYWORD (L_NO,KEYWORD_ID) values (1010,16);
Insert into NADURI.LOCATION_KEYWORD (L_NO,KEYWORD_ID) values (1011,14);
Insert into NADURI.LOCATION_KEYWORD (L_NO,KEYWORD_ID) values (1011,4);
Insert into NADURI.LOCATION_KEYWORD (L_NO,KEYWORD_ID) values (1011,29);
Insert into NADURI.LOCATION_KEYWORD (L_NO,KEYWORD_ID) values (1012,25);
Insert into NADURI.LOCATION_KEYWORD (L_NO,KEYWORD_ID) values (1012,15);
Insert into NADURI.LOCATION_KEYWORD (L_NO,KEYWORD_ID) values (1012,26);
Insert into NADURI.LOCATION_KEYWORD (L_NO,KEYWORD_ID) values (1013,25);
Insert into NADURI.LOCATION_KEYWORD (L_NO,KEYWORD_ID) values (1013,26);
Insert into NADURI.LOCATION_KEYWORD (L_NO,KEYWORD_ID) values (1013,48);
Insert into NADURI.LOCATION_KEYWORD (L_NO,KEYWORD_ID) values (1014,8);
Insert into NADURI.LOCATION_KEYWORD (L_NO,KEYWORD_ID) values (1014,33);
Insert into NADURI.LOCATION_KEYWORD (L_NO,KEYWORD_ID) values (1014,20);
Insert into NADURI.LOCATION_KEYWORD (L_NO,KEYWORD_ID) values (1015,25);
Insert into NADURI.LOCATION_KEYWORD (L_NO,KEYWORD_ID) values (1015,36);
Insert into NADURI.LOCATION_KEYWORD (L_NO,KEYWORD_ID) values (1015,7);
Insert into NADURI.LOCATION_KEYWORD (L_NO,KEYWORD_ID) values (1016,47);
Insert into NADURI.LOCATION_KEYWORD (L_NO,KEYWORD_ID) values (1016,29);
Insert into NADURI.LOCATION_KEYWORD (L_NO,KEYWORD_ID) values (1016,34);
Insert into NADURI.LOCATION_KEYWORD (L_NO,KEYWORD_ID) values (1017,45);
Insert into NADURI.LOCATION_KEYWORD (L_NO,KEYWORD_ID) values (1017,33);
Insert into NADURI.LOCATION_KEYWORD (L_NO,KEYWORD_ID) values (1017,43);
Insert into NADURI.LOCATION_KEYWORD (L_NO,KEYWORD_ID) values (1018,17);
Insert into NADURI.LOCATION_KEYWORD (L_NO,KEYWORD_ID) values (1018,44);
Insert into NADURI.LOCATION_KEYWORD (L_NO,KEYWORD_ID) values (1018,48);
Insert into NADURI.LOCATION_KEYWORD (L_NO,KEYWORD_ID) values (1019,23);
Insert into NADURI.LOCATION_KEYWORD (L_NO,KEYWORD_ID) values (1019,10);
Insert into NADURI.LOCATION_KEYWORD (L_NO,KEYWORD_ID) values (1019,31);
Insert into NADURI.LOCATION_KEYWORD (L_NO,KEYWORD_ID) values (1020,27);
Insert into NADURI.LOCATION_KEYWORD (L_NO,KEYWORD_ID) values (1020,45);
Insert into NADURI.LOCATION_KEYWORD (L_NO,KEYWORD_ID) values (1020,36);
Insert into NADURI.LOCATION_KEYWORD (L_NO,KEYWORD_ID) values (1021,16);
Insert into NADURI.LOCATION_KEYWORD (L_NO,KEYWORD_ID) values (1021,9);
Insert into NADURI.LOCATION_KEYWORD (L_NO,KEYWORD_ID) values (1021,3);
Insert into NADURI.LOCATION_KEYWORD (L_NO,KEYWORD_ID) values (1022,35);
Insert into NADURI.LOCATION_KEYWORD (L_NO,KEYWORD_ID) values (1022,10);
Insert into NADURI.LOCATION_KEYWORD (L_NO,KEYWORD_ID) values (1022,40);
Insert into NADURI.LOCATION_KEYWORD (L_NO,KEYWORD_ID) values (1023,48);
Insert into NADURI.LOCATION_KEYWORD (L_NO,KEYWORD_ID) values (1023,26);
Insert into NADURI.LOCATION_KEYWORD (L_NO,KEYWORD_ID) values (1023,36);
Insert into NADURI.LOCATION_KEYWORD (L_NO,KEYWORD_ID) values (1024,26);
Insert into NADURI.LOCATION_KEYWORD (L_NO,KEYWORD_ID) values (1024,47);
Insert into NADURI.LOCATION_KEYWORD (L_NO,KEYWORD_ID) values (1024,36);
Insert into NADURI.LOCATION_KEYWORD (L_NO,KEYWORD_ID) values (1025,5);
Insert into NADURI.LOCATION_KEYWORD (L_NO,KEYWORD_ID) values (1025,44);
Insert into NADURI.LOCATION_KEYWORD (L_NO,KEYWORD_ID) values (1025,10);
Insert into NADURI.LOCATION_KEYWORD (L_NO,KEYWORD_ID) values (1026,13);
Insert into NADURI.LOCATION_KEYWORD (L_NO,KEYWORD_ID) values (1026,44);
Insert into NADURI.LOCATION_KEYWORD (L_NO,KEYWORD_ID) values (1026,38);
Insert into NADURI.LOCATION_KEYWORD (L_NO,KEYWORD_ID) values (1027,38);
Insert into NADURI.LOCATION_KEYWORD (L_NO,KEYWORD_ID) values (1027,37);
Insert into NADURI.LOCATION_KEYWORD (L_NO,KEYWORD_ID) values (1027,7);
Insert into NADURI.LOCATION_KEYWORD (L_NO,KEYWORD_ID) values (1028,17);
Insert into NADURI.LOCATION_KEYWORD (L_NO,KEYWORD_ID) values (1028,7);
Insert into NADURI.LOCATION_KEYWORD (L_NO,KEYWORD_ID) values (1028,20);
Insert into NADURI.LOCATION_KEYWORD (L_NO,KEYWORD_ID) values (1029,8);
Insert into NADURI.LOCATION_KEYWORD (L_NO,KEYWORD_ID) values (1029,36);
Insert into NADURI.LOCATION_KEYWORD (L_NO,KEYWORD_ID) values (1029,42);
Insert into NADURI.LOCATION_KEYWORD (L_NO,KEYWORD_ID) values (1030,45);
Insert into NADURI.LOCATION_KEYWORD (L_NO,KEYWORD_ID) values (1030,18);
Insert into NADURI.LOCATION_KEYWORD (L_NO,KEYWORD_ID) values (1030,48);
Insert into NADURI.LOCATION_KEYWORD (L_NO,KEYWORD_ID) values (1031,29);
Insert into NADURI.LOCATION_KEYWORD (L_NO,KEYWORD_ID) values (1031,41);
Insert into NADURI.LOCATION_KEYWORD (L_NO,KEYWORD_ID) values (1031,36);
Insert into NADURI.LOCATION_KEYWORD (L_NO,KEYWORD_ID) values (1032,37);
Insert into NADURI.LOCATION_KEYWORD (L_NO,KEYWORD_ID) values (1032,44);
Insert into NADURI.LOCATION_KEYWORD (L_NO,KEYWORD_ID) values (1032,38);
Insert into NADURI.LOCATION_KEYWORD (L_NO,KEYWORD_ID) values (1033,36);
Insert into NADURI.LOCATION_KEYWORD (L_NO,KEYWORD_ID) values (1033,48);
Insert into NADURI.LOCATION_KEYWORD (L_NO,KEYWORD_ID) values (1033,23);
Insert into NADURI.LOCATION_KEYWORD (L_NO,KEYWORD_ID) values (1034,31);
Insert into NADURI.LOCATION_KEYWORD (L_NO,KEYWORD_ID) values (1034,34);
Insert into NADURI.LOCATION_KEYWORD (L_NO,KEYWORD_ID) values (1034,22);
Insert into NADURI.LOCATION_KEYWORD (L_NO,KEYWORD_ID) values (1035,39);
Insert into NADURI.LOCATION_KEYWORD (L_NO,KEYWORD_ID) values (1035,16);
Insert into NADURI.LOCATION_KEYWORD (L_NO,KEYWORD_ID) values (1035,48);
Insert into NADURI.LOCATION_KEYWORD (L_NO,KEYWORD_ID) values (1036,36);
Insert into NADURI.LOCATION_KEYWORD (L_NO,KEYWORD_ID) values (1036,14);
Insert into NADURI.LOCATION_KEYWORD (L_NO,KEYWORD_ID) values (1036,3);
Insert into NADURI.LOCATION_KEYWORD (L_NO,KEYWORD_ID) values (1037,10);
Insert into NADURI.LOCATION_KEYWORD (L_NO,KEYWORD_ID) values (1037,42);
Insert into NADURI.LOCATION_KEYWORD (L_NO,KEYWORD_ID) values (1037,35);
Insert into NADURI.LOCATION_KEYWORD (L_NO,KEYWORD_ID) values (1038,11);
Insert into NADURI.LOCATION_KEYWORD (L_NO,KEYWORD_ID) values (1038,42);
Insert into NADURI.LOCATION_KEYWORD (L_NO,KEYWORD_ID) values (1038,30);
Insert into NADURI.LOCATION_KEYWORD (L_NO,KEYWORD_ID) values (1039,13);
Insert into NADURI.LOCATION_KEYWORD (L_NO,KEYWORD_ID) values (1039,43);
Insert into NADURI.LOCATION_KEYWORD (L_NO,KEYWORD_ID) values (1039,10);
Insert into NADURI.LOCATION_KEYWORD (L_NO,KEYWORD_ID) values (1040,43);
Insert into NADURI.LOCATION_KEYWORD (L_NO,KEYWORD_ID) values (1040,32);
Insert into NADURI.LOCATION_KEYWORD (L_NO,KEYWORD_ID) values (1040,19);
Insert into NADURI.LOCATION_KEYWORD (L_NO,KEYWORD_ID) values (1041,44);
Insert into NADURI.LOCATION_KEYWORD (L_NO,KEYWORD_ID) values (1041,8);
Insert into NADURI.LOCATION_KEYWORD (L_NO,KEYWORD_ID) values (1041,19);
Insert into NADURI.LOCATION_KEYWORD (L_NO,KEYWORD_ID) values (1042,8);
Insert into NADURI.LOCATION_KEYWORD (L_NO,KEYWORD_ID) values (1042,28);
Insert into NADURI.LOCATION_KEYWORD (L_NO,KEYWORD_ID) values (1042,29);
Insert into NADURI.LOCATION_KEYWORD (L_NO,KEYWORD_ID) values (1043,15);
Insert into NADURI.LOCATION_KEYWORD (L_NO,KEYWORD_ID) values (1043,44);
Insert into NADURI.LOCATION_KEYWORD (L_NO,KEYWORD_ID) values (1043,22);
Insert into NADURI.LOCATION_KEYWORD (L_NO,KEYWORD_ID) values (1044,10);
Insert into NADURI.LOCATION_KEYWORD (L_NO,KEYWORD_ID) values (1044,16);
Insert into NADURI.LOCATION_KEYWORD (L_NO,KEYWORD_ID) values (1044,39);
Insert into NADURI.LOCATION_KEYWORD (L_NO,KEYWORD_ID) values (1045,15);
Insert into NADURI.LOCATION_KEYWORD (L_NO,KEYWORD_ID) values (1045,2);
Insert into NADURI.LOCATION_KEYWORD (L_NO,KEYWORD_ID) values (1045,44);
Insert into NADURI.LOCATION_KEYWORD (L_NO,KEYWORD_ID) values (1046,8);
Insert into NADURI.LOCATION_KEYWORD (L_NO,KEYWORD_ID) values (1046,44);
Insert into NADURI.LOCATION_KEYWORD (L_NO,KEYWORD_ID) values (1046,4);
Insert into NADURI.LOCATION_KEYWORD (L_NO,KEYWORD_ID) values (1047,21);
Insert into NADURI.LOCATION_KEYWORD (L_NO,KEYWORD_ID) values (1047,5);
Insert into NADURI.LOCATION_KEYWORD (L_NO,KEYWORD_ID) values (1047,30);
Insert into NADURI.LOCATION_KEYWORD (L_NO,KEYWORD_ID) values (1048,16);
Insert into NADURI.LOCATION_KEYWORD (L_NO,KEYWORD_ID) values (1048,22);
Insert into NADURI.LOCATION_KEYWORD (L_NO,KEYWORD_ID) values (1048,39);
Insert into NADURI.LOCATION_KEYWORD (L_NO,KEYWORD_ID) values (1049,36);
Insert into NADURI.LOCATION_KEYWORD (L_NO,KEYWORD_ID) values (1049,40);
Insert into NADURI.LOCATION_KEYWORD (L_NO,KEYWORD_ID) values (1049,10);
Insert into NADURI.LOCATION_KEYWORD (L_NO,KEYWORD_ID) values (1050,48);
Insert into NADURI.LOCATION_KEYWORD (L_NO,KEYWORD_ID) values (1050,41);
Insert into NADURI.LOCATION_KEYWORD (L_NO,KEYWORD_ID) values (1050,18);
Insert into NADURI.LOCATION_KEYWORD (L_NO,KEYWORD_ID) values (1051,16);
Insert into NADURI.LOCATION_KEYWORD (L_NO,KEYWORD_ID) values (1051,41);
Insert into NADURI.LOCATION_KEYWORD (L_NO,KEYWORD_ID) values (1051,14);
Insert into NADURI.LOCATION_KEYWORD (L_NO,KEYWORD_ID) values (1052,7);
Insert into NADURI.LOCATION_KEYWORD (L_NO,KEYWORD_ID) values (1052,18);
Insert into NADURI.LOCATION_KEYWORD (L_NO,KEYWORD_ID) values (1052,4);
Insert into NADURI.LOCATION_KEYWORD (L_NO,KEYWORD_ID) values (1053,9);
Insert into NADURI.LOCATION_KEYWORD (L_NO,KEYWORD_ID) values (1053,12);
Insert into NADURI.LOCATION_KEYWORD (L_NO,KEYWORD_ID) values (1053,10);
Insert into NADURI.LOCATION_KEYWORD (L_NO,KEYWORD_ID) values (1054,37);
Insert into NADURI.LOCATION_KEYWORD (L_NO,KEYWORD_ID) values (1054,26);
Insert into NADURI.LOCATION_KEYWORD (L_NO,KEYWORD_ID) values (1054,5);
Insert into NADURI.LOCATION_KEYWORD (L_NO,KEYWORD_ID) values (1055,8);
Insert into NADURI.LOCATION_KEYWORD (L_NO,KEYWORD_ID) values (1055,2);
Insert into NADURI.LOCATION_KEYWORD (L_NO,KEYWORD_ID) values (1055,14);
Insert into NADURI.LOCATION_KEYWORD (L_NO,KEYWORD_ID) values (1056,2);
Insert into NADURI.LOCATION_KEYWORD (L_NO,KEYWORD_ID) values (1056,48);
Insert into NADURI.LOCATION_KEYWORD (L_NO,KEYWORD_ID) values (1056,13);
Insert into NADURI.LOCATION_KEYWORD (L_NO,KEYWORD_ID) values (1057,11);
Insert into NADURI.LOCATION_KEYWORD (L_NO,KEYWORD_ID) values (1057,22);
Insert into NADURI.LOCATION_KEYWORD (L_NO,KEYWORD_ID) values (1057,8);
Insert into NADURI.LOCATION_KEYWORD (L_NO,KEYWORD_ID) values (1058,26);
Insert into NADURI.LOCATION_KEYWORD (L_NO,KEYWORD_ID) values (1058,9);
Insert into NADURI.LOCATION_KEYWORD (L_NO,KEYWORD_ID) values (1058,5);
Insert into NADURI.LOCATION_KEYWORD (L_NO,KEYWORD_ID) values (1059,43);
Insert into NADURI.LOCATION_KEYWORD (L_NO,KEYWORD_ID) values (1059,34);
Insert into NADURI.LOCATION_KEYWORD (L_NO,KEYWORD_ID) values (1059,16);
Insert into NADURI.LOCATION_KEYWORD (L_NO,KEYWORD_ID) values (1060,26);
Insert into NADURI.LOCATION_KEYWORD (L_NO,KEYWORD_ID) values (1060,21);
Insert into NADURI.LOCATION_KEYWORD (L_NO,KEYWORD_ID) values (1060,4);
Insert into NADURI.LOCATION_KEYWORD (L_NO,KEYWORD_ID) values (1061,7);
Insert into NADURI.LOCATION_KEYWORD (L_NO,KEYWORD_ID) values (1061,16);
Insert into NADURI.LOCATION_KEYWORD (L_NO,KEYWORD_ID) values (1061,27);
Insert into NADURI.LOCATION_KEYWORD (L_NO,KEYWORD_ID) values (1062,41);
Insert into NADURI.LOCATION_KEYWORD (L_NO,KEYWORD_ID) values (1062,3);
Insert into NADURI.LOCATION_KEYWORD (L_NO,KEYWORD_ID) values (1062,34);
Insert into NADURI.LOCATION_KEYWORD (L_NO,KEYWORD_ID) values (1063,35);
Insert into NADURI.LOCATION_KEYWORD (L_NO,KEYWORD_ID) values (1063,36);
Insert into NADURI.LOCATION_KEYWORD (L_NO,KEYWORD_ID) values (1063,48);
Insert into NADURI.LOCATION_KEYWORD (L_NO,KEYWORD_ID) values (1064,27);
Insert into NADURI.LOCATION_KEYWORD (L_NO,KEYWORD_ID) values (1064,16);
Insert into NADURI.LOCATION_KEYWORD (L_NO,KEYWORD_ID) values (1064,38);
Insert into NADURI.LOCATION_KEYWORD (L_NO,KEYWORD_ID) values (1065,17);
Insert into NADURI.LOCATION_KEYWORD (L_NO,KEYWORD_ID) values (1065,3);
Insert into NADURI.LOCATION_KEYWORD (L_NO,KEYWORD_ID) values (1065,25);
Insert into NADURI.LOCATION_KEYWORD (L_NO,KEYWORD_ID) values (1066,20);
Insert into NADURI.LOCATION_KEYWORD (L_NO,KEYWORD_ID) values (1066,9);
Insert into NADURI.LOCATION_KEYWORD (L_NO,KEYWORD_ID) values (1066,18);
Insert into NADURI.LOCATION_KEYWORD (L_NO,KEYWORD_ID) values (1067,32);
Insert into NADURI.LOCATION_KEYWORD (L_NO,KEYWORD_ID) values (1067,8);
Insert into NADURI.LOCATION_KEYWORD (L_NO,KEYWORD_ID) values (1067,17);
Insert into NADURI.LOCATION_KEYWORD (L_NO,KEYWORD_ID) values (1068,21);
Insert into NADURI.LOCATION_KEYWORD (L_NO,KEYWORD_ID) values (1068,19);
Insert into NADURI.LOCATION_KEYWORD (L_NO,KEYWORD_ID) values (1068,15);
Insert into NADURI.LOCATION_KEYWORD (L_NO,KEYWORD_ID) values (1069,42);
Insert into NADURI.LOCATION_KEYWORD (L_NO,KEYWORD_ID) values (1069,26);
Insert into NADURI.LOCATION_KEYWORD (L_NO,KEYWORD_ID) values (1069,16);
Insert into NADURI.LOCATION_KEYWORD (L_NO,KEYWORD_ID) values (1070,13);
Insert into NADURI.LOCATION_KEYWORD (L_NO,KEYWORD_ID) values (1070,20);
Insert into NADURI.LOCATION_KEYWORD (L_NO,KEYWORD_ID) values (1070,20);
Insert into NADURI.LOCATION_KEYWORD (L_NO,KEYWORD_ID) values (1071,26);
Insert into NADURI.LOCATION_KEYWORD (L_NO,KEYWORD_ID) values (1071,42);
Insert into NADURI.LOCATION_KEYWORD (L_NO,KEYWORD_ID) values (1071,44);
Insert into NADURI.LOCATION_KEYWORD (L_NO,KEYWORD_ID) values (1072,43);
Insert into NADURI.LOCATION_KEYWORD (L_NO,KEYWORD_ID) values (1072,15);
Insert into NADURI.LOCATION_KEYWORD (L_NO,KEYWORD_ID) values (1072,34);
Insert into NADURI.LOCATION_KEYWORD (L_NO,KEYWORD_ID) values (1073,35);
Insert into NADURI.LOCATION_KEYWORD (L_NO,KEYWORD_ID) values (1073,18);
Insert into NADURI.LOCATION_KEYWORD (L_NO,KEYWORD_ID) values (1073,48);
Insert into NADURI.LOCATION_KEYWORD (L_NO,KEYWORD_ID) values (1074,36);
Insert into NADURI.LOCATION_KEYWORD (L_NO,KEYWORD_ID) values (1074,36);
Insert into NADURI.LOCATION_KEYWORD (L_NO,KEYWORD_ID) values (1074,27);
Insert into NADURI.LOCATION_KEYWORD (L_NO,KEYWORD_ID) values (1075,35);
Insert into NADURI.LOCATION_KEYWORD (L_NO,KEYWORD_ID) values (1075,36);
Insert into NADURI.LOCATION_KEYWORD (L_NO,KEYWORD_ID) values (1075,12);
Insert into NADURI.LOCATION_KEYWORD (L_NO,KEYWORD_ID) values (1076,46);
Insert into NADURI.LOCATION_KEYWORD (L_NO,KEYWORD_ID) values (1076,34);
Insert into NADURI.LOCATION_KEYWORD (L_NO,KEYWORD_ID) values (1076,27);
Insert into NADURI.LOCATION_KEYWORD (L_NO,KEYWORD_ID) values (1077,10);
Insert into NADURI.LOCATION_KEYWORD (L_NO,KEYWORD_ID) values (1077,18);
Insert into NADURI.LOCATION_KEYWORD (L_NO,KEYWORD_ID) values (1077,38);
Insert into NADURI.LOCATION_KEYWORD (L_NO,KEYWORD_ID) values (1078,4);
Insert into NADURI.LOCATION_KEYWORD (L_NO,KEYWORD_ID) values (1078,30);
Insert into NADURI.LOCATION_KEYWORD (L_NO,KEYWORD_ID) values (1078,14);
Insert into NADURI.LOCATION_KEYWORD (L_NO,KEYWORD_ID) values (1079,22);
Insert into NADURI.LOCATION_KEYWORD (L_NO,KEYWORD_ID) values (1079,16);
Insert into NADURI.LOCATION_KEYWORD (L_NO,KEYWORD_ID) values (1079,46);
Insert into NADURI.LOCATION_KEYWORD (L_NO,KEYWORD_ID) values (1080,13);
Insert into NADURI.LOCATION_KEYWORD (L_NO,KEYWORD_ID) values (1080,13);
Insert into NADURI.LOCATION_KEYWORD (L_NO,KEYWORD_ID) values (1080,37);
Insert into NADURI.LOCATION_KEYWORD (L_NO,KEYWORD_ID) values (1081,45);
Insert into NADURI.LOCATION_KEYWORD (L_NO,KEYWORD_ID) values (1081,37);
Insert into NADURI.LOCATION_KEYWORD (L_NO,KEYWORD_ID) values (1081,28);
Insert into NADURI.LOCATION_KEYWORD (L_NO,KEYWORD_ID) values (1082,36);
Insert into NADURI.LOCATION_KEYWORD (L_NO,KEYWORD_ID) values (1082,16);
Insert into NADURI.LOCATION_KEYWORD (L_NO,KEYWORD_ID) values (1082,43);
Insert into NADURI.LOCATION_KEYWORD (L_NO,KEYWORD_ID) values (1083,35);
Insert into NADURI.LOCATION_KEYWORD (L_NO,KEYWORD_ID) values (1083,8);
Insert into NADURI.LOCATION_KEYWORD (L_NO,KEYWORD_ID) values (1083,40);
Insert into NADURI.LOCATION_KEYWORD (L_NO,KEYWORD_ID) values (1084,7);
Insert into NADURI.LOCATION_KEYWORD (L_NO,KEYWORD_ID) values (1084,22);
Insert into NADURI.LOCATION_KEYWORD (L_NO,KEYWORD_ID) values (1084,30);
Insert into NADURI.LOCATION_KEYWORD (L_NO,KEYWORD_ID) values (1085,45);
Insert into NADURI.LOCATION_KEYWORD (L_NO,KEYWORD_ID) values (1085,23);
Insert into NADURI.LOCATION_KEYWORD (L_NO,KEYWORD_ID) values (1085,46);
Insert into NADURI.LOCATION_KEYWORD (L_NO,KEYWORD_ID) values (1086,33);
Insert into NADURI.LOCATION_KEYWORD (L_NO,KEYWORD_ID) values (1086,2);
Insert into NADURI.LOCATION_KEYWORD (L_NO,KEYWORD_ID) values (1086,43);
Insert into NADURI.LOCATION_KEYWORD (L_NO,KEYWORD_ID) values (1087,27);
Insert into NADURI.LOCATION_KEYWORD (L_NO,KEYWORD_ID) values (1087,43);
Insert into NADURI.LOCATION_KEYWORD (L_NO,KEYWORD_ID) values (1087,28);
Insert into NADURI.LOCATION_KEYWORD (L_NO,KEYWORD_ID) values (1088,37);
Insert into NADURI.LOCATION_KEYWORD (L_NO,KEYWORD_ID) values (1088,39);
Insert into NADURI.LOCATION_KEYWORD (L_NO,KEYWORD_ID) values (1088,16);
Insert into NADURI.LOCATION_KEYWORD (L_NO,KEYWORD_ID) values (1089,13);
Insert into NADURI.LOCATION_KEYWORD (L_NO,KEYWORD_ID) values (1089,24);
Insert into NADURI.LOCATION_KEYWORD (L_NO,KEYWORD_ID) values (1089,13);
Insert into NADURI.LOCATION_KEYWORD (L_NO,KEYWORD_ID) values (1090,39);
Insert into NADURI.LOCATION_KEYWORD (L_NO,KEYWORD_ID) values (1090,24);
Insert into NADURI.LOCATION_KEYWORD (L_NO,KEYWORD_ID) values (1090,47);
Insert into NADURI.LOCATION_KEYWORD (L_NO,KEYWORD_ID) values (1091,3);
Insert into NADURI.LOCATION_KEYWORD (L_NO,KEYWORD_ID) values (1091,33);
Insert into NADURI.LOCATION_KEYWORD (L_NO,KEYWORD_ID) values (1091,35);
Insert into NADURI.LOCATION_KEYWORD (L_NO,KEYWORD_ID) values (1092,32);
Insert into NADURI.LOCATION_KEYWORD (L_NO,KEYWORD_ID) values (1092,33);
Insert into NADURI.LOCATION_KEYWORD (L_NO,KEYWORD_ID) values (1092,42);
Insert into NADURI.LOCATION_KEYWORD (L_NO,KEYWORD_ID) values (1093,34);
Insert into NADURI.LOCATION_KEYWORD (L_NO,KEYWORD_ID) values (1093,18);
Insert into NADURI.LOCATION_KEYWORD (L_NO,KEYWORD_ID) values (1093,16);
Insert into NADURI.LOCATION_KEYWORD (L_NO,KEYWORD_ID) values (1094,9);
Insert into NADURI.LOCATION_KEYWORD (L_NO,KEYWORD_ID) values (1094,30);
Insert into NADURI.LOCATION_KEYWORD (L_NO,KEYWORD_ID) values (1094,45);
Insert into NADURI.LOCATION_KEYWORD (L_NO,KEYWORD_ID) values (1095,30);
Insert into NADURI.LOCATION_KEYWORD (L_NO,KEYWORD_ID) values (1095,21);
Insert into NADURI.LOCATION_KEYWORD (L_NO,KEYWORD_ID) values (1095,17);
Insert into NADURI.LOCATION_KEYWORD (L_NO,KEYWORD_ID) values (1096,10);
Insert into NADURI.LOCATION_KEYWORD (L_NO,KEYWORD_ID) values (1096,18);
Insert into NADURI.LOCATION_KEYWORD (L_NO,KEYWORD_ID) values (1096,47);
Insert into NADURI.LOCATION_KEYWORD (L_NO,KEYWORD_ID) values (1097,44);
Insert into NADURI.LOCATION_KEYWORD (L_NO,KEYWORD_ID) values (1097,48);
Insert into NADURI.LOCATION_KEYWORD (L_NO,KEYWORD_ID) values (1097,29);
Insert into NADURI.LOCATION_KEYWORD (L_NO,KEYWORD_ID) values (1098,47);
Insert into NADURI.LOCATION_KEYWORD (L_NO,KEYWORD_ID) values (1098,36);
Insert into NADURI.LOCATION_KEYWORD (L_NO,KEYWORD_ID) values (1098,30);
Insert into NADURI.LOCATION_KEYWORD (L_NO,KEYWORD_ID) values (1099,4);
Insert into NADURI.LOCATION_KEYWORD (L_NO,KEYWORD_ID) values (1099,16);
Insert into NADURI.LOCATION_KEYWORD (L_NO,KEYWORD_ID) values (1099,8);
Insert into NADURI.LOCATION_KEYWORD (L_NO,KEYWORD_ID) values (1100,7);
Insert into NADURI.LOCATION_KEYWORD (L_NO,KEYWORD_ID) values (1100,31);
Insert into NADURI.LOCATION_KEYWORD (L_NO,KEYWORD_ID) values (1100,48);
Insert into NADURI.LOCATION_KEYWORD (L_NO,KEYWORD_ID) values (1101,48);
Insert into NADURI.LOCATION_KEYWORD (L_NO,KEYWORD_ID) values (1101,33);
Insert into NADURI.LOCATION_KEYWORD (L_NO,KEYWORD_ID) values (1101,19);
Insert into NADURI.LOCATION_KEYWORD (L_NO,KEYWORD_ID) values (1102,41);
Insert into NADURI.LOCATION_KEYWORD (L_NO,KEYWORD_ID) values (1102,38);
Insert into NADURI.LOCATION_KEYWORD (L_NO,KEYWORD_ID) values (1102,20);
Insert into NADURI.LOCATION_KEYWORD (L_NO,KEYWORD_ID) values (1103,18);
Insert into NADURI.LOCATION_KEYWORD (L_NO,KEYWORD_ID) values (1103,12);
Insert into NADURI.LOCATION_KEYWORD (L_NO,KEYWORD_ID) values (1103,24);
Insert into NADURI.LOCATION_KEYWORD (L_NO,KEYWORD_ID) values (1104,43);
Insert into NADURI.LOCATION_KEYWORD (L_NO,KEYWORD_ID) values (1104,48);
Insert into NADURI.LOCATION_KEYWORD (L_NO,KEYWORD_ID) values (1104,36);
Insert into NADURI.LOCATION_KEYWORD (L_NO,KEYWORD_ID) values (1105,41);
Insert into NADURI.LOCATION_KEYWORD (L_NO,KEYWORD_ID) values (1105,30);
Insert into NADURI.LOCATION_KEYWORD (L_NO,KEYWORD_ID) values (1105,47);
Insert into NADURI.LOCATION_KEYWORD (L_NO,KEYWORD_ID) values (1106,35);
Insert into NADURI.LOCATION_KEYWORD (L_NO,KEYWORD_ID) values (1106,37);
Insert into NADURI.LOCATION_KEYWORD (L_NO,KEYWORD_ID) values (1106,30);
Insert into NADURI.LOCATION_KEYWORD (L_NO,KEYWORD_ID) values (1107,12);
Insert into NADURI.LOCATION_KEYWORD (L_NO,KEYWORD_ID) values (1107,20);
Insert into NADURI.LOCATION_KEYWORD (L_NO,KEYWORD_ID) values (1107,13);
Insert into NADURI.LOCATION_KEYWORD (L_NO,KEYWORD_ID) values (1108,40);
Insert into NADURI.LOCATION_KEYWORD (L_NO,KEYWORD_ID) values (1108,6);
Insert into NADURI.LOCATION_KEYWORD (L_NO,KEYWORD_ID) values (1108,15);
Insert into NADURI.LOCATION_KEYWORD (L_NO,KEYWORD_ID) values (1109,30);
Insert into NADURI.LOCATION_KEYWORD (L_NO,KEYWORD_ID) values (1109,32);
Insert into NADURI.LOCATION_KEYWORD (L_NO,KEYWORD_ID) values (1109,26);
Insert into NADURI.LOCATION_KEYWORD (L_NO,KEYWORD_ID) values (1110,2);
Insert into NADURI.LOCATION_KEYWORD (L_NO,KEYWORD_ID) values (1110,4);
Insert into NADURI.LOCATION_KEYWORD (L_NO,KEYWORD_ID) values (1110,3);
Insert into NADURI.LOCATION_KEYWORD (L_NO,KEYWORD_ID) values (1111,12);
Insert into NADURI.LOCATION_KEYWORD (L_NO,KEYWORD_ID) values (1111,38);
Insert into NADURI.LOCATION_KEYWORD (L_NO,KEYWORD_ID) values (1111,36);
Insert into NADURI.LOCATION_KEYWORD (L_NO,KEYWORD_ID) values (1112,29);
Insert into NADURI.LOCATION_KEYWORD (L_NO,KEYWORD_ID) values (1112,11);
Insert into NADURI.LOCATION_KEYWORD (L_NO,KEYWORD_ID) values (1112,6);
Insert into NADURI.LOCATION_KEYWORD (L_NO,KEYWORD_ID) values (1113,46);
Insert into NADURI.LOCATION_KEYWORD (L_NO,KEYWORD_ID) values (1113,33);
Insert into NADURI.LOCATION_KEYWORD (L_NO,KEYWORD_ID) values (1113,13);
Insert into NADURI.LOCATION_KEYWORD (L_NO,KEYWORD_ID) values (1114,44);
Insert into NADURI.LOCATION_KEYWORD (L_NO,KEYWORD_ID) values (1114,7);
Insert into NADURI.LOCATION_KEYWORD (L_NO,KEYWORD_ID) values (1114,25);
Insert into NADURI.LOCATION_KEYWORD (L_NO,KEYWORD_ID) values (1115,21);
Insert into NADURI.LOCATION_KEYWORD (L_NO,KEYWORD_ID) values (1115,35);
Insert into NADURI.LOCATION_KEYWORD (L_NO,KEYWORD_ID) values (1115,27);
Insert into NADURI.LOCATION_KEYWORD (L_NO,KEYWORD_ID) values (1116,18);
Insert into NADURI.LOCATION_KEYWORD (L_NO,KEYWORD_ID) values (1116,32);
Insert into NADURI.LOCATION_KEYWORD (L_NO,KEYWORD_ID) values (1116,32);
Insert into NADURI.LOCATION_KEYWORD (L_NO,KEYWORD_ID) values (1117,44);
Insert into NADURI.LOCATION_KEYWORD (L_NO,KEYWORD_ID) values (1117,43);
Insert into NADURI.LOCATION_KEYWORD (L_NO,KEYWORD_ID) values (1117,13);
Insert into NADURI.LOCATION_KEYWORD (L_NO,KEYWORD_ID) values (1118,9);
Insert into NADURI.LOCATION_KEYWORD (L_NO,KEYWORD_ID) values (1118,6);
Insert into NADURI.LOCATION_KEYWORD (L_NO,KEYWORD_ID) values (1118,42);
Insert into NADURI.LOCATION_KEYWORD (L_NO,KEYWORD_ID) values (1119,40);
Insert into NADURI.LOCATION_KEYWORD (L_NO,KEYWORD_ID) values (1119,40);
Insert into NADURI.LOCATION_KEYWORD (L_NO,KEYWORD_ID) values (1119,8);
Insert into NADURI.LOCATION_KEYWORD (L_NO,KEYWORD_ID) values (1120,9);
Insert into NADURI.LOCATION_KEYWORD (L_NO,KEYWORD_ID) values (1120,26);
Insert into NADURI.LOCATION_KEYWORD (L_NO,KEYWORD_ID) values (1120,9);
Insert into NADURI.LOCATION_KEYWORD (L_NO,KEYWORD_ID) values (1121,7);
Insert into NADURI.LOCATION_KEYWORD (L_NO,KEYWORD_ID) values (1121,31);
Insert into NADURI.LOCATION_KEYWORD (L_NO,KEYWORD_ID) values (1121,14);
Insert into NADURI.LOCATION_KEYWORD (L_NO,KEYWORD_ID) values (1122,26);
Insert into NADURI.LOCATION_KEYWORD (L_NO,KEYWORD_ID) values (1122,17);
Insert into NADURI.LOCATION_KEYWORD (L_NO,KEYWORD_ID) values (1122,45);
Insert into NADURI.LOCATION_KEYWORD (L_NO,KEYWORD_ID) values (1123,28);
Insert into NADURI.LOCATION_KEYWORD (L_NO,KEYWORD_ID) values (1123,43);
Insert into NADURI.LOCATION_KEYWORD (L_NO,KEYWORD_ID) values (1123,31);
Insert into NADURI.LOCATION_KEYWORD (L_NO,KEYWORD_ID) values (1124,29);
Insert into NADURI.LOCATION_KEYWORD (L_NO,KEYWORD_ID) values (1124,11);
Insert into NADURI.LOCATION_KEYWORD (L_NO,KEYWORD_ID) values (1124,46);
Insert into NADURI.LOCATION_KEYWORD (L_NO,KEYWORD_ID) values (1125,48);
Insert into NADURI.LOCATION_KEYWORD (L_NO,KEYWORD_ID) values (1125,27);
Insert into NADURI.LOCATION_KEYWORD (L_NO,KEYWORD_ID) values (1125,37);
Insert into NADURI.LOCATION_KEYWORD (L_NO,KEYWORD_ID) values (1126,7);
Insert into NADURI.LOCATION_KEYWORD (L_NO,KEYWORD_ID) values (1126,10);
Insert into NADURI.LOCATION_KEYWORD (L_NO,KEYWORD_ID) values (1126,44);
Insert into NADURI.LOCATION_KEYWORD (L_NO,KEYWORD_ID) values (1127,45);
Insert into NADURI.LOCATION_KEYWORD (L_NO,KEYWORD_ID) values (1127,2);
Insert into NADURI.LOCATION_KEYWORD (L_NO,KEYWORD_ID) values (1127,46);
Insert into NADURI.LOCATION_KEYWORD (L_NO,KEYWORD_ID) values (1128,30);
Insert into NADURI.LOCATION_KEYWORD (L_NO,KEYWORD_ID) values (1128,36);
Insert into NADURI.LOCATION_KEYWORD (L_NO,KEYWORD_ID) values (1128,29);
Insert into NADURI.LOCATION_KEYWORD (L_NO,KEYWORD_ID) values (1129,11);
Insert into NADURI.LOCATION_KEYWORD (L_NO,KEYWORD_ID) values (1129,6);
Insert into NADURI.LOCATION_KEYWORD (L_NO,KEYWORD_ID) values (1129,9);
Insert into NADURI.LOCATION_KEYWORD (L_NO,KEYWORD_ID) values (1130,4);
Insert into NADURI.LOCATION_KEYWORD (L_NO,KEYWORD_ID) values (1130,14);
Insert into NADURI.LOCATION_KEYWORD (L_NO,KEYWORD_ID) values (1130,8);
Insert into NADURI.LOCATION_KEYWORD (L_NO,KEYWORD_ID) values (1131,39);
Insert into NADURI.LOCATION_KEYWORD (L_NO,KEYWORD_ID) values (1131,21);
Insert into NADURI.LOCATION_KEYWORD (L_NO,KEYWORD_ID) values (1131,14);
Insert into NADURI.LOCATION_KEYWORD (L_NO,KEYWORD_ID) values (1132,45);
Insert into NADURI.LOCATION_KEYWORD (L_NO,KEYWORD_ID) values (1132,15);
Insert into NADURI.LOCATION_KEYWORD (L_NO,KEYWORD_ID) values (1132,6);
Insert into NADURI.LOCATION_KEYWORD (L_NO,KEYWORD_ID) values (1133,22);
Insert into NADURI.LOCATION_KEYWORD (L_NO,KEYWORD_ID) values (1133,39);
Insert into NADURI.LOCATION_KEYWORD (L_NO,KEYWORD_ID) values (1133,4);
Insert into NADURI.LOCATION_KEYWORD (L_NO,KEYWORD_ID) values (1134,30);
Insert into NADURI.LOCATION_KEYWORD (L_NO,KEYWORD_ID) values (1134,26);
Insert into NADURI.LOCATION_KEYWORD (L_NO,KEYWORD_ID) values (1134,32);
Insert into NADURI.LOCATION_KEYWORD (L_NO,KEYWORD_ID) values (1135,14);
Insert into NADURI.LOCATION_KEYWORD (L_NO,KEYWORD_ID) values (1135,21);
Insert into NADURI.LOCATION_KEYWORD (L_NO,KEYWORD_ID) values (1135,17);
Insert into NADURI.LOCATION_KEYWORD (L_NO,KEYWORD_ID) values (1136,47);
Insert into NADURI.LOCATION_KEYWORD (L_NO,KEYWORD_ID) values (1136,37);
Insert into NADURI.LOCATION_KEYWORD (L_NO,KEYWORD_ID) values (1136,12);
Insert into NADURI.LOCATION_KEYWORD (L_NO,KEYWORD_ID) values (1137,6);
Insert into NADURI.LOCATION_KEYWORD (L_NO,KEYWORD_ID) values (1137,2);
Insert into NADURI.LOCATION_KEYWORD (L_NO,KEYWORD_ID) values (1137,46);
Insert into NADURI.LOCATION_KEYWORD (L_NO,KEYWORD_ID) values (1138,39);
Insert into NADURI.LOCATION_KEYWORD (L_NO,KEYWORD_ID) values (1138,36);
Insert into NADURI.LOCATION_KEYWORD (L_NO,KEYWORD_ID) values (1138,31);
Insert into NADURI.LOCATION_KEYWORD (L_NO,KEYWORD_ID) values (1139,30);
Insert into NADURI.LOCATION_KEYWORD (L_NO,KEYWORD_ID) values (1139,24);
Insert into NADURI.LOCATION_KEYWORD (L_NO,KEYWORD_ID) values (1139,4);
Insert into NADURI.LOCATION_KEYWORD (L_NO,KEYWORD_ID) values (1140,47);
Insert into NADURI.LOCATION_KEYWORD (L_NO,KEYWORD_ID) values (1140,35);
Insert into NADURI.LOCATION_KEYWORD (L_NO,KEYWORD_ID) values (1140,45);
Insert into NADURI.LOCATION_KEYWORD (L_NO,KEYWORD_ID) values (1141,3);
Insert into NADURI.LOCATION_KEYWORD (L_NO,KEYWORD_ID) values (1141,21);
Insert into NADURI.LOCATION_KEYWORD (L_NO,KEYWORD_ID) values (1141,38);
Insert into NADURI.LOCATION_KEYWORD (L_NO,KEYWORD_ID) values (1142,18);
Insert into NADURI.LOCATION_KEYWORD (L_NO,KEYWORD_ID) values (1142,28);
Insert into NADURI.LOCATION_KEYWORD (L_NO,KEYWORD_ID) values (1142,18);
Insert into NADURI.LOCATION_KEYWORD (L_NO,KEYWORD_ID) values (1143,31);
Insert into NADURI.LOCATION_KEYWORD (L_NO,KEYWORD_ID) values (1143,37);
Insert into NADURI.LOCATION_KEYWORD (L_NO,KEYWORD_ID) values (1143,12);
Insert into NADURI.LOCATION_KEYWORD (L_NO,KEYWORD_ID) values (1144,44);
Insert into NADURI.LOCATION_KEYWORD (L_NO,KEYWORD_ID) values (1144,10);
Insert into NADURI.LOCATION_KEYWORD (L_NO,KEYWORD_ID) values (1144,4);
Insert into NADURI.LOCATION_KEYWORD (L_NO,KEYWORD_ID) values (1145,5);
Insert into NADURI.LOCATION_KEYWORD (L_NO,KEYWORD_ID) values (1145,7);
Insert into NADURI.LOCATION_KEYWORD (L_NO,KEYWORD_ID) values (1145,33);
Insert into NADURI.LOCATION_KEYWORD (L_NO,KEYWORD_ID) values (1146,39);
Insert into NADURI.LOCATION_KEYWORD (L_NO,KEYWORD_ID) values (1146,21);
Insert into NADURI.LOCATION_KEYWORD (L_NO,KEYWORD_ID) values (1146,46);
Insert into NADURI.LOCATION_KEYWORD (L_NO,KEYWORD_ID) values (1147,24);
Insert into NADURI.LOCATION_KEYWORD (L_NO,KEYWORD_ID) values (1147,36);
Insert into NADURI.LOCATION_KEYWORD (L_NO,KEYWORD_ID) values (1147,14);
Insert into NADURI.LOCATION_KEYWORD (L_NO,KEYWORD_ID) values (1148,32);
Insert into NADURI.LOCATION_KEYWORD (L_NO,KEYWORD_ID) values (1148,43);
Insert into NADURI.LOCATION_KEYWORD (L_NO,KEYWORD_ID) values (1148,48);
Insert into NADURI.LOCATION_KEYWORD (L_NO,KEYWORD_ID) values (1149,18);
Insert into NADURI.LOCATION_KEYWORD (L_NO,KEYWORD_ID) values (1149,36);
Insert into NADURI.LOCATION_KEYWORD (L_NO,KEYWORD_ID) values (1149,16);
Insert into NADURI.LOCATION_KEYWORD (L_NO,KEYWORD_ID) values (1150,29);
Insert into NADURI.LOCATION_KEYWORD (L_NO,KEYWORD_ID) values (1150,41);
Insert into NADURI.LOCATION_KEYWORD (L_NO,KEYWORD_ID) values (1150,26);
Insert into NADURI.LOCATION_KEYWORD (L_NO,KEYWORD_ID) values (1151,46);
Insert into NADURI.LOCATION_KEYWORD (L_NO,KEYWORD_ID) values (1151,4);
Insert into NADURI.LOCATION_KEYWORD (L_NO,KEYWORD_ID) values (1151,5);
Insert into NADURI.LOCATION_KEYWORD (L_NO,KEYWORD_ID) values (1152,36);
Insert into NADURI.LOCATION_KEYWORD (L_NO,KEYWORD_ID) values (1152,25);
Insert into NADURI.LOCATION_KEYWORD (L_NO,KEYWORD_ID) values (1152,4);
Insert into NADURI.LOCATION_KEYWORD (L_NO,KEYWORD_ID) values (1153,40);
Insert into NADURI.LOCATION_KEYWORD (L_NO,KEYWORD_ID) values (1153,32);
Insert into NADURI.LOCATION_KEYWORD (L_NO,KEYWORD_ID) values (1153,36);
Insert into NADURI.LOCATION_KEYWORD (L_NO,KEYWORD_ID) values (1154,41);
Insert into NADURI.LOCATION_KEYWORD (L_NO,KEYWORD_ID) values (1154,37);
Insert into NADURI.LOCATION_KEYWORD (L_NO,KEYWORD_ID) values (1154,40);
Insert into NADURI.LOCATION_KEYWORD (L_NO,KEYWORD_ID) values (1155,28);
Insert into NADURI.LOCATION_KEYWORD (L_NO,KEYWORD_ID) values (1155,14);
Insert into NADURI.LOCATION_KEYWORD (L_NO,KEYWORD_ID) values (1155,14);
Insert into NADURI.LOCATION_KEYWORD (L_NO,KEYWORD_ID) values (1156,38);
Insert into NADURI.LOCATION_KEYWORD (L_NO,KEYWORD_ID) values (1156,24);
Insert into NADURI.LOCATION_KEYWORD (L_NO,KEYWORD_ID) values (1156,37);
Insert into NADURI.LOCATION_KEYWORD (L_NO,KEYWORD_ID) values (1157,9);
Insert into NADURI.LOCATION_KEYWORD (L_NO,KEYWORD_ID) values (1157,20);
Insert into NADURI.LOCATION_KEYWORD (L_NO,KEYWORD_ID) values (1157,11);
Insert into NADURI.LOCATION_KEYWORD (L_NO,KEYWORD_ID) values (1158,24);
Insert into NADURI.LOCATION_KEYWORD (L_NO,KEYWORD_ID) values (1158,24);
Insert into NADURI.LOCATION_KEYWORD (L_NO,KEYWORD_ID) values (1158,2);
Insert into NADURI.LOCATION_KEYWORD (L_NO,KEYWORD_ID) values (1159,27);
Insert into NADURI.LOCATION_KEYWORD (L_NO,KEYWORD_ID) values (1159,30);
Insert into NADURI.LOCATION_KEYWORD (L_NO,KEYWORD_ID) values (1159,24);
Insert into NADURI.LOCATION_KEYWORD (L_NO,KEYWORD_ID) values (1160,42);
Insert into NADURI.LOCATION_KEYWORD (L_NO,KEYWORD_ID) values (1160,12);
Insert into NADURI.LOCATION_KEYWORD (L_NO,KEYWORD_ID) values (1160,46);
Insert into NADURI.LOCATION_KEYWORD (L_NO,KEYWORD_ID) values (1161,35);
Insert into NADURI.LOCATION_KEYWORD (L_NO,KEYWORD_ID) values (1161,23);
Insert into NADURI.LOCATION_KEYWORD (L_NO,KEYWORD_ID) values (1161,36);
Insert into NADURI.LOCATION_KEYWORD (L_NO,KEYWORD_ID) values (1162,17);
Insert into NADURI.LOCATION_KEYWORD (L_NO,KEYWORD_ID) values (1162,45);
Insert into NADURI.LOCATION_KEYWORD (L_NO,KEYWORD_ID) values (1162,38);
Insert into NADURI.LOCATION_KEYWORD (L_NO,KEYWORD_ID) values (1163,10);
Insert into NADURI.LOCATION_KEYWORD (L_NO,KEYWORD_ID) values (1163,28);
Insert into NADURI.LOCATION_KEYWORD (L_NO,KEYWORD_ID) values (1163,43);
Insert into NADURI.LOCATION_KEYWORD (L_NO,KEYWORD_ID) values (1164,20);
Insert into NADURI.LOCATION_KEYWORD (L_NO,KEYWORD_ID) values (1164,4);
Insert into NADURI.LOCATION_KEYWORD (L_NO,KEYWORD_ID) values (1164,24);
Insert into NADURI.LOCATION_KEYWORD (L_NO,KEYWORD_ID) values (1165,23);
Insert into NADURI.LOCATION_KEYWORD (L_NO,KEYWORD_ID) values (1165,42);
Insert into NADURI.LOCATION_KEYWORD (L_NO,KEYWORD_ID) values (1165,9);
Insert into NADURI.LOCATION_KEYWORD (L_NO,KEYWORD_ID) values (1166,4);
Insert into NADURI.LOCATION_KEYWORD (L_NO,KEYWORD_ID) values (1166,4);
Insert into NADURI.LOCATION_KEYWORD (L_NO,KEYWORD_ID) values (1166,2);
Insert into NADURI.LOCATION_KEYWORD (L_NO,KEYWORD_ID) values (1167,11);
Insert into NADURI.LOCATION_KEYWORD (L_NO,KEYWORD_ID) values (1167,37);
Insert into NADURI.LOCATION_KEYWORD (L_NO,KEYWORD_ID) values (1167,46);
Insert into NADURI.LOCATION_KEYWORD (L_NO,KEYWORD_ID) values (1168,24);
Insert into NADURI.LOCATION_KEYWORD (L_NO,KEYWORD_ID) values (1168,33);
Insert into NADURI.LOCATION_KEYWORD (L_NO,KEYWORD_ID) values (1168,43);
Insert into NADURI.LOCATION_KEYWORD (L_NO,KEYWORD_ID) values (1169,31);
Insert into NADURI.LOCATION_KEYWORD (L_NO,KEYWORD_ID) values (1169,27);
Insert into NADURI.LOCATION_KEYWORD (L_NO,KEYWORD_ID) values (1169,45);
Insert into NADURI.LOCATION_KEYWORD (L_NO,KEYWORD_ID) values (1170,26);
Insert into NADURI.LOCATION_KEYWORD (L_NO,KEYWORD_ID) values (1170,30);
Insert into NADURI.LOCATION_KEYWORD (L_NO,KEYWORD_ID) values (1170,25);
Insert into NADURI.LOCATION_KEYWORD (L_NO,KEYWORD_ID) values (1171,28);
Insert into NADURI.LOCATION_KEYWORD (L_NO,KEYWORD_ID) values (1171,8);
Insert into NADURI.LOCATION_KEYWORD (L_NO,KEYWORD_ID) values (1171,12);
Insert into NADURI.LOCATION_KEYWORD (L_NO,KEYWORD_ID) values (1172,16);
Insert into NADURI.LOCATION_KEYWORD (L_NO,KEYWORD_ID) values (1172,25);
Insert into NADURI.LOCATION_KEYWORD (L_NO,KEYWORD_ID) values (1172,27);
Insert into NADURI.LOCATION_KEYWORD (L_NO,KEYWORD_ID) values (1173,32);
Insert into NADURI.LOCATION_KEYWORD (L_NO,KEYWORD_ID) values (1173,24);
Insert into NADURI.LOCATION_KEYWORD (L_NO,KEYWORD_ID) values (1173,2);
Insert into NADURI.LOCATION_KEYWORD (L_NO,KEYWORD_ID) values (1174,8);
Insert into NADURI.LOCATION_KEYWORD (L_NO,KEYWORD_ID) values (1174,33);
Insert into NADURI.LOCATION_KEYWORD (L_NO,KEYWORD_ID) values (1174,46);
Insert into NADURI.LOCATION_KEYWORD (L_NO,KEYWORD_ID) values (1175,21);
Insert into NADURI.LOCATION_KEYWORD (L_NO,KEYWORD_ID) values (1175,32);
Insert into NADURI.LOCATION_KEYWORD (L_NO,KEYWORD_ID) values (1175,19);
Insert into NADURI.LOCATION_KEYWORD (L_NO,KEYWORD_ID) values (1176,35);
Insert into NADURI.LOCATION_KEYWORD (L_NO,KEYWORD_ID) values (1176,15);
Insert into NADURI.LOCATION_KEYWORD (L_NO,KEYWORD_ID) values (1176,17);
Insert into NADURI.LOCATION_KEYWORD (L_NO,KEYWORD_ID) values (1177,45);
Insert into NADURI.LOCATION_KEYWORD (L_NO,KEYWORD_ID) values (1177,5);
Insert into NADURI.LOCATION_KEYWORD (L_NO,KEYWORD_ID) values (1177,29);
Insert into NADURI.LOCATION_KEYWORD (L_NO,KEYWORD_ID) values (1178,46);
Insert into NADURI.LOCATION_KEYWORD (L_NO,KEYWORD_ID) values (1178,48);
Insert into NADURI.LOCATION_KEYWORD (L_NO,KEYWORD_ID) values (1178,36);
Insert into NADURI.LOCATION_KEYWORD (L_NO,KEYWORD_ID) values (1179,48);
Insert into NADURI.LOCATION_KEYWORD (L_NO,KEYWORD_ID) values (1179,6);
Insert into NADURI.LOCATION_KEYWORD (L_NO,KEYWORD_ID) values (1179,13);
Insert into NADURI.LOCATION_KEYWORD (L_NO,KEYWORD_ID) values (1180,35);
Insert into NADURI.LOCATION_KEYWORD (L_NO,KEYWORD_ID) values (1180,33);
Insert into NADURI.LOCATION_KEYWORD (L_NO,KEYWORD_ID) values (1180,4);
Insert into NADURI.LOCATION_KEYWORD (L_NO,KEYWORD_ID) values (1181,21);
Insert into NADURI.LOCATION_KEYWORD (L_NO,KEYWORD_ID) values (1181,14);
Insert into NADURI.LOCATION_KEYWORD (L_NO,KEYWORD_ID) values (1181,31);
Insert into NADURI.LOCATION_KEYWORD (L_NO,KEYWORD_ID) values (1182,24);
Insert into NADURI.LOCATION_KEYWORD (L_NO,KEYWORD_ID) values (1182,27);
Insert into NADURI.LOCATION_KEYWORD (L_NO,KEYWORD_ID) values (1182,28);
Insert into NADURI.LOCATION_KEYWORD (L_NO,KEYWORD_ID) values (1183,35);
Insert into NADURI.LOCATION_KEYWORD (L_NO,KEYWORD_ID) values (1183,20);
Insert into NADURI.LOCATION_KEYWORD (L_NO,KEYWORD_ID) values (1183,36);
Insert into NADURI.LOCATION_KEYWORD (L_NO,KEYWORD_ID) values (1184,23);
Insert into NADURI.LOCATION_KEYWORD (L_NO,KEYWORD_ID) values (1184,24);
Insert into NADURI.LOCATION_KEYWORD (L_NO,KEYWORD_ID) values (1184,4);
Insert into NADURI.LOCATION_KEYWORD (L_NO,KEYWORD_ID) values (1185,4);
Insert into NADURI.LOCATION_KEYWORD (L_NO,KEYWORD_ID) values (1185,34);
Insert into NADURI.LOCATION_KEYWORD (L_NO,KEYWORD_ID) values (1185,7);
Insert into NADURI.LOCATION_KEYWORD (L_NO,KEYWORD_ID) values (1186,35);
Insert into NADURI.LOCATION_KEYWORD (L_NO,KEYWORD_ID) values (1186,9);
Insert into NADURI.LOCATION_KEYWORD (L_NO,KEYWORD_ID) values (1186,29);
Insert into NADURI.LOCATION_KEYWORD (L_NO,KEYWORD_ID) values (1187,7);
Insert into NADURI.LOCATION_KEYWORD (L_NO,KEYWORD_ID) values (1187,43);
Insert into NADURI.LOCATION_KEYWORD (L_NO,KEYWORD_ID) values (1187,46);
Insert into NADURI.LOCATION_KEYWORD (L_NO,KEYWORD_ID) values (1188,38);
Insert into NADURI.LOCATION_KEYWORD (L_NO,KEYWORD_ID) values (1188,45);
Insert into NADURI.LOCATION_KEYWORD (L_NO,KEYWORD_ID) values (1188,27);
Insert into NADURI.LOCATION_KEYWORD (L_NO,KEYWORD_ID) values (1189,17);
Insert into NADURI.LOCATION_KEYWORD (L_NO,KEYWORD_ID) values (1189,40);
Insert into NADURI.LOCATION_KEYWORD (L_NO,KEYWORD_ID) values (1189,17);
Insert into NADURI.LOCATION_KEYWORD (L_NO,KEYWORD_ID) values (1190,11);
Insert into NADURI.LOCATION_KEYWORD (L_NO,KEYWORD_ID) values (1190,47);
Insert into NADURI.LOCATION_KEYWORD (L_NO,KEYWORD_ID) values (1190,16);
Insert into NADURI.LOCATION_KEYWORD (L_NO,KEYWORD_ID) values (1191,20);
Insert into NADURI.LOCATION_KEYWORD (L_NO,KEYWORD_ID) values (1191,4);
Insert into NADURI.LOCATION_KEYWORD (L_NO,KEYWORD_ID) values (1191,15);
Insert into NADURI.LOCATION_KEYWORD (L_NO,KEYWORD_ID) values (1192,11);
Insert into NADURI.LOCATION_KEYWORD (L_NO,KEYWORD_ID) values (1192,40);
Insert into NADURI.LOCATION_KEYWORD (L_NO,KEYWORD_ID) values (1192,13);
Insert into NADURI.LOCATION_KEYWORD (L_NO,KEYWORD_ID) values (1193,5);
Insert into NADURI.LOCATION_KEYWORD (L_NO,KEYWORD_ID) values (1193,30);
Insert into NADURI.LOCATION_KEYWORD (L_NO,KEYWORD_ID) values (1193,10);
Insert into NADURI.LOCATION_KEYWORD (L_NO,KEYWORD_ID) values (1194,14);
Insert into NADURI.LOCATION_KEYWORD (L_NO,KEYWORD_ID) values (1194,16);
Insert into NADURI.LOCATION_KEYWORD (L_NO,KEYWORD_ID) values (1194,23);
Insert into NADURI.LOCATION_KEYWORD (L_NO,KEYWORD_ID) values (1195,24);
Insert into NADURI.LOCATION_KEYWORD (L_NO,KEYWORD_ID) values (1195,19);
Insert into NADURI.LOCATION_KEYWORD (L_NO,KEYWORD_ID) values (1195,26);
Insert into NADURI.LOCATION_KEYWORD (L_NO,KEYWORD_ID) values (1196,9);
Insert into NADURI.LOCATION_KEYWORD (L_NO,KEYWORD_ID) values (1196,23);
Insert into NADURI.LOCATION_KEYWORD (L_NO,KEYWORD_ID) values (1196,12);
Insert into NADURI.LOCATION_KEYWORD (L_NO,KEYWORD_ID) values (1197,18);
Insert into NADURI.LOCATION_KEYWORD (L_NO,KEYWORD_ID) values (1197,35);
Insert into NADURI.LOCATION_KEYWORD (L_NO,KEYWORD_ID) values (1197,43);
Insert into NADURI.LOCATION_KEYWORD (L_NO,KEYWORD_ID) values (1198,33);
Insert into NADURI.LOCATION_KEYWORD (L_NO,KEYWORD_ID) values (1198,18);
Insert into NADURI.LOCATION_KEYWORD (L_NO,KEYWORD_ID) values (1198,33);
Insert into NADURI.LOCATION_KEYWORD (L_NO,KEYWORD_ID) values (1199,43);
Insert into NADURI.LOCATION_KEYWORD (L_NO,KEYWORD_ID) values (1199,4);
Insert into NADURI.LOCATION_KEYWORD (L_NO,KEYWORD_ID) values (1199,19);
Insert into NADURI.LOCATION_KEYWORD (L_NO,KEYWORD_ID) values (1200,48);
Insert into NADURI.LOCATION_KEYWORD (L_NO,KEYWORD_ID) values (1200,4);
Insert into NADURI.LOCATION_KEYWORD (L_NO,KEYWORD_ID) values (1200,2);
Insert into NADURI.LOCATION_KEYWORD (L_NO,KEYWORD_ID) values (1201,45);
Insert into NADURI.LOCATION_KEYWORD (L_NO,KEYWORD_ID) values (1201,45);
Insert into NADURI.LOCATION_KEYWORD (L_NO,KEYWORD_ID) values (1201,33);
Insert into NADURI.LOCATION_KEYWORD (L_NO,KEYWORD_ID) values (1202,28);
Insert into NADURI.LOCATION_KEYWORD (L_NO,KEYWORD_ID) values (1202,12);
Insert into NADURI.LOCATION_KEYWORD (L_NO,KEYWORD_ID) values (1202,38);
Insert into NADURI.LOCATION_KEYWORD (L_NO,KEYWORD_ID) values (1203,9);
Insert into NADURI.LOCATION_KEYWORD (L_NO,KEYWORD_ID) values (1203,9);
Insert into NADURI.LOCATION_KEYWORD (L_NO,KEYWORD_ID) values (1203,45);
Insert into NADURI.LOCATION_KEYWORD (L_NO,KEYWORD_ID) values (1204,36);
Insert into NADURI.LOCATION_KEYWORD (L_NO,KEYWORD_ID) values (1204,5);
Insert into NADURI.LOCATION_KEYWORD (L_NO,KEYWORD_ID) values (1204,23);
Insert into NADURI.LOCATION_KEYWORD (L_NO,KEYWORD_ID) values (1205,13);
Insert into NADURI.LOCATION_KEYWORD (L_NO,KEYWORD_ID) values (1205,9);
Insert into NADURI.LOCATION_KEYWORD (L_NO,KEYWORD_ID) values (1205,21);
Insert into NADURI.LOCATION_KEYWORD (L_NO,KEYWORD_ID) values (1206,17);
Insert into NADURI.LOCATION_KEYWORD (L_NO,KEYWORD_ID) values (1206,3);
Insert into NADURI.LOCATION_KEYWORD (L_NO,KEYWORD_ID) values (1206,30);
Insert into NADURI.LOCATION_KEYWORD (L_NO,KEYWORD_ID) values (1207,3);
Insert into NADURI.LOCATION_KEYWORD (L_NO,KEYWORD_ID) values (1207,31);
Insert into NADURI.LOCATION_KEYWORD (L_NO,KEYWORD_ID) values (1207,46);
Insert into NADURI.LOCATION_KEYWORD (L_NO,KEYWORD_ID) values (1208,24);
Insert into NADURI.LOCATION_KEYWORD (L_NO,KEYWORD_ID) values (1208,11);
Insert into NADURI.LOCATION_KEYWORD (L_NO,KEYWORD_ID) values (1208,18);
Insert into NADURI.LOCATION_KEYWORD (L_NO,KEYWORD_ID) values (1209,47);
Insert into NADURI.LOCATION_KEYWORD (L_NO,KEYWORD_ID) values (1209,42);
Insert into NADURI.LOCATION_KEYWORD (L_NO,KEYWORD_ID) values (1209,3);
Insert into NADURI.LOCATION_KEYWORD (L_NO,KEYWORD_ID) values (1210,11);
Insert into NADURI.LOCATION_KEYWORD (L_NO,KEYWORD_ID) values (1210,42);
Insert into NADURI.LOCATION_KEYWORD (L_NO,KEYWORD_ID) values (1210,36);
Insert into NADURI.LOCATION_KEYWORD (L_NO,KEYWORD_ID) values (1211,40);
Insert into NADURI.LOCATION_KEYWORD (L_NO,KEYWORD_ID) values (1211,14);
Insert into NADURI.LOCATION_KEYWORD (L_NO,KEYWORD_ID) values (1211,41);
Insert into NADURI.LOCATION_KEYWORD (L_NO,KEYWORD_ID) values (1212,40);
Insert into NADURI.LOCATION_KEYWORD (L_NO,KEYWORD_ID) values (1212,22);
Insert into NADURI.LOCATION_KEYWORD (L_NO,KEYWORD_ID) values (1212,23);
Insert into NADURI.LOCATION_KEYWORD (L_NO,KEYWORD_ID) values (1213,40);
Insert into NADURI.LOCATION_KEYWORD (L_NO,KEYWORD_ID) values (1213,40);
Insert into NADURI.LOCATION_KEYWORD (L_NO,KEYWORD_ID) values (1213,44);
Insert into NADURI.LOCATION_KEYWORD (L_NO,KEYWORD_ID) values (1214,43);
Insert into NADURI.LOCATION_KEYWORD (L_NO,KEYWORD_ID) values (1214,11);
Insert into NADURI.LOCATION_KEYWORD (L_NO,KEYWORD_ID) values (1214,47);
Insert into NADURI.LOCATION_KEYWORD (L_NO,KEYWORD_ID) values (1215,42);
Insert into NADURI.LOCATION_KEYWORD (L_NO,KEYWORD_ID) values (1215,41);
Insert into NADURI.LOCATION_KEYWORD (L_NO,KEYWORD_ID) values (1215,38);
Insert into NADURI.LOCATION_KEYWORD (L_NO,KEYWORD_ID) values (1216,35);
Insert into NADURI.LOCATION_KEYWORD (L_NO,KEYWORD_ID) values (1216,34);
Insert into NADURI.LOCATION_KEYWORD (L_NO,KEYWORD_ID) values (1216,42);
Insert into NADURI.LOCATION_KEYWORD (L_NO,KEYWORD_ID) values (1217,9);
Insert into NADURI.LOCATION_KEYWORD (L_NO,KEYWORD_ID) values (1217,23);
Insert into NADURI.LOCATION_KEYWORD (L_NO,KEYWORD_ID) values (1217,24);
Insert into NADURI.LOCATION_KEYWORD (L_NO,KEYWORD_ID) values (1218,7);
Insert into NADURI.LOCATION_KEYWORD (L_NO,KEYWORD_ID) values (1218,18);
Insert into NADURI.LOCATION_KEYWORD (L_NO,KEYWORD_ID) values (1218,24);
Insert into NADURI.LOCATION_KEYWORD (L_NO,KEYWORD_ID) values (1219,18);
Insert into NADURI.LOCATION_KEYWORD (L_NO,KEYWORD_ID) values (1219,40);
Insert into NADURI.LOCATION_KEYWORD (L_NO,KEYWORD_ID) values (1219,35);
Insert into NADURI.LOCATION_KEYWORD (L_NO,KEYWORD_ID) values (1220,25);
Insert into NADURI.LOCATION_KEYWORD (L_NO,KEYWORD_ID) values (1220,7);
Insert into NADURI.LOCATION_KEYWORD (L_NO,KEYWORD_ID) values (1220,43);
Insert into NADURI.LOCATION_KEYWORD (L_NO,KEYWORD_ID) values (1221,32);
Insert into NADURI.LOCATION_KEYWORD (L_NO,KEYWORD_ID) values (1221,33);
Insert into NADURI.LOCATION_KEYWORD (L_NO,KEYWORD_ID) values (1221,11);
Insert into NADURI.LOCATION_KEYWORD (L_NO,KEYWORD_ID) values (1222,42);
Insert into NADURI.LOCATION_KEYWORD (L_NO,KEYWORD_ID) values (1222,2);
Insert into NADURI.LOCATION_KEYWORD (L_NO,KEYWORD_ID) values (1222,33);
Insert into NADURI.LOCATION_KEYWORD (L_NO,KEYWORD_ID) values (1223,34);
Insert into NADURI.LOCATION_KEYWORD (L_NO,KEYWORD_ID) values (1223,5);
Insert into NADURI.LOCATION_KEYWORD (L_NO,KEYWORD_ID) values (1223,33);
Insert into NADURI.LOCATION_KEYWORD (L_NO,KEYWORD_ID) values (1224,41);
Insert into NADURI.LOCATION_KEYWORD (L_NO,KEYWORD_ID) values (1224,43);
Insert into NADURI.LOCATION_KEYWORD (L_NO,KEYWORD_ID) values (1224,23);
Insert into NADURI.LOCATION_KEYWORD (L_NO,KEYWORD_ID) values (1225,6);
Insert into NADURI.LOCATION_KEYWORD (L_NO,KEYWORD_ID) values (1225,4);
Insert into NADURI.LOCATION_KEYWORD (L_NO,KEYWORD_ID) values (1225,29);
Insert into NADURI.LOCATION_KEYWORD (L_NO,KEYWORD_ID) values (1226,21);
Insert into NADURI.LOCATION_KEYWORD (L_NO,KEYWORD_ID) values (1226,11);
Insert into NADURI.LOCATION_KEYWORD (L_NO,KEYWORD_ID) values (1226,48);
Insert into NADURI.LOCATION_KEYWORD (L_NO,KEYWORD_ID) values (1227,11);
Insert into NADURI.LOCATION_KEYWORD (L_NO,KEYWORD_ID) values (1227,44);
Insert into NADURI.LOCATION_KEYWORD (L_NO,KEYWORD_ID) values (1227,44);
Insert into NADURI.LOCATION_KEYWORD (L_NO,KEYWORD_ID) values (1228,10);
Insert into NADURI.LOCATION_KEYWORD (L_NO,KEYWORD_ID) values (1228,47);
Insert into NADURI.LOCATION_KEYWORD (L_NO,KEYWORD_ID) values (1228,29);
Insert into NADURI.LOCATION_KEYWORD (L_NO,KEYWORD_ID) values (1229,26);
Insert into NADURI.LOCATION_KEYWORD (L_NO,KEYWORD_ID) values (1229,47);
Insert into NADURI.LOCATION_KEYWORD (L_NO,KEYWORD_ID) values (1229,37);
Insert into NADURI.LOCATION_KEYWORD (L_NO,KEYWORD_ID) values (1230,28);
Insert into NADURI.LOCATION_KEYWORD (L_NO,KEYWORD_ID) values (1230,33);
Insert into NADURI.LOCATION_KEYWORD (L_NO,KEYWORD_ID) values (1230,43);
Insert into NADURI.LOCATION_KEYWORD (L_NO,KEYWORD_ID) values (1231,21);
Insert into NADURI.LOCATION_KEYWORD (L_NO,KEYWORD_ID) values (1231,45);
Insert into NADURI.LOCATION_KEYWORD (L_NO,KEYWORD_ID) values (1231,23);
Insert into NADURI.LOCATION_KEYWORD (L_NO,KEYWORD_ID) values (1232,39);
Insert into NADURI.LOCATION_KEYWORD (L_NO,KEYWORD_ID) values (1232,24);
Insert into NADURI.LOCATION_KEYWORD (L_NO,KEYWORD_ID) values (1232,40);
Insert into NADURI.LOCATION_KEYWORD (L_NO,KEYWORD_ID) values (1233,43);
Insert into NADURI.LOCATION_KEYWORD (L_NO,KEYWORD_ID) values (1233,21);
Insert into NADURI.LOCATION_KEYWORD (L_NO,KEYWORD_ID) values (1233,33);
Insert into NADURI.LOCATION_KEYWORD (L_NO,KEYWORD_ID) values (1234,32);
Insert into NADURI.LOCATION_KEYWORD (L_NO,KEYWORD_ID) values (1234,30);
Insert into NADURI.LOCATION_KEYWORD (L_NO,KEYWORD_ID) values (1234,18);
Insert into NADURI.LOCATION_KEYWORD (L_NO,KEYWORD_ID) values (1235,26);
Insert into NADURI.LOCATION_KEYWORD (L_NO,KEYWORD_ID) values (1235,34);
Insert into NADURI.LOCATION_KEYWORD (L_NO,KEYWORD_ID) values (1235,44);
Insert into NADURI.LOCATION_KEYWORD (L_NO,KEYWORD_ID) values (1236,24);
Insert into NADURI.LOCATION_KEYWORD (L_NO,KEYWORD_ID) values (1236,44);
Insert into NADURI.LOCATION_KEYWORD (L_NO,KEYWORD_ID) values (1236,11);
Insert into NADURI.LOCATION_KEYWORD (L_NO,KEYWORD_ID) values (1237,22);
Insert into NADURI.LOCATION_KEYWORD (L_NO,KEYWORD_ID) values (1237,6);
Insert into NADURI.LOCATION_KEYWORD (L_NO,KEYWORD_ID) values (1237,36);
Insert into NADURI.LOCATION_KEYWORD (L_NO,KEYWORD_ID) values (1238,6);
Insert into NADURI.LOCATION_KEYWORD (L_NO,KEYWORD_ID) values (1238,2);
Insert into NADURI.LOCATION_KEYWORD (L_NO,KEYWORD_ID) values (1238,39);
Insert into NADURI.LOCATION_KEYWORD (L_NO,KEYWORD_ID) values (1239,43);
Insert into NADURI.LOCATION_KEYWORD (L_NO,KEYWORD_ID) values (1239,22);
Insert into NADURI.LOCATION_KEYWORD (L_NO,KEYWORD_ID) values (1239,31);
Insert into NADURI.LOCATION_KEYWORD (L_NO,KEYWORD_ID) values (1240,4);
Insert into NADURI.LOCATION_KEYWORD (L_NO,KEYWORD_ID) values (1240,3);
Insert into NADURI.LOCATION_KEYWORD (L_NO,KEYWORD_ID) values (1240,46);
Insert into NADURI.LOCATION_KEYWORD (L_NO,KEYWORD_ID) values (1241,37);
Insert into NADURI.LOCATION_KEYWORD (L_NO,KEYWORD_ID) values (1241,11);
Insert into NADURI.LOCATION_KEYWORD (L_NO,KEYWORD_ID) values (1241,48);
Insert into NADURI.LOCATION_KEYWORD (L_NO,KEYWORD_ID) values (1242,38);
Insert into NADURI.LOCATION_KEYWORD (L_NO,KEYWORD_ID) values (1242,19);
Insert into NADURI.LOCATION_KEYWORD (L_NO,KEYWORD_ID) values (1242,26);
Insert into NADURI.LOCATION_KEYWORD (L_NO,KEYWORD_ID) values (1243,3);
Insert into NADURI.LOCATION_KEYWORD (L_NO,KEYWORD_ID) values (1243,8);
Insert into NADURI.LOCATION_KEYWORD (L_NO,KEYWORD_ID) values (1243,26);
Insert into NADURI.LOCATION_KEYWORD (L_NO,KEYWORD_ID) values (1244,31);
Insert into NADURI.LOCATION_KEYWORD (L_NO,KEYWORD_ID) values (1244,15);
Insert into NADURI.LOCATION_KEYWORD (L_NO,KEYWORD_ID) values (1244,28);
Insert into NADURI.LOCATION_KEYWORD (L_NO,KEYWORD_ID) values (1245,29);
Insert into NADURI.LOCATION_KEYWORD (L_NO,KEYWORD_ID) values (1245,43);
Insert into NADURI.LOCATION_KEYWORD (L_NO,KEYWORD_ID) values (1245,22);
Insert into NADURI.LOCATION_KEYWORD (L_NO,KEYWORD_ID) values (1246,9);
Insert into NADURI.LOCATION_KEYWORD (L_NO,KEYWORD_ID) values (1246,7);
Insert into NADURI.LOCATION_KEYWORD (L_NO,KEYWORD_ID) values (1246,13);
Insert into NADURI.LOCATION_KEYWORD (L_NO,KEYWORD_ID) values (1247,13);
Insert into NADURI.LOCATION_KEYWORD (L_NO,KEYWORD_ID) values (1247,24);
Insert into NADURI.LOCATION_KEYWORD (L_NO,KEYWORD_ID) values (1247,4);
Insert into NADURI.LOCATION_KEYWORD (L_NO,KEYWORD_ID) values (1248,37);
Insert into NADURI.LOCATION_KEYWORD (L_NO,KEYWORD_ID) values (1248,23);
Insert into NADURI.LOCATION_KEYWORD (L_NO,KEYWORD_ID) values (1248,16);
Insert into NADURI.LOCATION_KEYWORD (L_NO,KEYWORD_ID) values (1249,38);
Insert into NADURI.LOCATION_KEYWORD (L_NO,KEYWORD_ID) values (1249,13);
Insert into NADURI.LOCATION_KEYWORD (L_NO,KEYWORD_ID) values (1249,48);
Insert into NADURI.LOCATION_KEYWORD (L_NO,KEYWORD_ID) values (1250,31);
Insert into NADURI.LOCATION_KEYWORD (L_NO,KEYWORD_ID) values (1250,27);
Insert into NADURI.LOCATION_KEYWORD (L_NO,KEYWORD_ID) values (1250,39);
Insert into NADURI.LOCATION_KEYWORD (L_NO,KEYWORD_ID) values (1251,45);
Insert into NADURI.LOCATION_KEYWORD (L_NO,KEYWORD_ID) values (1251,22);
Insert into NADURI.LOCATION_KEYWORD (L_NO,KEYWORD_ID) values (1251,33);
REM INSERTING into NADURI.LOCATION_SORT
SET DEFINE OFF;
Insert into NADURI.LOCATION_SORT (LS_CODE,LS_NAME) values (1,'문화재');
Insert into NADURI.LOCATION_SORT (LS_CODE,LS_NAME) values (2,'맛집/여행지');
REM INSERTING into NADURI.MCHOICE
SET DEFINE OFF;
Insert into NADURI.MCHOICE (M_NO,KEYWORD_ID) values (2,2);
Insert into NADURI.MCHOICE (M_NO,KEYWORD_ID) values (2,18);
Insert into NADURI.MCHOICE (M_NO,KEYWORD_ID) values (2,19);
Insert into NADURI.MCHOICE (M_NO,KEYWORD_ID) values (2,35);
Insert into NADURI.MCHOICE (M_NO,KEYWORD_ID) values (2,21);
Insert into NADURI.MCHOICE (M_NO,KEYWORD_ID) values (2,8);
Insert into NADURI.MCHOICE (M_NO,KEYWORD_ID) values (3,1);
Insert into NADURI.MCHOICE (M_NO,KEYWORD_ID) values (3,5);
Insert into NADURI.MCHOICE (M_NO,KEYWORD_ID) values (3,6);
Insert into NADURI.MCHOICE (M_NO,KEYWORD_ID) values (3,19);
Insert into NADURI.MCHOICE (M_NO,KEYWORD_ID) values (3,28);
Insert into NADURI.MCHOICE (M_NO,KEYWORD_ID) values (3,32);
Insert into NADURI.MCHOICE (M_NO,KEYWORD_ID) values (3,11);
Insert into NADURI.MCHOICE (M_NO,KEYWORD_ID) values (3,42);
Insert into NADURI.MCHOICE (M_NO,KEYWORD_ID) values (3,37);
Insert into NADURI.MCHOICE (M_NO,KEYWORD_ID) values (4,31);
Insert into NADURI.MCHOICE (M_NO,KEYWORD_ID) values (4,41);
Insert into NADURI.MCHOICE (M_NO,KEYWORD_ID) values (4,1);
Insert into NADURI.MCHOICE (M_NO,KEYWORD_ID) values (5,35);
Insert into NADURI.MCHOICE (M_NO,KEYWORD_ID) values (5,21);
Insert into NADURI.MCHOICE (M_NO,KEYWORD_ID) values (5,13);
Insert into NADURI.MCHOICE (M_NO,KEYWORD_ID) values (5,9);
Insert into NADURI.MCHOICE (M_NO,KEYWORD_ID) values (5,40);
Insert into NADURI.MCHOICE (M_NO,KEYWORD_ID) values (5,6);
Insert into NADURI.MCHOICE (M_NO,KEYWORD_ID) values (6,5);
Insert into NADURI.MCHOICE (M_NO,KEYWORD_ID) values (6,9);
Insert into NADURI.MCHOICE (M_NO,KEYWORD_ID) values (6,16);
Insert into NADURI.MCHOICE (M_NO,KEYWORD_ID) values (6,27);
Insert into NADURI.MCHOICE (M_NO,KEYWORD_ID) values (6,33);
Insert into NADURI.MCHOICE (M_NO,KEYWORD_ID) values (6,48);
Insert into NADURI.MCHOICE (M_NO,KEYWORD_ID) values (7,1);
Insert into NADURI.MCHOICE (M_NO,KEYWORD_ID) values (7,2);
Insert into NADURI.MCHOICE (M_NO,KEYWORD_ID) values (8,31);
Insert into NADURI.MCHOICE (M_NO,KEYWORD_ID) values (8,28);
Insert into NADURI.MCHOICE (M_NO,KEYWORD_ID) values (8,8);
Insert into NADURI.MCHOICE (M_NO,KEYWORD_ID) values (8,5);
Insert into NADURI.MCHOICE (M_NO,KEYWORD_ID) values (8,1);
Insert into NADURI.MCHOICE (M_NO,KEYWORD_ID) values (8,25);
Insert into NADURI.MCHOICE (M_NO,KEYWORD_ID) values (8,13);
Insert into NADURI.MCHOICE (M_NO,KEYWORD_ID) values (8,12);
Insert into NADURI.MCHOICE (M_NO,KEYWORD_ID) values (8,11);
Insert into NADURI.MCHOICE (M_NO,KEYWORD_ID) values (8,5);
Insert into NADURI.MCHOICE (M_NO,KEYWORD_ID) values (8,37);
Insert into NADURI.MCHOICE (M_NO,KEYWORD_ID) values (8,44);
Insert into NADURI.MCHOICE (M_NO,KEYWORD_ID) values (8,21);
Insert into NADURI.MCHOICE (M_NO,KEYWORD_ID) values (10,6);
Insert into NADURI.MCHOICE (M_NO,KEYWORD_ID) values (10,7);
Insert into NADURI.MCHOICE (M_NO,KEYWORD_ID) values (10,8);
Insert into NADURI.MCHOICE (M_NO,KEYWORD_ID) values (10,9);
Insert into NADURI.MCHOICE (M_NO,KEYWORD_ID) values (11,31);
Insert into NADURI.MCHOICE (M_NO,KEYWORD_ID) values (11,48);
Insert into NADURI.MCHOICE (M_NO,KEYWORD_ID) values (13,1);
Insert into NADURI.MCHOICE (M_NO,KEYWORD_ID) values (13,10);
Insert into NADURI.MCHOICE (M_NO,KEYWORD_ID) values (13,18);
Insert into NADURI.MCHOICE (M_NO,KEYWORD_ID) values (13,21);
Insert into NADURI.MCHOICE (M_NO,KEYWORD_ID) values (13,26);
Insert into NADURI.MCHOICE (M_NO,KEYWORD_ID) values (13,27);
Insert into NADURI.MCHOICE (M_NO,KEYWORD_ID) values (13,35);
Insert into NADURI.MCHOICE (M_NO,KEYWORD_ID) values (14,8);
Insert into NADURI.MCHOICE (M_NO,KEYWORD_ID) values (14,11);
Insert into NADURI.MCHOICE (M_NO,KEYWORD_ID) values (14,16);
Insert into NADURI.MCHOICE (M_NO,KEYWORD_ID) values (15,17);
Insert into NADURI.MCHOICE (M_NO,KEYWORD_ID) values (16,5);
Insert into NADURI.MCHOICE (M_NO,KEYWORD_ID) values (16,7);
Insert into NADURI.MCHOICE (M_NO,KEYWORD_ID) values (16,11);
Insert into NADURI.MCHOICE (M_NO,KEYWORD_ID) values (16,15);
Insert into NADURI.MCHOICE (M_NO,KEYWORD_ID) values (16,16);
Insert into NADURI.MCHOICE (M_NO,KEYWORD_ID) values (16,25);
Insert into NADURI.MCHOICE (M_NO,KEYWORD_ID) values (16,31);
Insert into NADURI.MCHOICE (M_NO,KEYWORD_ID) values (16,32);
Insert into NADURI.MCHOICE (M_NO,KEYWORD_ID) values (16,41);
Insert into NADURI.MCHOICE (M_NO,KEYWORD_ID) values (16,47);
Insert into NADURI.MCHOICE (M_NO,KEYWORD_ID) values (17,5);
Insert into NADURI.MCHOICE (M_NO,KEYWORD_ID) values (17,7);
Insert into NADURI.MCHOICE (M_NO,KEYWORD_ID) values (17,22);
Insert into NADURI.MCHOICE (M_NO,KEYWORD_ID) values (17,45);
Insert into NADURI.MCHOICE (M_NO,KEYWORD_ID) values (17,42);
Insert into NADURI.MCHOICE (M_NO,KEYWORD_ID) values (17,35);
Insert into NADURI.MCHOICE (M_NO,KEYWORD_ID) values (17,1);
Insert into NADURI.MCHOICE (M_NO,KEYWORD_ID) values (17,2);
Insert into NADURI.MCHOICE (M_NO,KEYWORD_ID) values (17,3);
Insert into NADURI.MCHOICE (M_NO,KEYWORD_ID) values (17,6);
Insert into NADURI.MCHOICE (M_NO,KEYWORD_ID) values (17,8);
Insert into NADURI.MCHOICE (M_NO,KEYWORD_ID) values (17,9);
Insert into NADURI.MCHOICE (M_NO,KEYWORD_ID) values (17,10);
Insert into NADURI.MCHOICE (M_NO,KEYWORD_ID) values (17,11);
Insert into NADURI.MCHOICE (M_NO,KEYWORD_ID) values (17,13);
Insert into NADURI.MCHOICE (M_NO,KEYWORD_ID) values (17,16);
Insert into NADURI.MCHOICE (M_NO,KEYWORD_ID) values (17,17);
Insert into NADURI.MCHOICE (M_NO,KEYWORD_ID) values (17,18);
Insert into NADURI.MCHOICE (M_NO,KEYWORD_ID) values (17,21);
Insert into NADURI.MCHOICE (M_NO,KEYWORD_ID) values (17,24);
Insert into NADURI.MCHOICE (M_NO,KEYWORD_ID) values (17,27);
Insert into NADURI.MCHOICE (M_NO,KEYWORD_ID) values (17,31);
Insert into NADURI.MCHOICE (M_NO,KEYWORD_ID) values (17,32);
Insert into NADURI.MCHOICE (M_NO,KEYWORD_ID) values (17,33);
Insert into NADURI.MCHOICE (M_NO,KEYWORD_ID) values (17,41);
Insert into NADURI.MCHOICE (M_NO,KEYWORD_ID) values (17,48);
Insert into NADURI.MCHOICE (M_NO,KEYWORD_ID) values (18,3);
Insert into NADURI.MCHOICE (M_NO,KEYWORD_ID) values (18,30);
Insert into NADURI.MCHOICE (M_NO,KEYWORD_ID) values (19,5);
Insert into NADURI.MCHOICE (M_NO,KEYWORD_ID) values (19,8);
Insert into NADURI.MCHOICE (M_NO,KEYWORD_ID) values (19,11);
Insert into NADURI.MCHOICE (M_NO,KEYWORD_ID) values (19,19);
REM INSERTING into NADURI.MEMBER
SET DEFINE OFF;
Insert into NADURI.MEMBER (M_NO,M_ID,M_AUTH,M_PWD,M_NAME,M_GENDER,M_ADDRESS,M_EMAIL,M_PHONE,M_STATUS,M_BIRTH) values (1,'admin1','0','admin1','관리자','M','서울특별시 강남구','admin1@example.com','010-9999-9999','Y','1998-09-08');
Insert into NADURI.MEMBER (M_NO,M_ID,M_AUTH,M_PWD,M_NAME,M_GENDER,M_ADDRESS,M_EMAIL,M_PHONE,M_STATUS,M_BIRTH) values (2,'test1','1','pass1','홍길동','F','서울 관악구','test1@example.com','010-1111-1111','Y','1996-04-21');
Insert into NADURI.MEMBER (M_NO,M_ID,M_AUTH,M_PWD,M_NAME,M_GENDER,M_ADDRESS,M_EMAIL,M_PHONE,M_STATUS,M_BIRTH) values (3,'test2','1','pass2','박홍식','M','서울특별시 서대문구','test2@example.com','010-2222-2222','Y','1998-09-10');
Insert into NADURI.MEMBER (M_NO,M_ID,M_AUTH,M_PWD,M_NAME,M_GENDER,M_ADDRESS,M_EMAIL,M_PHONE,M_STATUS,M_BIRTH) values (4,'honggildong','1','1234','홍길동','M','13473 경기 성남시 분당구 경부고속도로 409 (삼평동) 상세주소','gildong.hong@example.com','010-2345-6578','Y','1998-09-11');
Insert into NADURI.MEMBER (M_NO,M_ID,M_AUTH,M_PWD,M_NAME,M_GENDER,M_ADDRESS,M_EMAIL,M_PHONE,M_STATUS,M_BIRTH) values (5,'daldal_kim','1','1234','김달달','F','30140 세종특별자치시 집현동 915','test3@example.com','010-1234-1234','Y','1995-12-21');
Insert into NADURI.MEMBER (M_NO,M_ID,M_AUTH,M_PWD,M_NAME,M_GENDER,M_ADDRESS,M_EMAIL,M_PHONE,M_STATUS,M_BIRTH) values (6,'moonseok80','1','moonseok80','강문석','F','01891 서울특별시 노원구 광운로2길 22(월계동, 세움2차) 000동 101호','test4@example.com','016-1515-6545','Y','1980-08-21');
Insert into NADURI.MEMBER (M_NO,M_ID,M_AUTH,M_PWD,M_NAME,M_GENDER,M_ADDRESS,M_EMAIL,M_PHONE,M_STATUS,M_BIRTH) values (7,'PARIS','1','PARIS','김황석','M','01816 서울특별시 노원구 방방로3길 21 111동 11호','hwangseok89@gmail.com','010-1234-1234','Y','1989-10-30');
Insert into NADURI.MEMBER (M_NO,M_ID,M_AUTH,M_PWD,M_NAME,M_GENDER,M_ADDRESS,M_EMAIL,M_PHONE,M_STATUS,M_BIRTH) values (8,'test6','1','pass6','노다비','F','대전 서구 갈마동 48','test6@example.com','010-9999-8754','Y','1993-06-11');
Insert into NADURI.MEMBER (M_NO,M_ID,M_AUTH,M_PWD,M_NAME,M_GENDER,M_ADDRESS,M_EMAIL,M_PHONE,M_STATUS,M_BIRTH) values (9,'test7','1','pass7','세홍홍','F','01234 부산시 수영구','test7@example.com','010-7865-1256','Y','2001-01-01');
Insert into NADURI.MEMBER (M_NO,M_ID,M_AUTH,M_PWD,M_NAME,M_GENDER,M_ADDRESS,M_EMAIL,M_PHONE,M_STATUS,M_BIRTH) values (10,'test8','1','pass8','박수영','F','경기도고양시솜이구','test8@example.com','010-8452-4454','Y','2003-05-16');
Insert into NADURI.MEMBER (M_NO,M_ID,M_AUTH,M_PWD,M_NAME,M_GENDER,M_ADDRESS,M_EMAIL,M_PHONE,M_STATUS,M_BIRTH) values (11,'test9','1','pass9','두울리','F','12321 서울특별시 노원구 방방로3길 21 111동 11호','test9@example.com','010-8452-4455','Y','2001-05-17');
Insert into NADURI.MEMBER (M_NO,M_ID,M_AUTH,M_PWD,M_NAME,M_GENDER,M_ADDRESS,M_EMAIL,M_PHONE,M_STATUS,M_BIRTH) values (12,'test10','1','pass10','다니엘','F','12323 서울특별시 노원구 방방로3길 21 111동 11호','test10@example.com','010-8452-4456','Y','2003-05-18');
Insert into NADURI.MEMBER (M_NO,M_ID,M_AUTH,M_PWD,M_NAME,M_GENDER,M_ADDRESS,M_EMAIL,M_PHONE,M_STATUS,M_BIRTH) values (13,'test11','1','pass11','김숙','M','12323 서울특별시 경기구 부산동','test11@example.com','010-8452-4457','Y','2003-05-19');
Insert into NADURI.MEMBER (M_NO,M_ID,M_AUTH,M_PWD,M_NAME,M_GENDER,M_ADDRESS,M_EMAIL,M_PHONE,M_STATUS,M_BIRTH) values (14,'test12','1','pass12','박나래','F','12324 서울특별시 노원구 방방로3길 21 111동 11호','test12@example.com','010-8452-4458','Y','2003-05-20');
Insert into NADURI.MEMBER (M_NO,M_ID,M_AUTH,M_PWD,M_NAME,M_GENDER,M_ADDRESS,M_EMAIL,M_PHONE,M_STATUS,M_BIRTH) values (15,'test13','1','pass13','송은이','M','12323 서울특별시 대전구 충청동','test13@example.com','010-8452-4459','Y','2005-05-21');
Insert into NADURI.MEMBER (M_NO,M_ID,M_AUTH,M_PWD,M_NAME,M_GENDER,M_ADDRESS,M_EMAIL,M_PHONE,M_STATUS,M_BIRTH) values (16,'test14','1','pass14','패리쓰','M','12326 서울특별시 노원구 방방로3길 21 111동 11호','test14@example.com','010-8452-4460','Y','2003-05-22');
Insert into NADURI.MEMBER (M_NO,M_ID,M_AUTH,M_PWD,M_NAME,M_GENDER,M_ADDRESS,M_EMAIL,M_PHONE,M_STATUS,M_BIRTH) values (17,'test15','1','pass15','홍세박','M','12323 서울특별시 울산구 강원동','test15@example.com','010-8452-4461','Y','1996-04-18');
Insert into NADURI.MEMBER (M_NO,M_ID,M_AUTH,M_PWD,M_NAME,M_GENDER,M_ADDRESS,M_EMAIL,M_PHONE,M_STATUS,M_BIRTH) values (18,'test16','1','pass16','박네홍','F','대전 서구 갈마동 다정빌라 402호','test16@example.com','010-8452-4462','Y','1996-04-19');
Insert into NADURI.MEMBER (M_NO,M_ID,M_AUTH,M_PWD,M_NAME,M_GENDER,M_ADDRESS,M_EMAIL,M_PHONE,M_STATUS,M_BIRTH) values (19,'test17','1','pass17','육홍이','F','대전 서구 월평동 부자아파트 101동 1301호','test17@example.com','010-8452-4463','Y','1996-04-20');
Insert into NADURI.MEMBER (M_NO,M_ID,M_AUTH,M_PWD,M_NAME,M_GENDER,M_ADDRESS,M_EMAIL,M_PHONE,M_STATUS,M_BIRTH) values (20,'test18','1','pass18','박솜이','M','경기도 고양시 솜이구 귀염동 ','test18@example.com','010-8452-4464','Y','1996-04-21');
REM INSERTING into NADURI.NOTICE
SET DEFINE OFF;
Insert into NADURI.NOTICE (N_NO,N_TITLE,N_CONTENT,N_DATE,M_NO,N_FILE) values (1,'게시글 TEST1','TEST 데이터1',to_date('21/05/05','RR/MM/DD'),1,null);
Insert into NADURI.NOTICE (N_NO,N_TITLE,N_CONTENT,N_DATE,M_NO,N_FILE) values (2,'게시글 TEST2','TEST 데이터2',to_date('21/05/05','RR/MM/DD'),1,null);
Insert into NADURI.NOTICE (N_NO,N_TITLE,N_CONTENT,N_DATE,M_NO,N_FILE) values (3,'게시글 TEST3','TEST 데이터3',to_date('21/05/05','RR/MM/DD'),1,null);
Insert into NADURI.NOTICE (N_NO,N_TITLE,N_CONTENT,N_DATE,M_NO,N_FILE) values (4,'게시글 TEST4','TEST 데이터4',to_date('21/05/05','RR/MM/DD'),1,null);
Insert into NADURI.NOTICE (N_NO,N_TITLE,N_CONTENT,N_DATE,M_NO,N_FILE) values (5,'게시글 TEST5','TEST 데이터5',to_date('21/05/05','RR/MM/DD'),1,null);
Insert into NADURI.NOTICE (N_NO,N_TITLE,N_CONTENT,N_DATE,M_NO,N_FILE) values (6,'게시글 TEST6','TEST 데이터6',to_date('21/05/05','RR/MM/DD'),1,null);
Insert into NADURI.NOTICE (N_NO,N_TITLE,N_CONTENT,N_DATE,M_NO,N_FILE) values (7,'게시글 TEST7','TEST 데이터7',to_date('21/05/05','RR/MM/DD'),1,null);
Insert into NADURI.NOTICE (N_NO,N_TITLE,N_CONTENT,N_DATE,M_NO,N_FILE) values (8,'게시글 TEST8','TEST 데이터8',to_date('21/05/05','RR/MM/DD'),1,null);
Insert into NADURI.NOTICE (N_NO,N_TITLE,N_CONTENT,N_DATE,M_NO,N_FILE) values (9,'게시글 TEST9','TEST 데이터9',to_date('21/05/05','RR/MM/DD'),1,null);
Insert into NADURI.NOTICE (N_NO,N_TITLE,N_CONTENT,N_DATE,M_NO,N_FILE) values (10,'게시글 TEST10','TEST 데이터10',to_date('21/05/05','RR/MM/DD'),1,null);
Insert into NADURI.NOTICE (N_NO,N_TITLE,N_CONTENT,N_DATE,M_NO,N_FILE) values (11,'게시글 TEST11','TEST 데이터11',to_date('21/05/05','RR/MM/DD'),1,null);
Insert into NADURI.NOTICE (N_NO,N_TITLE,N_CONTENT,N_DATE,M_NO,N_FILE) values (12,'게시글 TEST12','TEST 데이터12',to_date('21/05/05','RR/MM/DD'),1,null);
Insert into NADURI.NOTICE (N_NO,N_TITLE,N_CONTENT,N_DATE,M_NO,N_FILE) values (13,'게시글 TEST13','TEST 데이터13',to_date('21/05/05','RR/MM/DD'),1,null);
Insert into NADURI.NOTICE (N_NO,N_TITLE,N_CONTENT,N_DATE,M_NO,N_FILE) values (14,'게시글 TEST14','TEST 데이터14',to_date('21/05/05','RR/MM/DD'),1,null);
Insert into NADURI.NOTICE (N_NO,N_TITLE,N_CONTENT,N_DATE,M_NO,N_FILE) values (15,'게시글 TEST15','TEST 데이터15',to_date('21/05/05','RR/MM/DD'),1,null);
Insert into NADURI.NOTICE (N_NO,N_TITLE,N_CONTENT,N_DATE,M_NO,N_FILE) values (16,'게시글 TEST16','TEST 데이터16',to_date('21/05/05','RR/MM/DD'),1,null);
Insert into NADURI.NOTICE (N_NO,N_TITLE,N_CONTENT,N_DATE,M_NO,N_FILE) values (17,'게시글 TEST17','TEST 데이터17',to_date('21/05/05','RR/MM/DD'),1,null);
Insert into NADURI.NOTICE (N_NO,N_TITLE,N_CONTENT,N_DATE,M_NO,N_FILE) values (18,'게시글 TEST18','TEST 데이터18',to_date('21/05/05','RR/MM/DD'),1,null);
Insert into NADURI.NOTICE (N_NO,N_TITLE,N_CONTENT,N_DATE,M_NO,N_FILE) values (19,'게시글 TEST19','TEST 데이터19',to_date('21/05/05','RR/MM/DD'),1,null);
Insert into NADURI.NOTICE (N_NO,N_TITLE,N_CONTENT,N_DATE,M_NO,N_FILE) values (20,'게시글 TEST20','TEST 데이터20',to_date('21/05/05','RR/MM/DD'),1,null);
Insert into NADURI.NOTICE (N_NO,N_TITLE,N_CONTENT,N_DATE,M_NO,N_FILE) values (21,'게시글 TEST21','TEST 데이터21',to_date('21/05/05','RR/MM/DD'),1,null);
Insert into NADURI.NOTICE (N_NO,N_TITLE,N_CONTENT,N_DATE,M_NO,N_FILE) values (22,'게시글 TEST22','TEST 데이터22',to_date('21/05/05','RR/MM/DD'),1,null);
Insert into NADURI.NOTICE (N_NO,N_TITLE,N_CONTENT,N_DATE,M_NO,N_FILE) values (23,'게시글 TEST23','TEST 데이터23',to_date('21/05/05','RR/MM/DD'),1,null);
Insert into NADURI.NOTICE (N_NO,N_TITLE,N_CONTENT,N_DATE,M_NO,N_FILE) values (24,'게시글 TEST24','TEST 데이터24',to_date('21/05/05','RR/MM/DD'),1,null);
Insert into NADURI.NOTICE (N_NO,N_TITLE,N_CONTENT,N_DATE,M_NO,N_FILE) values (25,'게시글 TEST25','TEST 데이터25',to_date('21/05/05','RR/MM/DD'),1,null);
Insert into NADURI.NOTICE (N_NO,N_TITLE,N_CONTENT,N_DATE,M_NO,N_FILE) values (26,'게시글 TEST26','TEST 데이터26',to_date('21/05/05','RR/MM/DD'),1,null);
Insert into NADURI.NOTICE (N_NO,N_TITLE,N_CONTENT,N_DATE,M_NO,N_FILE) values (27,'게시글 TEST27','TEST 데이터27',to_date('21/05/05','RR/MM/DD'),1,null);
Insert into NADURI.NOTICE (N_NO,N_TITLE,N_CONTENT,N_DATE,M_NO,N_FILE) values (28,'게시글 TEST28','TEST 데이터28',to_date('21/05/05','RR/MM/DD'),1,null);
Insert into NADURI.NOTICE (N_NO,N_TITLE,N_CONTENT,N_DATE,M_NO,N_FILE) values (29,'게시글 TEST29','TEST 데이터29',to_date('21/05/05','RR/MM/DD'),1,null);
Insert into NADURI.NOTICE (N_NO,N_TITLE,N_CONTENT,N_DATE,M_NO,N_FILE) values (30,'게시글 TEST30','TEST 데이터30',to_date('21/05/05','RR/MM/DD'),1,null);
Insert into NADURI.NOTICE (N_NO,N_TITLE,N_CONTENT,N_DATE,M_NO,N_FILE) values (31,'게시글 TEST31','TEST 데이터31',to_date('21/05/05','RR/MM/DD'),1,null);
Insert into NADURI.NOTICE (N_NO,N_TITLE,N_CONTENT,N_DATE,M_NO,N_FILE) values (32,'게시글 TEST32','TEST 데이터32',to_date('21/05/05','RR/MM/DD'),1,null);
Insert into NADURI.NOTICE (N_NO,N_TITLE,N_CONTENT,N_DATE,M_NO,N_FILE) values (33,'게시글 TEST33','TEST 데이터33',to_date('21/05/05','RR/MM/DD'),1,null);
Insert into NADURI.NOTICE (N_NO,N_TITLE,N_CONTENT,N_DATE,M_NO,N_FILE) values (34,'게시글 TEST34','TEST 데이터34',to_date('21/05/05','RR/MM/DD'),1,null);
Insert into NADURI.NOTICE (N_NO,N_TITLE,N_CONTENT,N_DATE,M_NO,N_FILE) values (35,'게시글 TEST35','TEST 데이터35',to_date('21/05/05','RR/MM/DD'),1,null);
Insert into NADURI.NOTICE (N_NO,N_TITLE,N_CONTENT,N_DATE,M_NO,N_FILE) values (36,'게시글 TEST36','TEST 데이터36',to_date('21/05/05','RR/MM/DD'),1,null);
Insert into NADURI.NOTICE (N_NO,N_TITLE,N_CONTENT,N_DATE,M_NO,N_FILE) values (37,'게시글 TEST37','TEST 데이터37',to_date('21/05/05','RR/MM/DD'),1,null);
Insert into NADURI.NOTICE (N_NO,N_TITLE,N_CONTENT,N_DATE,M_NO,N_FILE) values (38,'게시글 TEST38','TEST 데이터38',to_date('21/05/05','RR/MM/DD'),1,null);
Insert into NADURI.NOTICE (N_NO,N_TITLE,N_CONTENT,N_DATE,M_NO,N_FILE) values (39,'게시글 TEST39','TEST 데이터39',to_date('21/05/05','RR/MM/DD'),1,null);
Insert into NADURI.NOTICE (N_NO,N_TITLE,N_CONTENT,N_DATE,M_NO,N_FILE) values (40,'게시글 TEST40','TEST 데이터40',to_date('21/05/05','RR/MM/DD'),1,null);
Insert into NADURI.NOTICE (N_NO,N_TITLE,N_CONTENT,N_DATE,M_NO,N_FILE) values (41,'게시글 TEST41','TEST 데이터41',to_date('21/05/05','RR/MM/DD'),1,null);
Insert into NADURI.NOTICE (N_NO,N_TITLE,N_CONTENT,N_DATE,M_NO,N_FILE) values (42,'게시글 TEST42','TEST 데이터42',to_date('21/05/05','RR/MM/DD'),1,null);
Insert into NADURI.NOTICE (N_NO,N_TITLE,N_CONTENT,N_DATE,M_NO,N_FILE) values (43,'게시글 TEST43','TEST 데이터43',to_date('21/05/05','RR/MM/DD'),1,null);
Insert into NADURI.NOTICE (N_NO,N_TITLE,N_CONTENT,N_DATE,M_NO,N_FILE) values (44,'게시글 TEST44','TEST 데이터44',to_date('21/05/05','RR/MM/DD'),1,null);
Insert into NADURI.NOTICE (N_NO,N_TITLE,N_CONTENT,N_DATE,M_NO,N_FILE) values (45,'게시글 TEST45','TEST 데이터45',to_date('21/05/05','RR/MM/DD'),1,null);
Insert into NADURI.NOTICE (N_NO,N_TITLE,N_CONTENT,N_DATE,M_NO,N_FILE) values (46,'게시글 TEST46','TEST 데이터46',to_date('21/05/05','RR/MM/DD'),1,null);
Insert into NADURI.NOTICE (N_NO,N_TITLE,N_CONTENT,N_DATE,M_NO,N_FILE) values (47,'게시글 TEST47','TEST 데이터47',to_date('21/05/05','RR/MM/DD'),1,null);
Insert into NADURI.NOTICE (N_NO,N_TITLE,N_CONTENT,N_DATE,M_NO,N_FILE) values (48,'게시글 TEST48','TEST 데이터48',to_date('21/05/05','RR/MM/DD'),1,null);
Insert into NADURI.NOTICE (N_NO,N_TITLE,N_CONTENT,N_DATE,M_NO,N_FILE) values (49,'게시글 TEST49','TEST 데이터49',to_date('21/05/05','RR/MM/DD'),1,null);
Insert into NADURI.NOTICE (N_NO,N_TITLE,N_CONTENT,N_DATE,M_NO,N_FILE) values (50,'게시글 TEST50','TEST 데이터50',to_date('21/05/05','RR/MM/DD'),1,null);
Insert into NADURI.NOTICE (N_NO,N_TITLE,N_CONTENT,N_DATE,M_NO,N_FILE) values (51,'게시글 TEST51','TEST 데이터51',to_date('21/05/05','RR/MM/DD'),1,null);
Insert into NADURI.NOTICE (N_NO,N_TITLE,N_CONTENT,N_DATE,M_NO,N_FILE) values (52,'게시글 TEST52','TEST 데이터52',to_date('21/05/05','RR/MM/DD'),1,null);
Insert into NADURI.NOTICE (N_NO,N_TITLE,N_CONTENT,N_DATE,M_NO,N_FILE) values (53,'게시글 TEST53','TEST 데이터53',to_date('21/05/05','RR/MM/DD'),1,null);
Insert into NADURI.NOTICE (N_NO,N_TITLE,N_CONTENT,N_DATE,M_NO,N_FILE) values (54,'게시글 TEST54','TEST 데이터54',to_date('21/05/05','RR/MM/DD'),1,null);
Insert into NADURI.NOTICE (N_NO,N_TITLE,N_CONTENT,N_DATE,M_NO,N_FILE) values (55,'게시글 TEST55','TEST 데이터55',to_date('21/05/05','RR/MM/DD'),1,null);
Insert into NADURI.NOTICE (N_NO,N_TITLE,N_CONTENT,N_DATE,M_NO,N_FILE) values (56,'게시글 TEST56','TEST 데이터56',to_date('21/05/05','RR/MM/DD'),1,null);
Insert into NADURI.NOTICE (N_NO,N_TITLE,N_CONTENT,N_DATE,M_NO,N_FILE) values (57,'게시글 TEST57','TEST 데이터57',to_date('21/05/05','RR/MM/DD'),1,null);
Insert into NADURI.NOTICE (N_NO,N_TITLE,N_CONTENT,N_DATE,M_NO,N_FILE) values (58,'게시글 TEST58','TEST 데이터58',to_date('21/05/05','RR/MM/DD'),1,null);
Insert into NADURI.NOTICE (N_NO,N_TITLE,N_CONTENT,N_DATE,M_NO,N_FILE) values (59,'게시글 TEST59','TEST 데이터59',to_date('21/05/05','RR/MM/DD'),1,null);
Insert into NADURI.NOTICE (N_NO,N_TITLE,N_CONTENT,N_DATE,M_NO,N_FILE) values (60,'게시글 TEST60','TEST 데이터60',to_date('21/05/05','RR/MM/DD'),1,null);
Insert into NADURI.NOTICE (N_NO,N_TITLE,N_CONTENT,N_DATE,M_NO,N_FILE) values (61,'게시글 TEST61','TEST 데이터61',to_date('21/05/05','RR/MM/DD'),1,null);
Insert into NADURI.NOTICE (N_NO,N_TITLE,N_CONTENT,N_DATE,M_NO,N_FILE) values (62,'게시글 TEST62','TEST 데이터62',to_date('21/05/05','RR/MM/DD'),1,null);
Insert into NADURI.NOTICE (N_NO,N_TITLE,N_CONTENT,N_DATE,M_NO,N_FILE) values (63,'게시글 TEST63','TEST 데이터63',to_date('21/05/05','RR/MM/DD'),1,null);
Insert into NADURI.NOTICE (N_NO,N_TITLE,N_CONTENT,N_DATE,M_NO,N_FILE) values (64,'게시글 TEST64','TEST 데이터64',to_date('21/05/05','RR/MM/DD'),1,null);
Insert into NADURI.NOTICE (N_NO,N_TITLE,N_CONTENT,N_DATE,M_NO,N_FILE) values (65,'게시글 TEST65','TEST 데이터65',to_date('21/05/05','RR/MM/DD'),1,null);
Insert into NADURI.NOTICE (N_NO,N_TITLE,N_CONTENT,N_DATE,M_NO,N_FILE) values (66,'게시글 TEST66','TEST 데이터66',to_date('21/05/05','RR/MM/DD'),1,null);
Insert into NADURI.NOTICE (N_NO,N_TITLE,N_CONTENT,N_DATE,M_NO,N_FILE) values (67,'게시글 TEST67','TEST 데이터67',to_date('21/05/05','RR/MM/DD'),1,null);
Insert into NADURI.NOTICE (N_NO,N_TITLE,N_CONTENT,N_DATE,M_NO,N_FILE) values (68,'게시글 TEST68','TEST 데이터68',to_date('21/05/05','RR/MM/DD'),1,null);
Insert into NADURI.NOTICE (N_NO,N_TITLE,N_CONTENT,N_DATE,M_NO,N_FILE) values (69,'게시글 TEST69','TEST 데이터69',to_date('21/05/05','RR/MM/DD'),1,null);
Insert into NADURI.NOTICE (N_NO,N_TITLE,N_CONTENT,N_DATE,M_NO,N_FILE) values (70,'게시글 TEST70','TEST 데이터70',to_date('21/05/05','RR/MM/DD'),1,null);
Insert into NADURI.NOTICE (N_NO,N_TITLE,N_CONTENT,N_DATE,M_NO,N_FILE) values (71,'게시글 TEST71','TEST 데이터71',to_date('21/05/05','RR/MM/DD'),1,null);
Insert into NADURI.NOTICE (N_NO,N_TITLE,N_CONTENT,N_DATE,M_NO,N_FILE) values (72,'게시글 TEST72','TEST 데이터72',to_date('21/05/05','RR/MM/DD'),1,null);
Insert into NADURI.NOTICE (N_NO,N_TITLE,N_CONTENT,N_DATE,M_NO,N_FILE) values (73,'게시글 TEST73','TEST 데이터73',to_date('21/05/05','RR/MM/DD'),1,null);
Insert into NADURI.NOTICE (N_NO,N_TITLE,N_CONTENT,N_DATE,M_NO,N_FILE) values (74,'게시글 TEST74','TEST 데이터74',to_date('21/05/05','RR/MM/DD'),1,null);
Insert into NADURI.NOTICE (N_NO,N_TITLE,N_CONTENT,N_DATE,M_NO,N_FILE) values (75,'게시글 TEST75','TEST 데이터75',to_date('21/05/05','RR/MM/DD'),1,null);
Insert into NADURI.NOTICE (N_NO,N_TITLE,N_CONTENT,N_DATE,M_NO,N_FILE) values (76,'게시글 TEST76','TEST 데이터76',to_date('21/05/05','RR/MM/DD'),1,null);
Insert into NADURI.NOTICE (N_NO,N_TITLE,N_CONTENT,N_DATE,M_NO,N_FILE) values (77,'게시글 TEST77','TEST 데이터77',to_date('21/05/05','RR/MM/DD'),1,null);
Insert into NADURI.NOTICE (N_NO,N_TITLE,N_CONTENT,N_DATE,M_NO,N_FILE) values (78,'게시글 TEST78','TEST 데이터78',to_date('21/05/05','RR/MM/DD'),1,null);
Insert into NADURI.NOTICE (N_NO,N_TITLE,N_CONTENT,N_DATE,M_NO,N_FILE) values (79,'게시글 TEST79','TEST 데이터79',to_date('21/05/05','RR/MM/DD'),1,null);
Insert into NADURI.NOTICE (N_NO,N_TITLE,N_CONTENT,N_DATE,M_NO,N_FILE) values (80,'게시글 TEST80','TEST 데이터80',to_date('21/05/05','RR/MM/DD'),1,null);
Insert into NADURI.NOTICE (N_NO,N_TITLE,N_CONTENT,N_DATE,M_NO,N_FILE) values (81,'게시글 TEST81','TEST 데이터81',to_date('21/05/05','RR/MM/DD'),1,null);
Insert into NADURI.NOTICE (N_NO,N_TITLE,N_CONTENT,N_DATE,M_NO,N_FILE) values (82,'게시글 TEST82','TEST 데이터82',to_date('21/05/05','RR/MM/DD'),1,null);
Insert into NADURI.NOTICE (N_NO,N_TITLE,N_CONTENT,N_DATE,M_NO,N_FILE) values (83,'게시글 TEST83','TEST 데이터83',to_date('21/05/05','RR/MM/DD'),1,null);
Insert into NADURI.NOTICE (N_NO,N_TITLE,N_CONTENT,N_DATE,M_NO,N_FILE) values (84,'게시글 TEST84','TEST 데이터84',to_date('21/05/05','RR/MM/DD'),1,null);
Insert into NADURI.NOTICE (N_NO,N_TITLE,N_CONTENT,N_DATE,M_NO,N_FILE) values (85,'게시글 TEST85','TEST 데이터85',to_date('21/05/05','RR/MM/DD'),1,null);
Insert into NADURI.NOTICE (N_NO,N_TITLE,N_CONTENT,N_DATE,M_NO,N_FILE) values (86,'게시글 TEST86','TEST 데이터86',to_date('21/05/05','RR/MM/DD'),1,null);
Insert into NADURI.NOTICE (N_NO,N_TITLE,N_CONTENT,N_DATE,M_NO,N_FILE) values (87,'게시글 TEST87','TEST 데이터87',to_date('21/05/05','RR/MM/DD'),1,null);
Insert into NADURI.NOTICE (N_NO,N_TITLE,N_CONTENT,N_DATE,M_NO,N_FILE) values (88,'게시글 TEST88','TEST 데이터88',to_date('21/05/05','RR/MM/DD'),1,null);
Insert into NADURI.NOTICE (N_NO,N_TITLE,N_CONTENT,N_DATE,M_NO,N_FILE) values (89,'게시글 TEST89','TEST 데이터89',to_date('21/05/05','RR/MM/DD'),1,null);
Insert into NADURI.NOTICE (N_NO,N_TITLE,N_CONTENT,N_DATE,M_NO,N_FILE) values (90,'게시글 TEST90','TEST 데이터90',to_date('21/05/05','RR/MM/DD'),1,null);
Insert into NADURI.NOTICE (N_NO,N_TITLE,N_CONTENT,N_DATE,M_NO,N_FILE) values (91,'게시글 TEST91','TEST 데이터91',to_date('21/05/05','RR/MM/DD'),1,null);
Insert into NADURI.NOTICE (N_NO,N_TITLE,N_CONTENT,N_DATE,M_NO,N_FILE) values (92,'게시글 TEST92','TEST 데이터92',to_date('21/05/05','RR/MM/DD'),1,null);
Insert into NADURI.NOTICE (N_NO,N_TITLE,N_CONTENT,N_DATE,M_NO,N_FILE) values (93,'게시글 TEST93','TEST 데이터93',to_date('21/05/05','RR/MM/DD'),1,null);
Insert into NADURI.NOTICE (N_NO,N_TITLE,N_CONTENT,N_DATE,M_NO,N_FILE) values (94,'게시글 TEST94','TEST 데이터94',to_date('21/05/05','RR/MM/DD'),1,null);
Insert into NADURI.NOTICE (N_NO,N_TITLE,N_CONTENT,N_DATE,M_NO,N_FILE) values (95,'게시글 TEST95','TEST 데이터95',to_date('21/05/05','RR/MM/DD'),1,null);
Insert into NADURI.NOTICE (N_NO,N_TITLE,N_CONTENT,N_DATE,M_NO,N_FILE) values (96,'게시글 TEST96','TEST 데이터96',to_date('21/05/05','RR/MM/DD'),1,null);
Insert into NADURI.NOTICE (N_NO,N_TITLE,N_CONTENT,N_DATE,M_NO,N_FILE) values (97,'게시글 TEST97','TEST 데이터97',to_date('21/05/05','RR/MM/DD'),1,null);
Insert into NADURI.NOTICE (N_NO,N_TITLE,N_CONTENT,N_DATE,M_NO,N_FILE) values (98,'게시글 TEST98','TEST 데이터98',to_date('21/05/05','RR/MM/DD'),1,null);
Insert into NADURI.NOTICE (N_NO,N_TITLE,N_CONTENT,N_DATE,M_NO,N_FILE) values (99,'게시글 TEST99','TEST 데이터99',to_date('21/05/05','RR/MM/DD'),1,null);
Insert into NADURI.NOTICE (N_NO,N_TITLE,N_CONTENT,N_DATE,M_NO,N_FILE) values (100,'게시글 TEST100','TEST 데이터100',to_date('21/05/05','RR/MM/DD'),1,null);
Insert into NADURI.NOTICE (N_NO,N_TITLE,N_CONTENT,N_DATE,M_NO,N_FILE) values (101,'게시글 TEST101','TEST 데이터101',to_date('21/05/05','RR/MM/DD'),1,null);
Insert into NADURI.NOTICE (N_NO,N_TITLE,N_CONTENT,N_DATE,M_NO,N_FILE) values (102,'게시글 TEST102','TEST 데이터102',to_date('21/05/05','RR/MM/DD'),1,null);
Insert into NADURI.NOTICE (N_NO,N_TITLE,N_CONTENT,N_DATE,M_NO,N_FILE) values (103,'게시글 TEST103','TEST 데이터103',to_date('21/05/05','RR/MM/DD'),1,null);
Insert into NADURI.NOTICE (N_NO,N_TITLE,N_CONTENT,N_DATE,M_NO,N_FILE) values (104,'게시글 TEST104','TEST 데이터104',to_date('21/05/05','RR/MM/DD'),1,null);
Insert into NADURI.NOTICE (N_NO,N_TITLE,N_CONTENT,N_DATE,M_NO,N_FILE) values (105,'게시글 TEST105','TEST 데이터105',to_date('21/05/05','RR/MM/DD'),1,null);
Insert into NADURI.NOTICE (N_NO,N_TITLE,N_CONTENT,N_DATE,M_NO,N_FILE) values (106,'게시글 TEST106','TEST 데이터106',to_date('21/05/05','RR/MM/DD'),1,null);
Insert into NADURI.NOTICE (N_NO,N_TITLE,N_CONTENT,N_DATE,M_NO,N_FILE) values (107,'게시글 TEST107','TEST 데이터107',to_date('21/05/05','RR/MM/DD'),1,null);
Insert into NADURI.NOTICE (N_NO,N_TITLE,N_CONTENT,N_DATE,M_NO,N_FILE) values (108,'게시글 TEST108','TEST 데이터108',to_date('21/05/05','RR/MM/DD'),1,null);
Insert into NADURI.NOTICE (N_NO,N_TITLE,N_CONTENT,N_DATE,M_NO,N_FILE) values (109,'게시글 TEST109','TEST 데이터109',to_date('21/05/05','RR/MM/DD'),1,null);
Insert into NADURI.NOTICE (N_NO,N_TITLE,N_CONTENT,N_DATE,M_NO,N_FILE) values (110,'게시글 TEST110','TEST 데이터110',to_date('21/05/05','RR/MM/DD'),1,null);
Insert into NADURI.NOTICE (N_NO,N_TITLE,N_CONTENT,N_DATE,M_NO,N_FILE) values (111,'게시글 TEST111','TEST 데이터111',to_date('21/05/05','RR/MM/DD'),1,null);
Insert into NADURI.NOTICE (N_NO,N_TITLE,N_CONTENT,N_DATE,M_NO,N_FILE) values (112,'게시글 TEST112','TEST 데이터112',to_date('21/05/05','RR/MM/DD'),1,null);
Insert into NADURI.NOTICE (N_NO,N_TITLE,N_CONTENT,N_DATE,M_NO,N_FILE) values (113,'게시글 TEST113','TEST 데이터113',to_date('21/05/05','RR/MM/DD'),1,null);
Insert into NADURI.NOTICE (N_NO,N_TITLE,N_CONTENT,N_DATE,M_NO,N_FILE) values (114,'게시글 TEST114','TEST 데이터114',to_date('21/05/05','RR/MM/DD'),1,null);
Insert into NADURI.NOTICE (N_NO,N_TITLE,N_CONTENT,N_DATE,M_NO,N_FILE) values (115,'게시글 TEST115','TEST 데이터115',to_date('21/05/05','RR/MM/DD'),1,null);
Insert into NADURI.NOTICE (N_NO,N_TITLE,N_CONTENT,N_DATE,M_NO,N_FILE) values (116,'게시글 TEST116','TEST 데이터116',to_date('21/05/05','RR/MM/DD'),1,null);
Insert into NADURI.NOTICE (N_NO,N_TITLE,N_CONTENT,N_DATE,M_NO,N_FILE) values (117,'게시글 TEST117','TEST 데이터117',to_date('21/05/05','RR/MM/DD'),1,null);
Insert into NADURI.NOTICE (N_NO,N_TITLE,N_CONTENT,N_DATE,M_NO,N_FILE) values (118,'게시글 TEST118','TEST 데이터118',to_date('21/05/05','RR/MM/DD'),1,null);
Insert into NADURI.NOTICE (N_NO,N_TITLE,N_CONTENT,N_DATE,M_NO,N_FILE) values (119,'게시글 TEST119','TEST 데이터119',to_date('21/05/05','RR/MM/DD'),1,null);
Insert into NADURI.NOTICE (N_NO,N_TITLE,N_CONTENT,N_DATE,M_NO,N_FILE) values (120,'게시글 TEST120','TEST 데이터120',to_date('21/05/05','RR/MM/DD'),1,null);
Insert into NADURI.NOTICE (N_NO,N_TITLE,N_CONTENT,N_DATE,M_NO,N_FILE) values (121,'게시글 TEST121','TEST 데이터121',to_date('21/05/05','RR/MM/DD'),1,null);
Insert into NADURI.NOTICE (N_NO,N_TITLE,N_CONTENT,N_DATE,M_NO,N_FILE) values (122,'게시글 TEST122','TEST 데이터122',to_date('21/05/05','RR/MM/DD'),1,null);
Insert into NADURI.NOTICE (N_NO,N_TITLE,N_CONTENT,N_DATE,M_NO,N_FILE) values (123,'게시글 TEST123','TEST 데이터123',to_date('21/05/05','RR/MM/DD'),1,null);
Insert into NADURI.NOTICE (N_NO,N_TITLE,N_CONTENT,N_DATE,M_NO,N_FILE) values (124,'게시글 TEST124','TEST 데이터124',to_date('21/05/05','RR/MM/DD'),1,null);
Insert into NADURI.NOTICE (N_NO,N_TITLE,N_CONTENT,N_DATE,M_NO,N_FILE) values (125,'게시글 TEST125','TEST 데이터125',to_date('21/05/05','RR/MM/DD'),1,null);
Insert into NADURI.NOTICE (N_NO,N_TITLE,N_CONTENT,N_DATE,M_NO,N_FILE) values (126,'게시글 TEST126','TEST 데이터126',to_date('21/05/05','RR/MM/DD'),1,null);
Insert into NADURI.NOTICE (N_NO,N_TITLE,N_CONTENT,N_DATE,M_NO,N_FILE) values (127,'게시글 TEST127','TEST 데이터127',to_date('21/05/05','RR/MM/DD'),1,null);
Insert into NADURI.NOTICE (N_NO,N_TITLE,N_CONTENT,N_DATE,M_NO,N_FILE) values (128,'게시글 TEST128','TEST 데이터128',to_date('21/05/05','RR/MM/DD'),1,null);
Insert into NADURI.NOTICE (N_NO,N_TITLE,N_CONTENT,N_DATE,M_NO,N_FILE) values (129,'게시글 TEST129','TEST 데이터129',to_date('21/05/05','RR/MM/DD'),1,null);
Insert into NADURI.NOTICE (N_NO,N_TITLE,N_CONTENT,N_DATE,M_NO,N_FILE) values (130,'게시글 TEST130','TEST 데이터130',to_date('21/05/05','RR/MM/DD'),1,null);
Insert into NADURI.NOTICE (N_NO,N_TITLE,N_CONTENT,N_DATE,M_NO,N_FILE) values (131,'게시글 TEST131','TEST 데이터131',to_date('21/05/05','RR/MM/DD'),1,null);
Insert into NADURI.NOTICE (N_NO,N_TITLE,N_CONTENT,N_DATE,M_NO,N_FILE) values (132,'게시글 TEST132','TEST 데이터132',to_date('21/05/05','RR/MM/DD'),1,null);
Insert into NADURI.NOTICE (N_NO,N_TITLE,N_CONTENT,N_DATE,M_NO,N_FILE) values (133,'게시글 TEST133','TEST 데이터133',to_date('21/05/05','RR/MM/DD'),1,null);
Insert into NADURI.NOTICE (N_NO,N_TITLE,N_CONTENT,N_DATE,M_NO,N_FILE) values (134,'게시글 TEST134','TEST 데이터134',to_date('21/05/05','RR/MM/DD'),1,null);
Insert into NADURI.NOTICE (N_NO,N_TITLE,N_CONTENT,N_DATE,M_NO,N_FILE) values (135,'게시글 TEST135','TEST 데이터135',to_date('21/05/05','RR/MM/DD'),1,null);
Insert into NADURI.NOTICE (N_NO,N_TITLE,N_CONTENT,N_DATE,M_NO,N_FILE) values (136,'게시글 TEST136','TEST 데이터136',to_date('21/05/05','RR/MM/DD'),1,null);
Insert into NADURI.NOTICE (N_NO,N_TITLE,N_CONTENT,N_DATE,M_NO,N_FILE) values (137,'게시글 TEST137','TEST 데이터137',to_date('21/05/05','RR/MM/DD'),1,null);
Insert into NADURI.NOTICE (N_NO,N_TITLE,N_CONTENT,N_DATE,M_NO,N_FILE) values (138,'게시글 TEST138','TEST 데이터138',to_date('21/05/05','RR/MM/DD'),1,null);
Insert into NADURI.NOTICE (N_NO,N_TITLE,N_CONTENT,N_DATE,M_NO,N_FILE) values (139,'게시글 TEST139','TEST 데이터139',to_date('21/05/05','RR/MM/DD'),1,null);
Insert into NADURI.NOTICE (N_NO,N_TITLE,N_CONTENT,N_DATE,M_NO,N_FILE) values (140,'게시글 TEST140','TEST 데이터140',to_date('21/05/05','RR/MM/DD'),1,null);
Insert into NADURI.NOTICE (N_NO,N_TITLE,N_CONTENT,N_DATE,M_NO,N_FILE) values (141,'게시글 TEST141','TEST 데이터141',to_date('21/05/05','RR/MM/DD'),1,null);
Insert into NADURI.NOTICE (N_NO,N_TITLE,N_CONTENT,N_DATE,M_NO,N_FILE) values (142,'게시글 TEST142','TEST 데이터142',to_date('21/05/05','RR/MM/DD'),1,null);
Insert into NADURI.NOTICE (N_NO,N_TITLE,N_CONTENT,N_DATE,M_NO,N_FILE) values (143,'게시글 TEST143','TEST 데이터143',to_date('21/05/05','RR/MM/DD'),1,null);
Insert into NADURI.NOTICE (N_NO,N_TITLE,N_CONTENT,N_DATE,M_NO,N_FILE) values (144,'게시글 TEST144','TEST 데이터144',to_date('21/05/05','RR/MM/DD'),1,null);
Insert into NADURI.NOTICE (N_NO,N_TITLE,N_CONTENT,N_DATE,M_NO,N_FILE) values (145,'게시글 TEST145','TEST 데이터145',to_date('21/05/05','RR/MM/DD'),1,null);
Insert into NADURI.NOTICE (N_NO,N_TITLE,N_CONTENT,N_DATE,M_NO,N_FILE) values (146,'게시글 TEST146','TEST 데이터146',to_date('21/05/05','RR/MM/DD'),1,null);
Insert into NADURI.NOTICE (N_NO,N_TITLE,N_CONTENT,N_DATE,M_NO,N_FILE) values (147,'게시글 TEST147','TEST 데이터147',to_date('21/05/05','RR/MM/DD'),1,null);
Insert into NADURI.NOTICE (N_NO,N_TITLE,N_CONTENT,N_DATE,M_NO,N_FILE) values (148,'게시글 TEST148','TEST 데이터148',to_date('21/05/05','RR/MM/DD'),1,null);
Insert into NADURI.NOTICE (N_NO,N_TITLE,N_CONTENT,N_DATE,M_NO,N_FILE) values (149,'게시글 TEST149','TEST 데이터149',to_date('21/05/05','RR/MM/DD'),1,null);
Insert into NADURI.NOTICE (N_NO,N_TITLE,N_CONTENT,N_DATE,M_NO,N_FILE) values (150,'게시글 TEST150','TEST 데이터150',to_date('21/05/05','RR/MM/DD'),1,null);
Insert into NADURI.NOTICE (N_NO,N_TITLE,N_CONTENT,N_DATE,M_NO,N_FILE) values (151,'게시글 TEST151','TEST 데이터151',to_date('21/05/05','RR/MM/DD'),1,null);
Insert into NADURI.NOTICE (N_NO,N_TITLE,N_CONTENT,N_DATE,M_NO,N_FILE) values (152,'게시글 TEST152','TEST 데이터152',to_date('21/05/05','RR/MM/DD'),1,null);
Insert into NADURI.NOTICE (N_NO,N_TITLE,N_CONTENT,N_DATE,M_NO,N_FILE) values (153,'게시글 TEST153','TEST 데이터153',to_date('21/05/05','RR/MM/DD'),1,null);
Insert into NADURI.NOTICE (N_NO,N_TITLE,N_CONTENT,N_DATE,M_NO,N_FILE) values (154,'게시글 TEST154','TEST 데이터154',to_date('21/05/05','RR/MM/DD'),1,null);
Insert into NADURI.NOTICE (N_NO,N_TITLE,N_CONTENT,N_DATE,M_NO,N_FILE) values (155,'게시글 TEST155','TEST 데이터155',to_date('21/05/05','RR/MM/DD'),1,null);
Insert into NADURI.NOTICE (N_NO,N_TITLE,N_CONTENT,N_DATE,M_NO,N_FILE) values (156,'게시글 TEST156','TEST 데이터156',to_date('21/05/05','RR/MM/DD'),1,null);
Insert into NADURI.NOTICE (N_NO,N_TITLE,N_CONTENT,N_DATE,M_NO,N_FILE) values (157,'게시글 TEST157','TEST 데이터157',to_date('21/05/05','RR/MM/DD'),1,null);
Insert into NADURI.NOTICE (N_NO,N_TITLE,N_CONTENT,N_DATE,M_NO,N_FILE) values (158,'게시글 TEST158','TEST 데이터158',to_date('21/05/05','RR/MM/DD'),1,null);
Insert into NADURI.NOTICE (N_NO,N_TITLE,N_CONTENT,N_DATE,M_NO,N_FILE) values (159,'게시글 TEST159','TEST 데이터159',to_date('21/05/05','RR/MM/DD'),1,null);
Insert into NADURI.NOTICE (N_NO,N_TITLE,N_CONTENT,N_DATE,M_NO,N_FILE) values (160,'게시글 TEST160','TEST 데이터160',to_date('21/05/05','RR/MM/DD'),1,null);
Insert into NADURI.NOTICE (N_NO,N_TITLE,N_CONTENT,N_DATE,M_NO,N_FILE) values (161,'게시글 TEST161','TEST 데이터161',to_date('21/05/05','RR/MM/DD'),1,null);
Insert into NADURI.NOTICE (N_NO,N_TITLE,N_CONTENT,N_DATE,M_NO,N_FILE) values (162,'게시글 TEST162','TEST 데이터162',to_date('21/05/05','RR/MM/DD'),1,null);
Insert into NADURI.NOTICE (N_NO,N_TITLE,N_CONTENT,N_DATE,M_NO,N_FILE) values (163,'게시글 TEST163','TEST 데이터163',to_date('21/05/05','RR/MM/DD'),1,null);
Insert into NADURI.NOTICE (N_NO,N_TITLE,N_CONTENT,N_DATE,M_NO,N_FILE) values (164,'게시글 TEST164','TEST 데이터164',to_date('21/05/05','RR/MM/DD'),1,null);
Insert into NADURI.NOTICE (N_NO,N_TITLE,N_CONTENT,N_DATE,M_NO,N_FILE) values (165,'게시글 TEST165','TEST 데이터165',to_date('21/05/05','RR/MM/DD'),1,null);
Insert into NADURI.NOTICE (N_NO,N_TITLE,N_CONTENT,N_DATE,M_NO,N_FILE) values (166,'게시글 TEST166','TEST 데이터166',to_date('21/05/05','RR/MM/DD'),1,null);
Insert into NADURI.NOTICE (N_NO,N_TITLE,N_CONTENT,N_DATE,M_NO,N_FILE) values (167,'게시글 TEST167','TEST 데이터167',to_date('21/05/05','RR/MM/DD'),1,null);
Insert into NADURI.NOTICE (N_NO,N_TITLE,N_CONTENT,N_DATE,M_NO,N_FILE) values (168,'게시글 TEST168','TEST 데이터168',to_date('21/05/05','RR/MM/DD'),1,null);
Insert into NADURI.NOTICE (N_NO,N_TITLE,N_CONTENT,N_DATE,M_NO,N_FILE) values (169,'게시글 TEST169','TEST 데이터169',to_date('21/05/05','RR/MM/DD'),1,null);
Insert into NADURI.NOTICE (N_NO,N_TITLE,N_CONTENT,N_DATE,M_NO,N_FILE) values (170,'게시글 TEST170','TEST 데이터170',to_date('21/05/05','RR/MM/DD'),1,null);
Insert into NADURI.NOTICE (N_NO,N_TITLE,N_CONTENT,N_DATE,M_NO,N_FILE) values (171,'게시글 TEST171','TEST 데이터171',to_date('21/05/05','RR/MM/DD'),1,null);
Insert into NADURI.NOTICE (N_NO,N_TITLE,N_CONTENT,N_DATE,M_NO,N_FILE) values (172,'게시글 TEST172','TEST 데이터172',to_date('21/05/05','RR/MM/DD'),1,null);
Insert into NADURI.NOTICE (N_NO,N_TITLE,N_CONTENT,N_DATE,M_NO,N_FILE) values (173,'게시글 TEST173','TEST 데이터173',to_date('21/05/05','RR/MM/DD'),1,null);
Insert into NADURI.NOTICE (N_NO,N_TITLE,N_CONTENT,N_DATE,M_NO,N_FILE) values (174,'게시글 TEST174','TEST 데이터174',to_date('21/05/05','RR/MM/DD'),1,null);
Insert into NADURI.NOTICE (N_NO,N_TITLE,N_CONTENT,N_DATE,M_NO,N_FILE) values (175,'게시글 TEST175','TEST 데이터175',to_date('21/05/05','RR/MM/DD'),1,null);
Insert into NADURI.NOTICE (N_NO,N_TITLE,N_CONTENT,N_DATE,M_NO,N_FILE) values (176,'게시글 TEST176','TEST 데이터176',to_date('21/05/05','RR/MM/DD'),1,null);
Insert into NADURI.NOTICE (N_NO,N_TITLE,N_CONTENT,N_DATE,M_NO,N_FILE) values (177,'게시글 TEST177','TEST 데이터177',to_date('21/05/05','RR/MM/DD'),1,null);
Insert into NADURI.NOTICE (N_NO,N_TITLE,N_CONTENT,N_DATE,M_NO,N_FILE) values (178,'게시글 TEST178','TEST 데이터178',to_date('21/05/05','RR/MM/DD'),1,null);
Insert into NADURI.NOTICE (N_NO,N_TITLE,N_CONTENT,N_DATE,M_NO,N_FILE) values (179,'게시글 TEST179','TEST 데이터179',to_date('21/05/05','RR/MM/DD'),1,null);
Insert into NADURI.NOTICE (N_NO,N_TITLE,N_CONTENT,N_DATE,M_NO,N_FILE) values (180,'게시글 TEST180','TEST 데이터180',to_date('21/05/05','RR/MM/DD'),1,null);
Insert into NADURI.NOTICE (N_NO,N_TITLE,N_CONTENT,N_DATE,M_NO,N_FILE) values (181,'게시글 TEST181','TEST 데이터181',to_date('21/05/05','RR/MM/DD'),1,null);
Insert into NADURI.NOTICE (N_NO,N_TITLE,N_CONTENT,N_DATE,M_NO,N_FILE) values (182,'게시글 TEST182','TEST 데이터182',to_date('21/05/05','RR/MM/DD'),1,null);
Insert into NADURI.NOTICE (N_NO,N_TITLE,N_CONTENT,N_DATE,M_NO,N_FILE) values (183,'게시글 TEST183','TEST 데이터183',to_date('21/05/05','RR/MM/DD'),1,null);
Insert into NADURI.NOTICE (N_NO,N_TITLE,N_CONTENT,N_DATE,M_NO,N_FILE) values (184,'게시글 TEST184','TEST 데이터184',to_date('21/05/05','RR/MM/DD'),1,null);
Insert into NADURI.NOTICE (N_NO,N_TITLE,N_CONTENT,N_DATE,M_NO,N_FILE) values (185,'게시글 TEST185','TEST 데이터185',to_date('21/05/05','RR/MM/DD'),1,null);
Insert into NADURI.NOTICE (N_NO,N_TITLE,N_CONTENT,N_DATE,M_NO,N_FILE) values (186,'게시글 TEST186','TEST 데이터186',to_date('21/05/05','RR/MM/DD'),1,null);
Insert into NADURI.NOTICE (N_NO,N_TITLE,N_CONTENT,N_DATE,M_NO,N_FILE) values (187,'게시글 TEST187','TEST 데이터187',to_date('21/05/05','RR/MM/DD'),1,null);
Insert into NADURI.NOTICE (N_NO,N_TITLE,N_CONTENT,N_DATE,M_NO,N_FILE) values (188,'게시글 TEST188','TEST 데이터188',to_date('21/05/05','RR/MM/DD'),1,null);
Insert into NADURI.NOTICE (N_NO,N_TITLE,N_CONTENT,N_DATE,M_NO,N_FILE) values (189,'게시글 TEST189','TEST 데이터189',to_date('21/05/05','RR/MM/DD'),1,null);
Insert into NADURI.NOTICE (N_NO,N_TITLE,N_CONTENT,N_DATE,M_NO,N_FILE) values (190,'게시글 TEST190','TEST 데이터190',to_date('21/05/05','RR/MM/DD'),1,null);
Insert into NADURI.NOTICE (N_NO,N_TITLE,N_CONTENT,N_DATE,M_NO,N_FILE) values (191,'게시글 TEST191','TEST 데이터191',to_date('21/05/05','RR/MM/DD'),1,null);
Insert into NADURI.NOTICE (N_NO,N_TITLE,N_CONTENT,N_DATE,M_NO,N_FILE) values (192,'게시글 TEST192','TEST 데이터192',to_date('21/05/05','RR/MM/DD'),1,null);
Insert into NADURI.NOTICE (N_NO,N_TITLE,N_CONTENT,N_DATE,M_NO,N_FILE) values (193,'게시글 TEST193','TEST 데이터193',to_date('21/05/05','RR/MM/DD'),1,null);
Insert into NADURI.NOTICE (N_NO,N_TITLE,N_CONTENT,N_DATE,M_NO,N_FILE) values (194,'게시글 TEST194','TEST 데이터194',to_date('21/05/05','RR/MM/DD'),1,null);
Insert into NADURI.NOTICE (N_NO,N_TITLE,N_CONTENT,N_DATE,M_NO,N_FILE) values (195,'게시글 TEST195','TEST 데이터195',to_date('21/05/05','RR/MM/DD'),1,null);
Insert into NADURI.NOTICE (N_NO,N_TITLE,N_CONTENT,N_DATE,M_NO,N_FILE) values (196,'게시글 TEST196','TEST 데이터196',to_date('21/05/05','RR/MM/DD'),1,null);
Insert into NADURI.NOTICE (N_NO,N_TITLE,N_CONTENT,N_DATE,M_NO,N_FILE) values (197,'게시글 TEST197','TEST 데이터197',to_date('21/05/05','RR/MM/DD'),1,null);
Insert into NADURI.NOTICE (N_NO,N_TITLE,N_CONTENT,N_DATE,M_NO,N_FILE) values (198,'게시글 TEST198','TEST 데이터198',to_date('21/05/05','RR/MM/DD'),1,null);
Insert into NADURI.NOTICE (N_NO,N_TITLE,N_CONTENT,N_DATE,M_NO,N_FILE) values (199,'게시글 TEST199','TEST 데이터199',to_date('21/05/05','RR/MM/DD'),1,null);
Insert into NADURI.NOTICE (N_NO,N_TITLE,N_CONTENT,N_DATE,M_NO,N_FILE) values (200,'게시글 TEST200','TEST 데이터200',to_date('21/05/05','RR/MM/DD'),1,null);
REM INSERTING into NADURI.QNA
SET DEFINE OFF;
REM INSERTING into NADURI.REPLY
SET DEFINE OFF;
REM INSERTING into NADURI.REVIEW
SET DEFINE OFF;
REM INSERTING into NADURI.SPOT
SET DEFINE OFF;
Insert into NADURI.SPOT (S_ID,L_NO,S_NAME,S_TYPE,S_TEL,S_TIME,S_ADDRESS,S_LAT,S_LNG,S_STATUS,S_DATE,S_COUNT) values (1,501,'제주 관덕정분식','1','064-757-0503','11:00 ~ 22:00','제주특별자치도 제주시 일도1동 1448',33.51257038,126.5243201,'Y',to_date('21/05/04','RR/MM/DD'),0);
Insert into NADURI.SPOT (S_ID,L_NO,S_NAME,S_TYPE,S_TEL,S_TIME,S_ADDRESS,S_LAT,S_LNG,S_STATUS,S_DATE,S_COUNT) values (2,502,'동고량','1','070-7868-2549','11:00 ~ 22:00','제주특별자치도 제주시 삼도2동 22-2',33.51467791,126.5237488,'Y',to_date('21/05/04','RR/MM/DD'),0);
Insert into NADURI.SPOT (S_ID,L_NO,S_NAME,S_TYPE,S_TEL,S_TIME,S_ADDRESS,S_LAT,S_LNG,S_STATUS,S_DATE,S_COUNT) values (3,503,'레이어스 베이크하우스','1','070-4240-6824','11:00 ~ 22:00','제주특별자치도 제주시 삼도이동 1112-5',33.51492973,126.5207811,'Y',to_date('21/05/04','RR/MM/DD'),0);
Insert into NADURI.SPOT (S_ID,L_NO,S_NAME,S_TYPE,S_TEL,S_TIME,S_ADDRESS,S_LAT,S_LNG,S_STATUS,S_DATE,S_COUNT) values (4,504,'안녕전복','1','064-751-4716','11:00 ~ 22:00','제주특별자치도 제주시 삼도2동 887-1',33.5128461,126.5196043,'Y',to_date('21/05/04','RR/MM/DD'),0);
Insert into NADURI.SPOT (S_ID,L_NO,S_NAME,S_TYPE,S_TEL,S_TIME,S_ADDRESS,S_LAT,S_LNG,S_STATUS,S_DATE,S_COUNT) values (5,505,'참직한멜국수','1','064-752-9442','11:00 ~ 22:00','제주특별자치도 제주시 용담일동 149-3',33.51202683,126.518976,'Y',to_date('21/05/04','RR/MM/DD'),0);
Insert into NADURI.SPOT (S_ID,L_NO,S_NAME,S_TYPE,S_TEL,S_TIME,S_ADDRESS,S_LAT,S_LNG,S_STATUS,S_DATE,S_COUNT) values (6,506,'용두암엄마해장국','1','064-904-1389','11:00 ~ 22:00','제주특별자치도 제주시 용담삼동 519-9',33.51520827,126.5063049,'Y',to_date('21/05/04','RR/MM/DD'),0);
Insert into NADURI.SPOT (S_ID,L_NO,S_NAME,S_TYPE,S_TEL,S_TIME,S_ADDRESS,S_LAT,S_LNG,S_STATUS,S_DATE,S_COUNT) values (7,507,'태광식당','1','064-751-1071','11:00 ~ 22:00','제주특별자치도 제주시 용담일동 119-1',33.51262839,126.5187961,'Y',to_date('21/05/04','RR/MM/DD'),0);
Insert into NADURI.SPOT (S_ID,L_NO,S_NAME,S_TYPE,S_TEL,S_TIME,S_ADDRESS,S_LAT,S_LNG,S_STATUS,S_DATE,S_COUNT) values (8,508,'돈대장','1','064-7486-7486','11:00 ~ 22:00','제주특별자치도 제주시 용담2동 358-19',33.51106864,126.5118821,'Y',to_date('21/05/04','RR/MM/DD'),0);
Insert into NADURI.SPOT (S_ID,L_NO,S_NAME,S_TYPE,S_TEL,S_TIME,S_ADDRESS,S_LAT,S_LNG,S_STATUS,S_DATE,S_COUNT) values (9,509,'용두암엄마해장국','1','064-904-1389','11:00 ~ 22:00','제주특별자치도 제주시 용담삼동 519-9',33.51520827,126.5063049,'Y',to_date('21/05/04','RR/MM/DD'),0);
Insert into NADURI.SPOT (S_ID,L_NO,S_NAME,S_TYPE,S_TEL,S_TIME,S_ADDRESS,S_LAT,S_LNG,S_STATUS,S_DATE,S_COUNT) values (10,510,'보말명가','1','064-755-5999','11:00 ~ 22:00','제주특별자치도 제주시 용담이동 440',33.51544246,126.5140005,'Y',to_date('21/05/04','RR/MM/DD'),0);
Insert into NADURI.SPOT (S_ID,L_NO,S_NAME,S_TYPE,S_TEL,S_TIME,S_ADDRESS,S_LAT,S_LNG,S_STATUS,S_DATE,S_COUNT) values (11,511,'탐라가든','1','064-757-5187','11:00 ~ 22:00','제주특별자치도 제주시 삼도2동 632-7',33.50780166,126.5202909,'Y',to_date('21/05/04','RR/MM/DD'),0);
Insert into NADURI.SPOT (S_ID,L_NO,S_NAME,S_TYPE,S_TEL,S_TIME,S_ADDRESS,S_LAT,S_LNG,S_STATUS,S_DATE,S_COUNT) values (12,512,'요술식탁','1',null,'11:00 ~ 22:00','제주특별자치도 제주시 삼도이동 62-2',33.51212822,126.5218771,'Y',to_date('21/05/04','RR/MM/DD'),0);
Insert into NADURI.SPOT (S_ID,L_NO,S_NAME,S_TYPE,S_TEL,S_TIME,S_ADDRESS,S_LAT,S_LNG,S_STATUS,S_DATE,S_COUNT) values (13,513,'커브커피스토어','1',null,'11:00 ~ 22:00','제주특별자치도 제주시 삼양삼동 2571-1',33.52610648,126.577426,'Y',to_date('21/05/04','RR/MM/DD'),0);
Insert into NADURI.SPOT (S_ID,L_NO,S_NAME,S_TYPE,S_TEL,S_TIME,S_ADDRESS,S_LAT,S_LNG,S_STATUS,S_DATE,S_COUNT) values (14,514,'화리','1','064-755-2837','11:00 ~ 22:00','제주특별자치도 제주시 삼양이동 1967',33.52518273,126.5836632,'Y',to_date('21/05/04','RR/MM/DD'),0);
Insert into NADURI.SPOT (S_ID,L_NO,S_NAME,S_TYPE,S_TEL,S_TIME,S_ADDRESS,S_LAT,S_LNG,S_STATUS,S_DATE,S_COUNT) values (15,515,'스콘가게끌림','1',null,'11:00 ~ 22:00','제주특별자치도 제주시 삼양이동 2100-5',33.52440804,126.5827929,'Y',to_date('21/05/04','RR/MM/DD'),0);
Insert into NADURI.SPOT (S_ID,L_NO,S_NAME,S_TYPE,S_TEL,S_TIME,S_ADDRESS,S_LAT,S_LNG,S_STATUS,S_DATE,S_COUNT) values (16,516,'고향모밀촌','1','064-727-0995','11:00 ~ 22:00','제주특별자치도 제주시 삼양이동 2177-9',33.52093917,126.5831959,'Y',to_date('21/05/04','RR/MM/DD'),0);
Insert into NADURI.SPOT (S_ID,L_NO,S_NAME,S_TYPE,S_TEL,S_TIME,S_ADDRESS,S_LAT,S_LNG,S_STATUS,S_DATE,S_COUNT) values (17,517,'모들카페','1',null,'11:00 ~ 22:00','제주특별자치도 제주시 삼양이동 2255-1',33.51963318,126.5841225,'Y',to_date('21/05/04','RR/MM/DD'),0);
Insert into NADURI.SPOT (S_ID,L_NO,S_NAME,S_TYPE,S_TEL,S_TIME,S_ADDRESS,S_LAT,S_LNG,S_STATUS,S_DATE,S_COUNT) values (18,518,'후년하우스','1','0507-1389-9292','11:00 ~ 22:00','제주특별자치도 제주시 삼양이동 2181-19',33.52035596,126.5875399,'Y',to_date('21/05/04','RR/MM/DD'),0);
Insert into NADURI.SPOT (S_ID,L_NO,S_NAME,S_TYPE,S_TEL,S_TIME,S_ADDRESS,S_LAT,S_LNG,S_STATUS,S_DATE,S_COUNT) values (19,519,'블루사이공','1','064-742-8621','11:00 ~ 22:00','제주특별자치도 제주시 애월읍 상귀리 769',33.45688383,126.4078084,'Y',to_date('21/05/04','RR/MM/DD'),0);
Insert into NADURI.SPOT (S_ID,L_NO,S_NAME,S_TYPE,S_TEL,S_TIME,S_ADDRESS,S_LAT,S_LNG,S_STATUS,S_DATE,S_COUNT) values (20,520,'카페브리프','1','064-711-5507','11:00 ~ 22:00','제주특별자치도 제주시 애월읍 고성리 443',33.45834552,126.415642,'Y',to_date('21/05/04','RR/MM/DD'),0);
Insert into NADURI.SPOT (S_ID,L_NO,S_NAME,S_TYPE,S_TEL,S_TIME,S_ADDRESS,S_LAT,S_LNG,S_STATUS,S_DATE,S_COUNT) values (21,521,'하루하나','1','070-7788-7170','11:00 ~ 22:00','제주특별자치도 제주시 애월읍 장전리 204',33.45203171,126.3933129,'Y',to_date('21/05/04','RR/MM/DD'),0);
Insert into NADURI.SPOT (S_ID,L_NO,S_NAME,S_TYPE,S_TEL,S_TIME,S_ADDRESS,S_LAT,S_LNG,S_STATUS,S_DATE,S_COUNT) values (22,522,'카이로스','1','064-799-2299','11:00 ~ 22:00','제주특별자치도 제주시 애월읍 장전리 49-17',33.44926285,126.4001552,'Y',to_date('21/05/04','RR/MM/DD'),0);
Insert into NADURI.SPOT (S_ID,L_NO,S_NAME,S_TYPE,S_TEL,S_TIME,S_ADDRESS,S_LAT,S_LNG,S_STATUS,S_DATE,S_COUNT) values (23,523,'유수암식당','1','064-799-5755','11:00 ~ 22:00','제주특별자치도 제주시 애월읍 유수암리 1928',33.44258152,126.4019133,'Y',to_date('21/05/04','RR/MM/DD'),0);
Insert into NADURI.SPOT (S_ID,L_NO,S_NAME,S_TYPE,S_TEL,S_TIME,S_ADDRESS,S_LAT,S_LNG,S_STATUS,S_DATE,S_COUNT) values (24,524,'착한제주고등어','1','010-2584-5751','11:00 ~ 22:00','제주특별자치도 제주시 일도일동 1112-8',33.51219273,126.5293076,'Y',to_date('21/05/04','RR/MM/DD'),0);
Insert into NADURI.SPOT (S_ID,L_NO,S_NAME,S_TYPE,S_TEL,S_TIME,S_ADDRESS,S_LAT,S_LNG,S_STATUS,S_DATE,S_COUNT) values (25,525,'다랑쉬','1',null,'11:00 ~ 22:00','제주특별자치도 제주시 용담이동 626-10',33.50888084,126.509462,'Y',to_date('21/05/04','RR/MM/DD'),0);
Insert into NADURI.SPOT (S_ID,L_NO,S_NAME,S_TYPE,S_TEL,S_TIME,S_ADDRESS,S_LAT,S_LNG,S_STATUS,S_DATE,S_COUNT) values (26,526,'미친부엌','1','064-721-6382','11:00 ~ 22:00','제주특별자치도 제주시 삼도2동 1192-28',33.51699084,126.5231377,'Y',to_date('21/05/04','RR/MM/DD'),0);
Insert into NADURI.SPOT (S_ID,L_NO,S_NAME,S_TYPE,S_TEL,S_TIME,S_ADDRESS,S_LAT,S_LNG,S_STATUS,S_DATE,S_COUNT) values (27,527,'자매국수 본점','1','064-727-1112','11:00 ~ 22:00','제주특별자치도 제주시 삼도이동 1167-14',33.51681563,126.5170077,'Y',to_date('21/05/04','RR/MM/DD'),0);
Insert into NADURI.SPOT (S_ID,L_NO,S_NAME,S_TYPE,S_TEL,S_TIME,S_ADDRESS,S_LAT,S_LNG,S_STATUS,S_DATE,S_COUNT) values (28,528,'제주김만복 동문시장점','1','064-752-8582','11:00 ~ 22:00','제주특별자치도 제주시 삼도이동 1158-36',126.5178386,33.51527714,'Y',to_date('21/05/04','RR/MM/DD'),0);
Insert into NADURI.SPOT (S_ID,L_NO,S_NAME,S_TYPE,S_TEL,S_TIME,S_ADDRESS,S_LAT,S_LNG,S_STATUS,S_DATE,S_COUNT) values (29,529,'기봉가든','1','064-794-1991','11:00 ~ 22:00','제주특별자치도 서귀포시 대정읍 인성리 277',33.24803043,126.2803147,'Y',to_date('21/05/04','RR/MM/DD'),0);
Insert into NADURI.SPOT (S_ID,L_NO,S_NAME,S_TYPE,S_TEL,S_TIME,S_ADDRESS,S_LAT,S_LNG,S_STATUS,S_DATE,S_COUNT) values (30,530,'청루 봉평메밀막국수전문점','1','064-792-1238','11:00 ~ 22:00','제주특별자치도 서귀포시 대정읍 인성리 268-6',33.24890945,126.2813977,'Y',to_date('21/05/04','RR/MM/DD'),0);
Insert into NADURI.SPOT (S_ID,L_NO,S_NAME,S_TYPE,S_TEL,S_TIME,S_ADDRESS,S_LAT,S_LNG,S_STATUS,S_DATE,S_COUNT) values (31,531,'흑돼지국밥','1','064-792-0260','11:00 ~ 22:00','제주특별자치도 서귀포시 대정읍 보성리 2138',33.24997607,126.2767341,'Y',to_date('21/05/04','RR/MM/DD'),0);
Insert into NADURI.SPOT (S_ID,L_NO,S_NAME,S_TYPE,S_TEL,S_TIME,S_ADDRESS,S_LAT,S_LNG,S_STATUS,S_DATE,S_COUNT) values (32,532,'어린왕자감귤밭','1','010-3393-3132','11:00 ~ 22:00','제주특별자치도 서귀포시 대정읍 안성리 1701-1',33.25350482,126.2815275,'Y',to_date('21/05/04','RR/MM/DD'),0);
Insert into NADURI.SPOT (S_ID,L_NO,S_NAME,S_TYPE,S_TEL,S_TIME,S_ADDRESS,S_LAT,S_LNG,S_STATUS,S_DATE,S_COUNT) values (33,533,'희희락락','1','070-7759-2525','11:00 ~ 22:00','제주특별자치도 서귀포시 대정읍 보성리 1573-2',33.25223867,126.2721763,'Y',to_date('21/05/04','RR/MM/DD'),0);
Insert into NADURI.SPOT (S_ID,L_NO,S_NAME,S_TYPE,S_TEL,S_TIME,S_ADDRESS,S_LAT,S_LNG,S_STATUS,S_DATE,S_COUNT) values (34,534,'오는정김밥','1','064-762-8927','11:00 ~ 22:00','제주특별자치도 서귀포시 서귀동 254-6',33.24959557,126.5676211,'Y',to_date('21/05/04','RR/MM/DD'),0);
Insert into NADURI.SPOT (S_ID,L_NO,S_NAME,S_TYPE,S_TEL,S_TIME,S_ADDRESS,S_LAT,S_LNG,S_STATUS,S_DATE,S_COUNT) values (35,535,'백년가야밀면','1','064-732-5500','11:00 ~ 22:00','제주특별자치도 서귀포시 서귀동 146-3',33.24654945,126.5680224,'Y',to_date('21/05/04','RR/MM/DD'),0);
Insert into NADURI.SPOT (S_ID,L_NO,S_NAME,S_TYPE,S_TEL,S_TIME,S_ADDRESS,S_LAT,S_LNG,S_STATUS,S_DATE,S_COUNT) values (36,536,'영빈횟집','1','064-732-3489','11:00 ~ 22:00','제주특별자치도 서귀포시 서귀동 68-6',33.24325619,126.5678755,'Y',to_date('21/05/04','RR/MM/DD'),0);
Insert into NADURI.SPOT (S_ID,L_NO,S_NAME,S_TYPE,S_TEL,S_TIME,S_ADDRESS,S_LAT,S_LNG,S_STATUS,S_DATE,S_COUNT) values (37,537,'하루비커피','1','064-732-0002','11:00 ~ 22:00','제주특별자치도 서귀포시 서귀동 21-1',33.24242264,126.5667121,'Y',to_date('21/05/04','RR/MM/DD'),0);
Insert into NADURI.SPOT (S_ID,L_NO,S_NAME,S_TYPE,S_TEL,S_TIME,S_ADDRESS,S_LAT,S_LNG,S_STATUS,S_DATE,S_COUNT) values (38,538,'바다를본돼지 서귀포점','1','064-900-1005','11:00 ~ 22:00','제주특별자치도 서귀포시 서귀동 42',33.2430315,126.5675632,'Y',to_date('21/05/04','RR/MM/DD'),0);
Insert into NADURI.SPOT (S_ID,L_NO,S_NAME,S_TYPE,S_TEL,S_TIME,S_ADDRESS,S_LAT,S_LNG,S_STATUS,S_DATE,S_COUNT) values (39,539,'거멍국수','1','064-792-8787','11:00 ~ 22:00','제주특별자치도 서귀포시 안덕면 사계리 522-1',33.24437894,126.3044096,'Y',to_date('21/05/04','RR/MM/DD'),0);
Insert into NADURI.SPOT (S_ID,L_NO,S_NAME,S_TYPE,S_TEL,S_TIME,S_ADDRESS,S_LAT,S_LNG,S_STATUS,S_DATE,S_COUNT) values (40,540,'잇뽕사계','1','064-794-2545','11:00 ~ 22:00','제주특별자치도 서귀포시 안덕면 사계리 385-1',33.24242842,126.3048339,'Y',to_date('21/05/04','RR/MM/DD'),0);
Insert into NADURI.SPOT (S_ID,L_NO,S_NAME,S_TYPE,S_TEL,S_TIME,S_ADDRESS,S_LAT,S_LNG,S_STATUS,S_DATE,S_COUNT) values (41,541,'달둥이네식당','1','0507-1330-2983','11:00 ~ 22:00','제주특별자치도 서귀포시 안덕면 사계리 387-7',33.24115726,126.3051776,'Y',to_date('21/05/04','RR/MM/DD'),0);
Insert into NADURI.SPOT (S_ID,L_NO,S_NAME,S_TYPE,S_TEL,S_TIME,S_ADDRESS,S_LAT,S_LNG,S_STATUS,S_DATE,S_COUNT) values (42,542,'원앤온리','1','064-794-0117','11:00 ~ 22:00','제주특별자치도 서귀포시 안덕면 사계리 86',33.23922235,126.3191925,'Y',to_date('21/05/04','RR/MM/DD'),0);
Insert into NADURI.SPOT (S_ID,L_NO,S_NAME,S_TYPE,S_TEL,S_TIME,S_ADDRESS,S_LAT,S_LNG,S_STATUS,S_DATE,S_COUNT) values (43,543,'유엔아이','1','064-792-7878','11:00 ~ 22:00','제주특별자치도 서귀포시 안덕면 사계리 230',33.23587151,126.3086527,'Y',to_date('21/05/04','RR/MM/DD'),0);
Insert into NADURI.SPOT (S_ID,L_NO,S_NAME,S_TYPE,S_TEL,S_TIME,S_ADDRESS,S_LAT,S_LNG,S_STATUS,S_DATE,S_COUNT) values (44,544,'철가방을든해녀','1','064-792-5262','11:00 ~ 22:00','제주특별자치도 서귀포시 대정읍 가파리 732',33.11647886,126.2658666,'Y',to_date('21/05/04','RR/MM/DD'),0);
Insert into NADURI.SPOT (S_ID,L_NO,S_NAME,S_TYPE,S_TEL,S_TIME,S_ADDRESS,S_LAT,S_LNG,S_STATUS,S_DATE,S_COUNT) values (45,545,'서바당횟집','1',null,'11:00 ~ 22:00','제주특별자치도 서귀포시 대정읍 가파리 716',33.11726169,126.2659029,'Y',to_date('21/05/04','RR/MM/DD'),0);
Insert into NADURI.SPOT (S_ID,L_NO,S_NAME,S_TYPE,S_TEL,S_TIME,S_ADDRESS,S_LAT,S_LNG,S_STATUS,S_DATE,S_COUNT) values (46,546,'바다와짜장','1','064-792-7272','11:00 ~ 22:00','제주특별자치도 서귀포시 대정읍 가파리 709',33.11769155,126.2660193,'Y',to_date('21/05/04','RR/MM/DD'),0);
Insert into NADURI.SPOT (S_ID,L_NO,S_NAME,S_TYPE,S_TEL,S_TIME,S_ADDRESS,S_LAT,S_LNG,S_STATUS,S_DATE,S_COUNT) values (47,547,'심봉사눈뜬톳해물짜장짬뽕','1','064-794-0489','11:00 ~ 22:00','제주특별자치도 서귀포시 대정읍 가파리 589',33.11969602,126.267117,'Y',to_date('21/05/04','RR/MM/DD'),0);
Insert into NADURI.SPOT (S_ID,L_NO,S_NAME,S_TYPE,S_TEL,S_TIME,S_ADDRESS,S_LAT,S_LNG,S_STATUS,S_DATE,S_COUNT) values (48,548,'마라도별장짜장','1',null,'11:00 ~ 22:00','제주특별자치도 서귀포시 대정읍 가파리 697',33.11834027,126.266554,'Y',to_date('21/05/04','RR/MM/DD'),0);
Insert into NADURI.SPOT (S_ID,L_NO,S_NAME,S_TYPE,S_TEL,S_TIME,S_ADDRESS,S_LAT,S_LNG,S_STATUS,S_DATE,S_COUNT) values (49,549,'이태리총각','1','02-730-8893','11:00 ~ 22:00','서울 종로구 자하문로9길 11',37.57940232,126.9705505,'Y',to_date('21/05/04','RR/MM/DD'),0);
Insert into NADURI.SPOT (S_ID,L_NO,S_NAME,S_TYPE,S_TEL,S_TIME,S_ADDRESS,S_LAT,S_LNG,S_STATUS,S_DATE,S_COUNT) values (50,550,'누하의 숲','1','02-733-5632','11:00 ~ 22:00','서울특별시 종로구 청운효자동 필운대로 31-1',37.57894957,126.96866,'Y',to_date('21/05/04','RR/MM/DD'),0);
Insert into NADURI.SPOT (S_ID,L_NO,S_NAME,S_TYPE,S_TEL,S_TIME,S_ADDRESS,S_LAT,S_LNG,S_STATUS,S_DATE,S_COUNT) values (51,551,'오레노라멘','1','02-722-3539','11:00 ~ 22:00','서울특별시 종로구 삼청동 159번지',37.57672505,126.9845163,'Y',to_date('21/05/04','RR/MM/DD'),0);
Insert into NADURI.SPOT (S_ID,L_NO,S_NAME,S_TYPE,S_TEL,S_TIME,S_ADDRESS,S_LAT,S_LNG,S_STATUS,S_DATE,S_COUNT) values (52,552,'김진목삼','1','02-929-2929','11:00 ~ 22:00','서울 종로구 자하문로1길 51 1층 김진목삼',37.57697692,126.9695348,'Y',to_date('21/05/04','RR/MM/DD'),0);
Insert into NADURI.SPOT (S_ID,L_NO,S_NAME,S_TYPE,S_TEL,S_TIME,S_ADDRESS,S_LAT,S_LNG,S_STATUS,S_DATE,S_COUNT) values (53,553,'온지음','1','02-6952-0024','11:00 ~ 22:00','서울 종로구 효자로 49 4층',37.58069074,126.9733595,'Y',to_date('21/05/04','RR/MM/DD'),0);
Insert into NADURI.SPOT (S_ID,L_NO,S_NAME,S_TYPE,S_TEL,S_TIME,S_ADDRESS,S_LAT,S_LNG,S_STATUS,S_DATE,S_COUNT) values (54,554,'육미안','1','02-747-1611','11:00 ~ 22:00','서울 종로구 창경궁로 246-4 1층 육미안',37.58337752,126.9993398,'Y',to_date('21/05/04','RR/MM/DD'),0);
Insert into NADURI.SPOT (S_ID,L_NO,S_NAME,S_TYPE,S_TEL,S_TIME,S_ADDRESS,S_LAT,S_LNG,S_STATUS,S_DATE,S_COUNT) values (55,555,'오이지','1','0507-1355-9977','11:00 ~ 22:00','서울 종로구 대학로9길 33',37.58512758,126.9999641,'Y',to_date('21/05/04','RR/MM/DD'),0);
Insert into NADURI.SPOT (S_ID,L_NO,S_NAME,S_TYPE,S_TEL,S_TIME,S_ADDRESS,S_LAT,S_LNG,S_STATUS,S_DATE,S_COUNT) values (56,556,'신선식탁','1','02-742-6933','11:00 ~ 22:00','서울 종로구 율곡로13가길 4',37.57650106,127.0006894,'Y',to_date('21/05/04','RR/MM/DD'),0);
Insert into NADURI.SPOT (S_ID,L_NO,S_NAME,S_TYPE,S_TEL,S_TIME,S_ADDRESS,S_LAT,S_LNG,S_STATUS,S_DATE,S_COUNT) values (57,557,'혜화도담','1','0507-1343-0074','11:00 ~ 22:00','서울 종로구 대명1길 16-6 혜화도담',37.58308701,127.0003949,'Y',to_date('21/05/04','RR/MM/DD'),0);
Insert into NADURI.SPOT (S_ID,L_NO,S_NAME,S_TYPE,S_TEL,S_TIME,S_ADDRESS,S_LAT,S_LNG,S_STATUS,S_DATE,S_COUNT) values (58,558,'호호식당','1','0507-1317-2384','11:00 ~ 22:00','서울 종로구 대학로9길 35',37.58305271,127.0002134,'Y',to_date('21/05/04','RR/MM/DD'),0);
Insert into NADURI.SPOT (S_ID,L_NO,S_NAME,S_TYPE,S_TEL,S_TIME,S_ADDRESS,S_LAT,S_LNG,S_STATUS,S_DATE,S_COUNT) values (59,559,'꽃밥에피다','1','02-732-0276','11:00 ~ 22:00','서울 종로구 인사동16길 3-6',37.57538073,126.9839685,'Y',to_date('21/05/04','RR/MM/DD'),0);
Insert into NADURI.SPOT (S_ID,L_NO,S_NAME,S_TYPE,S_TEL,S_TIME,S_ADDRESS,S_LAT,S_LNG,S_STATUS,S_DATE,S_COUNT) values (60,560,'mishmash','1','0507-1415-2211','11:00 ~ 22:00','서울 종로구 창덕궁길 47',37.57976692,126.9891727,'Y',to_date('21/05/04','RR/MM/DD'),0);
Insert into NADURI.SPOT (S_ID,L_NO,S_NAME,S_TYPE,S_TEL,S_TIME,S_ADDRESS,S_LAT,S_LNG,S_STATUS,S_DATE,S_COUNT) values (61,561,'두레유','1','02-743-2468','11:00 ~ 22:00','서울 종로구 북촌로 65',37.58396823,126.9849285,'Y',to_date('21/05/04','RR/MM/DD'),0);
Insert into NADURI.SPOT (S_ID,L_NO,S_NAME,S_TYPE,S_TEL,S_TIME,S_ADDRESS,S_LAT,S_LNG,S_STATUS,S_DATE,S_COUNT) values (62,562,'큰기와집','1','02-722-9024','11:00 ~ 22:00','서울 종로구 북촌로 20-7',37.57909647,126.9853433,'Y',to_date('21/05/04','RR/MM/DD'),0);
Insert into NADURI.SPOT (S_ID,L_NO,S_NAME,S_TYPE,S_TEL,S_TIME,S_ADDRESS,S_LAT,S_LNG,S_STATUS,S_DATE,S_COUNT) values (63,563,'화양연화','1','0507-1366-2046','11:00 ~ 22:00','서울 종로구 계동길 73-1',37.58084236,126.9865468,'Y',to_date('21/05/04','RR/MM/DD'),0);
Insert into NADURI.SPOT (S_ID,L_NO,S_NAME,S_TYPE,S_TEL,S_TIME,S_ADDRESS,S_LAT,S_LNG,S_STATUS,S_DATE,S_COUNT) values (64,564,'피에르가니에르','1','02-317-7181','11:00 ~ 22:00','서울 중구 을지로 30',37.56538116,126.9811008,'Y',to_date('21/05/04','RR/MM/DD'),0);
Insert into NADURI.SPOT (S_ID,L_NO,S_NAME,S_TYPE,S_TEL,S_TIME,S_ADDRESS,S_LAT,S_LNG,S_STATUS,S_DATE,S_COUNT) values (65,565,'피그인더가든','1','02-2251-8040','11:00 ~ 22:00','서울 종로구 종로3길 17 (청진동) D타워 1층',37.57230665,126.978107,'Y',to_date('21/05/04','RR/MM/DD'),0);
Insert into NADURI.SPOT (S_ID,L_NO,S_NAME,S_TYPE,S_TEL,S_TIME,S_ADDRESS,S_LAT,S_LNG,S_STATUS,S_DATE,S_COUNT) values (66,566,'광화문미진','1','02-732-1954','11:00 ~ 22:00','서울 종로구 청진동 146',37.57083746,126.979928,'Y',to_date('21/05/04','RR/MM/DD'),0);
Insert into NADURI.SPOT (S_ID,L_NO,S_NAME,S_TYPE,S_TEL,S_TIME,S_ADDRESS,S_LAT,S_LNG,S_STATUS,S_DATE,S_COUNT) values (67,567,'진주회관','1','02-753-5388','11:00 ~ 22:00','서울 중구 서소문동 120-35',37.5624896,126.9745427,'Y',to_date('21/05/04','RR/MM/DD'),0);
Insert into NADURI.SPOT (S_ID,L_NO,S_NAME,S_TYPE,S_TEL,S_TIME,S_ADDRESS,S_LAT,S_LNG,S_STATUS,S_DATE,S_COUNT) values (68,568,'덕수궁 리이제 와플','1','02-318-5202','11:00 ~ 22:00','서울 중구 태평로2가 365',37.56479294,126.9764525,'Y',to_date('21/05/04','RR/MM/DD'),0);
Insert into NADURI.SPOT (S_ID,L_NO,S_NAME,S_TYPE,S_TEL,S_TIME,S_ADDRESS,S_LAT,S_LNG,S_STATUS,S_DATE,S_COUNT) values (69,569,'중앙갈치식당','1',null,'11:00 ~ 22:00','서울 중구 남창동 34-155',37.55969339,126.9769249,'Y',to_date('21/05/04','RR/MM/DD'),0);
Insert into NADURI.SPOT (S_ID,L_NO,S_NAME,S_TYPE,S_TEL,S_TIME,S_ADDRESS,S_LAT,S_LNG,S_STATUS,S_DATE,S_COUNT) values (70,570,'부원면옥','1','02-753-7728','11:00 ~ 22:00','서울 중구 남창동 47-10',37.55842131,126.9776044,'Y',to_date('21/05/04','RR/MM/DD'),0);
Insert into NADURI.SPOT (S_ID,L_NO,S_NAME,S_TYPE,S_TEL,S_TIME,S_ADDRESS,S_LAT,S_LNG,S_STATUS,S_DATE,S_COUNT) values (71,571,'송옥','1','02-752-3297','11:00 ~ 22:00','서울 중구 남대문로4가 17-35',37.56156034,126.9773725,'Y',to_date('21/05/04','RR/MM/DD'),0);
Insert into NADURI.SPOT (S_ID,L_NO,S_NAME,S_TYPE,S_TEL,S_TIME,S_ADDRESS,S_LAT,S_LNG,S_STATUS,S_DATE,S_COUNT) values (72,572,'통통김밥','1','02-3789-4834','11:00 ~ 22:00','서울 중구 남창동 50-28',37.55916722,126.9769703,'Y',to_date('21/05/04','RR/MM/DD'),0);
Insert into NADURI.SPOT (S_ID,L_NO,S_NAME,S_TYPE,S_TEL,S_TIME,S_ADDRESS,S_LAT,S_LNG,S_STATUS,S_DATE,S_COUNT) values (73,573,'진주집','1','02-318-7072','11:00 ~ 22:00','서울 중구 남창동 34-31',37.56002139,126.9770968,'Y',to_date('21/05/04','RR/MM/DD'),0);
Insert into NADURI.SPOT (S_ID,L_NO,S_NAME,S_TYPE,S_TEL,S_TIME,S_ADDRESS,S_LAT,S_LNG,S_STATUS,S_DATE,S_COUNT) values (74,574,'아델라베일리','1','02-3217-0707','11:00 ~ 22:00','서울 종로구 부암동 23-3',37.59516583,126.9701924,'Y',to_date('21/05/04','RR/MM/DD'),0);
Insert into NADURI.SPOT (S_ID,L_NO,S_NAME,S_TYPE,S_TEL,S_TIME,S_ADDRESS,S_LAT,S_LNG,S_STATUS,S_DATE,S_COUNT) values (75,575,'부암동 프롬이태리','1','02-395-0414','11:00 ~ 22:00','서울 종로구 부암동 225-1',37.59438928,126.9640872,'Y',to_date('21/05/04','RR/MM/DD'),0);
Insert into NADURI.SPOT (S_ID,L_NO,S_NAME,S_TYPE,S_TEL,S_TIME,S_ADDRESS,S_LAT,S_LNG,S_STATUS,S_DATE,S_COUNT) values (76,576,'자하문로118들풀','1','02-720-4323','11:00 ~ 22:00','서울 종로구 청운동 69',37.58643341,126.9701642,'Y',to_date('21/05/04','RR/MM/DD'),0);
Insert into NADURI.SPOT (S_ID,L_NO,S_NAME,S_TYPE,S_TEL,S_TIME,S_ADDRESS,S_LAT,S_LNG,S_STATUS,S_DATE,S_COUNT) values (77,577,'산모퉁이','1','02-391-4737','11:00 ~ 22:00','서울 종로구 부암동 97-5',37.59542472,126.9679231,'Y',to_date('21/05/04','RR/MM/DD'),0);
Insert into NADURI.SPOT (S_ID,L_NO,S_NAME,S_TYPE,S_TEL,S_TIME,S_ADDRESS,S_LAT,S_LNG,S_STATUS,S_DATE,S_COUNT) values (78,578,'부암동스코프','1','070-8801-1739','11:00 ~ 22:00','서울 종로구 부암동 278-5',37.59312414,126.9635987,'Y',to_date('21/05/04','RR/MM/DD'),0);
Insert into NADURI.SPOT (S_ID,L_NO,S_NAME,S_TYPE,S_TEL,S_TIME,S_ADDRESS,S_LAT,S_LNG,S_STATUS,S_DATE,S_COUNT) values (79,579,'BLT스테이크','1','02-2276-3330','11:00 ~ 22:00','서울 종로구 종로6가 289-3',37.57044961,127.0087433,'Y',to_date('21/05/04','RR/MM/DD'),0);
Insert into NADURI.SPOT (S_ID,L_NO,S_NAME,S_TYPE,S_TEL,S_TIME,S_ADDRESS,S_LAT,S_LNG,S_STATUS,S_DATE,S_COUNT) values (80,580,'에베레스트 레스토랑','1','02-766-8850','11:00 ~ 22:00','서울 종로구 창신동 148-1',37.57257202,127.0125017,'Y',to_date('21/05/04','RR/MM/DD'),0);
Insert into NADURI.SPOT (S_ID,L_NO,S_NAME,S_TYPE,S_TEL,S_TIME,S_ADDRESS,S_LAT,S_LNG,S_STATUS,S_DATE,S_COUNT) values (81,581,'은주정','1','02-2265-4669','11:00 ~ 22:00','서울 중구 주교동 43-23',37.56868399,126.999751,'Y',to_date('21/05/04','RR/MM/DD'),0);
Insert into NADURI.SPOT (S_ID,L_NO,S_NAME,S_TYPE,S_TEL,S_TIME,S_ADDRESS,S_LAT,S_LNG,S_STATUS,S_DATE,S_COUNT) values (82,582,'우래옥','1','02-2265-0151','11:00 ~ 22:00','서울 중구 주교동 118-1',37.56821366,126.9987096,'Y',to_date('21/05/04','RR/MM/DD'),0);
Insert into NADURI.SPOT (S_ID,L_NO,S_NAME,S_TYPE,S_TEL,S_TIME,S_ADDRESS,S_LAT,S_LNG,S_STATUS,S_DATE,S_COUNT) values (83,583,'창신동매운족발','1','02-3675-9689','11:00 ~ 22:00','서울 종로구 창신동 581-5',37.5730082,127.0115419,'Y',to_date('21/05/04','RR/MM/DD'),0);
Insert into NADURI.SPOT (S_ID,L_NO,S_NAME,S_TYPE,S_TEL,S_TIME,S_ADDRESS,S_LAT,S_LNG,S_STATUS,S_DATE,S_COUNT) values (84,584,'독립밀방','1','02-722-3418','11:00 ~ 22:00','서울 종로구 행촌동 209-11',37.57269136,126.9606394,'Y',to_date('21/05/04','RR/MM/DD'),0);
Insert into NADURI.SPOT (S_ID,L_NO,S_NAME,S_TYPE,S_TEL,S_TIME,S_ADDRESS,S_LAT,S_LNG,S_STATUS,S_DATE,S_COUNT) values (85,585,'대성집','1','02-735-4259','11:00 ~ 22:00','서울 종로구 행촌동 209-35',37.5727248,126.9609416,'Y',to_date('21/05/04','RR/MM/DD'),0);
Insert into NADURI.SPOT (S_ID,L_NO,S_NAME,S_TYPE,S_TEL,S_TIME,S_ADDRESS,S_LAT,S_LNG,S_STATUS,S_DATE,S_COUNT) values (86,586,'돈박','1','02-720-2999','11:00 ~ 22:00','서울 종로구 무악동 89',37.57372972,126.9591967,'Y',to_date('21/05/04','RR/MM/DD'),0);
Insert into NADURI.SPOT (S_ID,L_NO,S_NAME,S_TYPE,S_TEL,S_TIME,S_ADDRESS,S_LAT,S_LNG,S_STATUS,S_DATE,S_COUNT) values (87,587,'달인꽈배기','1','02-313-5419','11:00 ~ 22:00','서울 서대문구 영천동 291',37.5712507,126.9607432,'Y',to_date('21/05/04','RR/MM/DD'),0);
Insert into NADURI.SPOT (S_ID,L_NO,S_NAME,S_TYPE,S_TEL,S_TIME,S_ADDRESS,S_LAT,S_LNG,S_STATUS,S_DATE,S_COUNT) values (88,588,'까사델마르','1','02-730-0369','11:00 ~ 22:00','서울 종로구 무악동 89',37.57363868,126.9590994,'Y',to_date('21/05/04','RR/MM/DD'),0);
Insert into NADURI.SPOT (S_ID,L_NO,S_NAME,S_TYPE,S_TEL,S_TIME,S_ADDRESS,S_LAT,S_LNG,S_STATUS,S_DATE,S_COUNT) values (89,589,'계림','1','02-2263-6658','11:00 ~ 22:00','서울 종로구 종로3가 167',37.57015789,126.9945032,'Y',to_date('21/05/04','RR/MM/DD'),0);
Insert into NADURI.SPOT (S_ID,L_NO,S_NAME,S_TYPE,S_TEL,S_TIME,S_ADDRESS,S_LAT,S_LNG,S_STATUS,S_DATE,S_COUNT) values (90,590,'우일집','1','02-2267-9848','11:00 ~ 22:00','서울 중구 을지로3가 155-4',37.5668782,126.9932855,'Y',to_date('21/05/04','RR/MM/DD'),0);
Insert into NADURI.SPOT (S_ID,L_NO,S_NAME,S_TYPE,S_TEL,S_TIME,S_ADDRESS,S_LAT,S_LNG,S_STATUS,S_DATE,S_COUNT) values (91,591,'다전식당','1','02-2273-9005','11:00 ~ 22:00','서울 중구 산림동 207-2',37.56746575,126.9953727,'Y',to_date('21/05/04','RR/MM/DD'),0);
Insert into NADURI.SPOT (S_ID,L_NO,S_NAME,S_TYPE,S_TEL,S_TIME,S_ADDRESS,S_LAT,S_LNG,S_STATUS,S_DATE,S_COUNT) values (92,592,'청수당','1','010-7591-7592','11:00 ~ 22:00','서울 종로구 익선동 144',37.57388048,126.9897847,'Y',to_date('21/05/04','RR/MM/DD'),0);
Insert into NADURI.SPOT (S_ID,L_NO,S_NAME,S_TYPE,S_TEL,S_TIME,S_ADDRESS,S_LAT,S_LNG,S_STATUS,S_DATE,S_COUNT) values (93,593,'호호식당','1','02-742-2384','11:00 ~ 22:00','서울 종로구 돈의동 18',37.57295432,126.9904686,'Y',to_date('21/05/04','RR/MM/DD'),0);
Insert into NADURI.SPOT (S_ID,L_NO,S_NAME,S_TYPE,S_TEL,S_TIME,S_ADDRESS,S_LAT,S_LNG,S_STATUS,S_DATE,S_COUNT) values (94,594,'동묘가라지','1','02-2233-6071','11:00 ~ 22:00','서울 종로구 창신동 330-53',37.5717717,127.0145573,'Y',to_date('21/05/04','RR/MM/DD'),0);
Insert into NADURI.SPOT (S_ID,L_NO,S_NAME,S_TYPE,S_TEL,S_TIME,S_ADDRESS,S_LAT,S_LNG,S_STATUS,S_DATE,S_COUNT) values (95,595,'낙산냉면','1','02-743-7285','11:00 ~ 22:00','서울 종로구 창신동 81-8',37.57448901,127.0152778,'Y',to_date('21/05/04','RR/MM/DD'),0);
Insert into NADURI.SPOT (S_ID,L_NO,S_NAME,S_TYPE,S_TEL,S_TIME,S_ADDRESS,S_LAT,S_LNG,S_STATUS,S_DATE,S_COUNT) values (96,596,'고기튀김','1',null,'11:00 ~ 22:00','서울 종로구 창신동 400-3',37.57051813,127.0167417,'Y',to_date('21/05/04','RR/MM/DD'),0);
Insert into NADURI.SPOT (S_ID,L_NO,S_NAME,S_TYPE,S_TEL,S_TIME,S_ADDRESS,S_LAT,S_LNG,S_STATUS,S_DATE,S_COUNT) values (97,597,'영미네 곱창','1','02-2253-3341','11:00 ~ 22:00','서울 중구 황학동 1785',37.57005906,127.0197051,'Y',to_date('21/05/04','RR/MM/DD'),0);
Insert into NADURI.SPOT (S_ID,L_NO,S_NAME,S_TYPE,S_TEL,S_TIME,S_ADDRESS,S_LAT,S_LNG,S_STATUS,S_DATE,S_COUNT) values (98,598,'종로57길','1','02-765-5557','11:00 ~ 22:00','서울 종로구 숭인동 72-61',37.57451047,127.0164868,'Y',to_date('21/05/04','RR/MM/DD'),0);
Insert into NADURI.SPOT (S_ID,L_NO,S_NAME,S_TYPE,S_TEL,S_TIME,S_ADDRESS,S_LAT,S_LNG,S_STATUS,S_DATE,S_COUNT) values (99,599,'화성설렁탕','1','031-251-0023','11:00 ~ 22:00','경기도 수원시 팔달구 북수동 357-3',37.28301096,127.0166907,'Y',to_date('21/05/04','RR/MM/DD'),0);
Insert into NADURI.SPOT (S_ID,L_NO,S_NAME,S_TYPE,S_TEL,S_TIME,S_ADDRESS,S_LAT,S_LNG,S_STATUS,S_DATE,S_COUNT) values (100,600,'화성옥','1','031-256-7002','11:00 ~ 22:00','경기도 수원시 팔달구 신풍동 32-1',37.2856262,127.0139488,'Y',to_date('21/05/04','RR/MM/DD'),0);
Insert into NADURI.SPOT (S_ID,L_NO,S_NAME,S_TYPE,S_TEL,S_TIME,S_ADDRESS,S_LAT,S_LNG,S_STATUS,S_DATE,S_COUNT) values (101,601,'미식가의주방','1','070-7640-4049','11:00 ~ 22:00','경기도 수원시 팔달구 행궁동 53-12',37.28713027,127.0138636,'Y',to_date('21/05/04','RR/MM/DD'),0);
Insert into NADURI.SPOT (S_ID,L_NO,S_NAME,S_TYPE,S_TEL,S_TIME,S_ADDRESS,S_LAT,S_LNG,S_STATUS,S_DATE,S_COUNT) values (102,602,'금비네포차','1','031-246-7649','11:00 ~ 22:00','경기도 수원시 팔달구 북수동 99-1',37.28725664,127.0165465,'Y',to_date('21/05/04','RR/MM/DD'),0);
Insert into NADURI.SPOT (S_ID,L_NO,S_NAME,S_TYPE,S_TEL,S_TIME,S_ADDRESS,S_LAT,S_LNG,S_STATUS,S_DATE,S_COUNT) values (103,603,'열두알우동집','1','031-246-3555','11:00 ~ 22:00','경기도 수원시 팔달구 남창동 77-2',37.28044886,127.0148714,'Y',to_date('21/05/04','RR/MM/DD'),0);
Insert into NADURI.SPOT (S_ID,L_NO,S_NAME,S_TYPE,S_TEL,S_TIME,S_ADDRESS,S_LAT,S_LNG,S_STATUS,S_DATE,S_COUNT) values (104,604,'산성민속집','1','031-743-6585','11:00 ~ 22:00','경기도 광주시 중부면 산성리 581-11',37.47818021,127.1843662,'Y',to_date('21/05/04','RR/MM/DD'),0);
Insert into NADURI.SPOT (S_ID,L_NO,S_NAME,S_TYPE,S_TEL,S_TIME,S_ADDRESS,S_LAT,S_LNG,S_STATUS,S_DATE,S_COUNT) values (105,605,'백제장','1','031-746-4296','11:00 ~ 22:00','경기도 광주시 중부면 남한산성로780번길 3',37.47860394,127.1838931,'Y',to_date('21/05/04','RR/MM/DD'),0);
Insert into NADURI.SPOT (S_ID,L_NO,S_NAME,S_TYPE,S_TEL,S_TIME,S_ADDRESS,S_LAT,S_LNG,S_STATUS,S_DATE,S_COUNT) values (106,606,'은행나무집','1','031-743-6549','11:00 ~ 22:00','경기도 광주시 중부면 산성리 531-1',37.47820703,127.1848191,'Y',to_date('21/05/04','RR/MM/DD'),0);
Insert into NADURI.SPOT (S_ID,L_NO,S_NAME,S_TYPE,S_TEL,S_TIME,S_ADDRESS,S_LAT,S_LNG,S_STATUS,S_DATE,S_COUNT) values (107,607,'오복순두부','1','031-746-3567','11:00 ~ 22:00','경기도 광주시 중부면 산성리 413',37.47760094,127.1866507,'Y',to_date('21/05/04','RR/MM/DD'),0);
Insert into NADURI.SPOT (S_ID,L_NO,S_NAME,S_TYPE,S_TEL,S_TIME,S_ADDRESS,S_LAT,S_LNG,S_STATUS,S_DATE,S_COUNT) values (108,608,'청와정','1','031-743-6557','11:00 ~ 22:00','경기도 광주시 중부면 남한산성로780번길 20',37.47998774,127.1844473,'Y',to_date('21/05/04','RR/MM/DD'),0);
Insert into NADURI.SPOT (S_ID,L_NO,S_NAME,S_TYPE,S_TEL,S_TIME,S_ADDRESS,S_LAT,S_LNG,S_STATUS,S_DATE,S_COUNT) values (109,609,'건강한밥상','1','070-8883-3080','11:00 ~ 22:00','경기도 광주시 중부면 산성리 173-2',37.47598006,127.18807,'Y',to_date('21/05/04','RR/MM/DD'),0);
Insert into NADURI.SPOT (S_ID,L_NO,S_NAME,S_TYPE,S_TEL,S_TIME,S_ADDRESS,S_LAT,S_LNG,S_STATUS,S_DATE,S_COUNT) values (110,610,'큰대문집','1','031-527-7235','11:00 ~ 22:00','경기도 남양주시 진접읍 부평리 258-49',37.74711041,127.1875812,'Y',to_date('21/05/04','RR/MM/DD'),0);
Insert into NADURI.SPOT (S_ID,L_NO,S_NAME,S_TYPE,S_TEL,S_TIME,S_ADDRESS,S_LAT,S_LNG,S_STATUS,S_DATE,S_COUNT) values (111,611,'옛고을','1','031-575-7227','11:00 ~ 22:00','경기도 남양주시 진접읍 부평리 266-18',37.74958755,127.1920873,'Y',to_date('21/05/04','RR/MM/DD'),0);
Insert into NADURI.SPOT (S_ID,L_NO,S_NAME,S_TYPE,S_TEL,S_TIME,S_ADDRESS,S_LAT,S_LNG,S_STATUS,S_DATE,S_COUNT) values (112,612,'크낙새가든','1','031-527-7244','11:00 ~ 22:00','경기 남양주시 진접읍 부평2리 258-64',37.74678803,127.1883215,'Y',to_date('21/05/04','RR/MM/DD'),0);
Insert into NADURI.SPOT (S_ID,L_NO,S_NAME,S_TYPE,S_TEL,S_TIME,S_ADDRESS,S_LAT,S_LNG,S_STATUS,S_DATE,S_COUNT) values (113,613,'청계식당','1','031-511-6156','11:00 ~ 22:00','경기도 남양주시 진접읍 부평리 258-20번지 KR',37.74730553,127.1882142,'Y',to_date('21/05/04','RR/MM/DD'),0);
Insert into NADURI.SPOT (S_ID,L_NO,S_NAME,S_TYPE,S_TEL,S_TIME,S_ADDRESS,S_LAT,S_LNG,S_STATUS,S_DATE,S_COUNT) values (114,614,'꿀꿀이약초가든','1','031-575-8321','11:00 ~ 22:00','진접읍 부평리 266-22번지 1층 남양주시 경기도 KR',37.74906159,127.1912397,'Y',to_date('21/05/04','RR/MM/DD'),0);
Insert into NADURI.SPOT (S_ID,L_NO,S_NAME,S_TYPE,S_TEL,S_TIME,S_ADDRESS,S_LAT,S_LNG,S_STATUS,S_DATE,S_COUNT) values (115,615,'백년식당서서갈비 문학본점','1','032-421-5000','11:00 ~ 22:00','인천광역시 남구 문학동 소성로 381',37.43790717,126.6886797,'Y',to_date('21/05/04','RR/MM/DD'),0);
Insert into NADURI.SPOT (S_ID,L_NO,S_NAME,S_TYPE,S_TEL,S_TIME,S_ADDRESS,S_LAT,S_LNG,S_STATUS,S_DATE,S_COUNT) values (116,616,'또와기사식당','1','032-251-0101','11:00 ~ 22:00','문학동 379-11번지 101호 남구 인천광역시 KR',37.43840978,126.6853001,'Y',to_date('21/05/04','RR/MM/DD'),0);
Insert into NADURI.SPOT (S_ID,L_NO,S_NAME,S_TYPE,S_TEL,S_TIME,S_ADDRESS,S_LAT,S_LNG,S_STATUS,S_DATE,S_COUNT) values (117,617,'올방개','1','032-446-3347','11:00 ~ 22:00','문학동 391-7번지 남구 인천광역시 KR',37.43744715,126.6846028,'Y',to_date('21/05/04','RR/MM/DD'),0);
Insert into NADURI.SPOT (S_ID,L_NO,S_NAME,S_TYPE,S_TEL,S_TIME,S_ADDRESS,S_LAT,S_LNG,S_STATUS,S_DATE,S_COUNT) values (118,618,'차이홍','1','032-439-8288','11:00 ~ 22:00','인천광역시 남구 문학동 매소홀로576번길',37.43772827,126.6862014,'Y',to_date('21/05/04','RR/MM/DD'),0);
Insert into NADURI.SPOT (S_ID,L_NO,S_NAME,S_TYPE,S_TEL,S_TIME,S_ADDRESS,S_LAT,S_LNG,S_STATUS,S_DATE,S_COUNT) values (119,619,'허가네생고기','1','032-433-6107','11:00 ~ 22:00','인천광역시 남구 주안7동',37.44213854,126.6787719,'Y',to_date('21/05/04','RR/MM/DD'),0);
Insert into NADURI.SPOT (S_ID,L_NO,S_NAME,S_TYPE,S_TEL,S_TIME,S_ADDRESS,S_LAT,S_LNG,S_STATUS,S_DATE,S_COUNT) values (120,620,'황후의 뜰','1','070-8831-0871','11:00 ~ 22:00','경기도 여주군 여주읍 명성로 71',37.26030046,127.6556773,'Y',to_date('21/05/04','RR/MM/DD'),0);
Insert into NADURI.SPOT (S_ID,L_NO,S_NAME,S_TYPE,S_TEL,S_TIME,S_ADDRESS,S_LAT,S_LNG,S_STATUS,S_DATE,S_COUNT) values (121,621,'소양구이전문점시골집','1','031-881-1886','11:00 ~ 22:00','경기도 여주군 점 봉동 명성로 63 1가',37.26052384,127.6555676,'Y',to_date('21/05/04','RR/MM/DD'),0);
Insert into NADURI.SPOT (S_ID,L_NO,S_NAME,S_TYPE,S_TEL,S_TIME,S_ADDRESS,S_LAT,S_LNG,S_STATUS,S_DATE,S_COUNT) values (122,622,'삼구농원','1','031-884-3771','11:00 ~ 22:00','경기도 여주군 여주읍 점봉리 81-1',37.25702161,127.65309,'Y',to_date('21/05/04','RR/MM/DD'),0);
Insert into NADURI.SPOT (S_ID,L_NO,S_NAME,S_TYPE,S_TEL,S_TIME,S_ADDRESS,S_LAT,S_LNG,S_STATUS,S_DATE,S_COUNT) values (123,623,'제이비스트로','1','031-884-0471','11:00 ~ 22:00','경기도 여주군 시 세종로517번길 35-23',37.25680472,127.652017,'Y',to_date('21/05/04','RR/MM/DD'),0);
Insert into NADURI.SPOT (S_ID,L_NO,S_NAME,S_TYPE,S_TEL,S_TIME,S_ADDRESS,S_LAT,S_LNG,S_STATUS,S_DATE,S_COUNT) values (124,624,'힘찬장어','1','031-885-0591','11:00 ~ 22:00','경기 여주시 세종로475번길 24-23',37.25898712,127.6497008,'Y',to_date('21/05/04','RR/MM/DD'),0);
Insert into NADURI.SPOT (S_ID,L_NO,S_NAME,S_TYPE,S_TEL,S_TIME,S_ADDRESS,S_LAT,S_LNG,S_STATUS,S_DATE,S_COUNT) values (125,625,'청암가든','1','031-943-2868','11:00 ~ 22:00','경기도 파주시 광탄면 용미리 655-1',37.75326579,126.8635754,'Y',to_date('21/05/04','RR/MM/DD'),0);
Insert into NADURI.SPOT (S_ID,L_NO,S_NAME,S_TYPE,S_TEL,S_TIME,S_ADDRESS,S_LAT,S_LNG,S_STATUS,S_DATE,S_COUNT) values (126,626,'오가네황구보양탕','1','031-947-6116','11:00 ~ 22:00','경기도 파주시 광탄면 용미리 694-1',37.75558156,126.8615584,'Y',to_date('21/05/04','RR/MM/DD'),0);
Insert into NADURI.SPOT (S_ID,L_NO,S_NAME,S_TYPE,S_TEL,S_TIME,S_ADDRESS,S_LAT,S_LNG,S_STATUS,S_DATE,S_COUNT) values (127,627,'시골보리밥집','1','031-943-5667','11:00 ~ 22:00','경기도 파주시 광탄면 용미리 625-2번지 KR 일부 1층',37.7489226,126.8656328,'Y',to_date('21/05/04','RR/MM/DD'),0);
Insert into NADURI.SPOT (S_ID,L_NO,S_NAME,S_TYPE,S_TEL,S_TIME,S_ADDRESS,S_LAT,S_LNG,S_STATUS,S_DATE,S_COUNT) values (128,628,'만리성','1','031-942-5709','11:00 ~ 22:00','경기도 파주시 광탄면 분수리 148-1',37.75965234,126.8711704,'Y',to_date('21/05/04','RR/MM/DD'),0);
Insert into NADURI.SPOT (S_ID,L_NO,S_NAME,S_TYPE,S_TEL,S_TIME,S_ADDRESS,S_LAT,S_LNG,S_STATUS,S_DATE,S_COUNT) values (129,629,'온골부대찌개','1','031-943-8842','11:00 ~ 22:00','광탄면 용미리 780-20번지 파주시 경기도 KR',37.74849749,126.8643911,'Y',to_date('21/05/04','RR/MM/DD'),0);
Insert into NADURI.SPOT (S_ID,L_NO,S_NAME,S_TYPE,S_TEL,S_TIME,S_ADDRESS,S_LAT,S_LNG,S_STATUS,S_DATE,S_COUNT) values (130,630,'정성드린 집밥','1','031-575-5251','11:00 ~ 22:00','경기도 구리시 갈매동 84-2',37.62875515,127.1249829,'Y',to_date('21/05/04','RR/MM/DD'),0);
Insert into NADURI.SPOT (S_ID,L_NO,S_NAME,S_TYPE,S_TEL,S_TIME,S_ADDRESS,S_LAT,S_LNG,S_STATUS,S_DATE,S_COUNT) values (131,631,'천지농원','1','010-7547-4719','11:00 ~ 22:00','경기도 구리시 동구릉로 53번길 227-44 천지농원',37.62955095,127.1340094,'Y',to_date('21/05/04','RR/MM/DD'),0);
Insert into NADURI.SPOT (S_ID,L_NO,S_NAME,S_TYPE,S_TEL,S_TIME,S_ADDRESS,S_LAT,S_LNG,S_STATUS,S_DATE,S_COUNT) values (132,632,'두메골','1','031-573-5558','11:00 ~ 22:00','경기도 구리시 사노동 170-3 KR',37.62803745,127.1400042,'Y',to_date('21/05/04','RR/MM/DD'),0);
Insert into NADURI.SPOT (S_ID,L_NO,S_NAME,S_TYPE,S_TEL,S_TIME,S_ADDRESS,S_LAT,S_LNG,S_STATUS,S_DATE,S_COUNT) values (133,633,'이비가짬뽕구리인창점','1','031-567-5959','11:00 ~ 22:00','경기도 구리시 인창동 12-2',37.62215629,127.1408216,'Y',to_date('21/05/04','RR/MM/DD'),0);
Insert into NADURI.SPOT (S_ID,L_NO,S_NAME,S_TYPE,S_TEL,S_TIME,S_ADDRESS,S_LAT,S_LNG,S_STATUS,S_DATE,S_COUNT) values (134,634,'인생역전 전집','1','031-512-0387','11:00 ~ 22:00','경기도 구리시 인창동 474번지 KR 상가동 107호 건영',37.61335279,127.137782,'Y',to_date('21/05/04','RR/MM/DD'),0);
Insert into NADURI.SPOT (S_ID,L_NO,S_NAME,S_TYPE,S_TEL,S_TIME,S_ADDRESS,S_LAT,S_LNG,S_STATUS,S_DATE,S_COUNT) values (135,635,'전라국수본점','1','031-577-0717','11:00 ~ 22:00','경기도 남양주시 조안면 송촌리',37.56631513,127.319048,'Y',to_date('21/05/04','RR/MM/DD'),0);
Insert into NADURI.SPOT (S_ID,L_NO,S_NAME,S_TYPE,S_TEL,S_TIME,S_ADDRESS,S_LAT,S_LNG,S_STATUS,S_DATE,S_COUNT) values (136,636,'설하식당','1','031-576-3336','11:00 ~ 22:00','경기도 남양주시 조안면 삼봉리 127-1',37.59922654,127.3326188,'Y',to_date('21/05/04','RR/MM/DD'),0);
Insert into NADURI.SPOT (S_ID,L_NO,S_NAME,S_TYPE,S_TEL,S_TIME,S_ADDRESS,S_LAT,S_LNG,S_STATUS,S_DATE,S_COUNT) values (137,637,'종갓집','1','031-576-1100','11:00 ~ 22:00','경기도 남양주시 조안면 삼봉리 277-1',37.59330101,127.337344,'Y',to_date('21/05/04','RR/MM/DD'),0);
Insert into NADURI.SPOT (S_ID,L_NO,S_NAME,S_TYPE,S_TEL,S_TIME,S_ADDRESS,S_LAT,S_LNG,S_STATUS,S_DATE,S_COUNT) values (138,638,'기와집순두부 조안본점','1','031-576-9009','11:00 ~ 22:00','경기도 남양주시 조안면 북한강로 133',37.53816201,127.3022657,'Y',to_date('21/05/04','RR/MM/DD'),0);
Insert into NADURI.SPOT (S_ID,L_NO,S_NAME,S_TYPE,S_TEL,S_TIME,S_ADDRESS,S_LAT,S_LNG,S_STATUS,S_DATE,S_COUNT) values (139,639,'시골밥상','1','031-576-8355','11:00 ~ 22:00','경기도 남양주시 조안면 능내리 471-2',37.53023269,127.2845416,'Y',to_date('21/05/04','RR/MM/DD'),0);
Insert into NADURI.SPOT (S_ID,L_NO,S_NAME,S_TYPE,S_TEL,S_TIME,S_ADDRESS,S_LAT,S_LNG,S_STATUS,S_DATE,S_COUNT) values (140,640,'송림식당','1','031-773-4165','11:00 ~ 22:00','경기도 양평군 용문면 신점리 520-11',37.546351,127.5828314,'Y',to_date('21/05/04','RR/MM/DD'),0);
Insert into NADURI.SPOT (S_ID,L_NO,S_NAME,S_TYPE,S_TEL,S_TIME,S_ADDRESS,S_LAT,S_LNG,S_STATUS,S_DATE,S_COUNT) values (141,641,'용문산중앙식당','1','031-773-3422','11:00 ~ 22:00','경기도 양평군 용문면 신점리 644 520-15',37.54574431,127.583193,'Y',to_date('21/05/04','RR/MM/DD'),0);
Insert into NADURI.SPOT (S_ID,L_NO,S_NAME,S_TYPE,S_TEL,S_TIME,S_ADDRESS,S_LAT,S_LNG,S_STATUS,S_DATE,S_COUNT) values (142,642,'용문산황해식당','1','031-773-3775','11:00 ~ 22:00','경기도 양평군 용문면 용문산로 640 KR',37.54578718,127.5836796,'Y',to_date('21/05/04','RR/MM/DD'),0);
Insert into NADURI.SPOT (S_ID,L_NO,S_NAME,S_TYPE,S_TEL,S_TIME,S_ADDRESS,S_LAT,S_LNG,S_STATUS,S_DATE,S_COUNT) values (143,643,'월남식당','1','031-773-3425','11:00 ~ 22:00','경기도 양평군 용문면 신점리 396-4',37.54644095,127.5847745,'Y',to_date('21/05/04','RR/MM/DD'),0);
Insert into NADURI.SPOT (S_ID,L_NO,S_NAME,S_TYPE,S_TEL,S_TIME,S_ADDRESS,S_LAT,S_LNG,S_STATUS,S_DATE,S_COUNT) values (144,644,'용문산촌두부','1','031-771-1104','11:00 ~ 22:00','경기도 양평군 용문면 신점리 369-61',37.54574064,127.5859083,'Y',to_date('21/05/04','RR/MM/DD'),0);
Insert into NADURI.SPOT (S_ID,L_NO,S_NAME,S_TYPE,S_TEL,S_TIME,S_ADDRESS,S_LAT,S_LNG,S_STATUS,S_DATE,S_COUNT) values (145,645,'뜰마루','1','031-637-9285','11:00 ~ 22:00','경기도 이천시 창전동 407-18',37.28543976,127.437745,'Y',to_date('21/05/04','RR/MM/DD'),0);
Insert into NADURI.SPOT (S_ID,L_NO,S_NAME,S_TYPE,S_TEL,S_TIME,S_ADDRESS,S_LAT,S_LNG,S_STATUS,S_DATE,S_COUNT) values (146,646,'경성철판곱창전문','1','031-635-9785','11:00 ~ 22:00','경기도 이천시 창전동 411-16',37.28523312,127.438902,'Y',to_date('21/05/04','RR/MM/DD'),0);
Insert into NADURI.SPOT (S_ID,L_NO,S_NAME,S_TYPE,S_TEL,S_TIME,S_ADDRESS,S_LAT,S_LNG,S_STATUS,S_DATE,S_COUNT) values (147,647,'연안부두','1','031-631-1043','11:00 ~ 22:00','경기도 이천시 창전동 408-11',37.2849249,127.4386022,'Y',to_date('21/05/04','RR/MM/DD'),0);
Insert into NADURI.SPOT (S_ID,L_NO,S_NAME,S_TYPE,S_TEL,S_TIME,S_ADDRESS,S_LAT,S_LNG,S_STATUS,S_DATE,S_COUNT) values (148,648,'스시사마','1','031-635-4357','11:00 ~ 22:00','경기도 이천시 창전동 413-9',37.28459271,127.4393186,'Y',to_date('21/05/04','RR/MM/DD'),0);
Insert into NADURI.SPOT (S_ID,L_NO,S_NAME,S_TYPE,S_TEL,S_TIME,S_ADDRESS,S_LAT,S_LNG,S_STATUS,S_DATE,S_COUNT) values (149,649,'연탄구이가','1','031-632-9244','11:00 ~ 22:00','경기도 이천시 창전동 416-1',37.28503904,127.4400485,'Y',to_date('21/05/04','RR/MM/DD'),0);
Insert into NADURI.SPOT (S_ID,L_NO,S_NAME,S_TYPE,S_TEL,S_TIME,S_ADDRESS,S_LAT,S_LNG,S_STATUS,S_DATE,S_COUNT) values (150,650,'개성집','1','041-856-0066','11:00 ~ 22:00','충남 공주시 금성동 192-3',36.46347909,127.1225171,'Y',to_date('21/05/04','RR/MM/DD'),0);
Insert into NADURI.SPOT (S_ID,L_NO,S_NAME,S_TYPE,S_TEL,S_TIME,S_ADDRESS,S_LAT,S_LNG,S_STATUS,S_DATE,S_COUNT) values (151,651,'매향','1','041-881-3161','11:00 ~ 22:00','충남 공주시 금성동 178-6',36.46563917,127.1216369,'Y',to_date('21/05/04','RR/MM/DD'),0);
Insert into NADURI.SPOT (S_ID,L_NO,S_NAME,S_TYPE,S_TEL,S_TIME,S_ADDRESS,S_LAT,S_LNG,S_STATUS,S_DATE,S_COUNT) values (152,652,'고마나루','1','041-857-9999','11:00 ~ 22:00','충남 공주시 금성동 184-4',36.46474203,127.1229922,'Y',to_date('21/05/04','RR/MM/DD'),0);
Insert into NADURI.SPOT (S_ID,L_NO,S_NAME,S_TYPE,S_TEL,S_TIME,S_ADDRESS,S_LAT,S_LNG,S_STATUS,S_DATE,S_COUNT) values (153,653,'로컬커피','1',null,'11:00 ~ 22:00','충남 공주시 교동 185',36.45865312,127.1182792,'Y',to_date('21/05/04','RR/MM/DD'),0);
Insert into NADURI.SPOT (S_ID,L_NO,S_NAME,S_TYPE,S_TEL,S_TIME,S_ADDRESS,S_LAT,S_LNG,S_STATUS,S_DATE,S_COUNT) values (154,654,'공다방','1',null,'11:00 ~ 22:00','충남 공주시 금성동 184-2',36.46508621,127.1230507,'Y',to_date('21/05/04','RR/MM/DD'),0);
Insert into NADURI.SPOT (S_ID,L_NO,S_NAME,S_TYPE,S_TEL,S_TIME,S_ADDRESS,S_LAT,S_LNG,S_STATUS,S_DATE,S_COUNT) values (155,655,'본가석갈비','1','041-837-4949','11:00 ~ 22:00','충남 부여군 부여읍 쌍북리 599-3',36.28324645,126.9187669,'Y',to_date('21/05/04','RR/MM/DD'),0);
Insert into NADURI.SPOT (S_ID,L_NO,S_NAME,S_TYPE,S_TEL,S_TIME,S_ADDRESS,S_LAT,S_LNG,S_STATUS,S_DATE,S_COUNT) values (156,656,'백제의집','1','041-834-1212','11:00 ~ 22:00','충남 부여군 부여읍 관북리 119-3',36.28304899,126.9147466,'Y',to_date('21/05/04','RR/MM/DD'),0);
Insert into NADURI.SPOT (S_ID,L_NO,S_NAME,S_TYPE,S_TEL,S_TIME,S_ADDRESS,S_LAT,S_LNG,S_STATUS,S_DATE,S_COUNT) values (157,657,'엄가네곰탕','1','041-835-5200','11:00 ~ 22:00','충남 부여군 부여읍 구아리 86-9',36.28455246,126.9102079,'Y',to_date('21/05/04','RR/MM/DD'),0);
Insert into NADURI.SPOT (S_ID,L_NO,S_NAME,S_TYPE,S_TEL,S_TIME,S_ADDRESS,S_LAT,S_LNG,S_STATUS,S_DATE,S_COUNT) values (158,658,'G340','1','041-834-5544','11:00 ~ 22:00','충남 부여군 부여읍 동남리 348-4',36.27735879,126.9171925,'Y',to_date('21/05/04','RR/MM/DD'),0);
Insert into NADURI.SPOT (S_ID,L_NO,S_NAME,S_TYPE,S_TEL,S_TIME,S_ADDRESS,S_LAT,S_LNG,S_STATUS,S_DATE,S_COUNT) values (159,659,'사비면옥','1','041-835-2200','11:00 ~ 22:00','충남 부여군 부여읍 동남리 642',36.27569758,126.9129516,'Y',to_date('21/05/04','RR/MM/DD'),0);
Insert into NADURI.SPOT (S_ID,L_NO,S_NAME,S_TYPE,S_TEL,S_TIME,S_ADDRESS,S_LAT,S_LNG,S_STATUS,S_DATE,S_COUNT) values (160,660,'청남가든','1','041-841-7575','11:00 ~ 22:00','충남 공주시 사곡면 운암리 576-1',36.55956099,127.0155134,'Y',to_date('21/05/04','RR/MM/DD'),0);
Insert into NADURI.SPOT (S_ID,L_NO,S_NAME,S_TYPE,S_TEL,S_TIME,S_ADDRESS,S_LAT,S_LNG,S_STATUS,S_DATE,S_COUNT) values (161,661,'태화식당','1','041-841-8020','11:00 ~ 22:00','충남 공주시 사곡면 운암리 728-5',36.55647482,127.0198289,'Y',to_date('21/05/04','RR/MM/DD'),0);
Insert into NADURI.SPOT (S_ID,L_NO,S_NAME,S_TYPE,S_TEL,S_TIME,S_ADDRESS,S_LAT,S_LNG,S_STATUS,S_DATE,S_COUNT) values (162,662,'귀빈식당','1','041-841-8027','11:00 ~ 22:00','충남 공주시 사곡면 운암리 728-6',36.55633064,127.0197618,'Y',to_date('21/05/04','RR/MM/DD'),0);
Insert into NADURI.SPOT (S_ID,L_NO,S_NAME,S_TYPE,S_TEL,S_TIME,S_ADDRESS,S_LAT,S_LNG,S_STATUS,S_DATE,S_COUNT) values (163,663,'카페운암','1','070-7755-3413','11:00 ~ 22:00','충남 공주시 사곡면 운암리 540-1',36.55427048,127.0205409,'Y',to_date('21/05/04','RR/MM/DD'),0);
Insert into NADURI.SPOT (S_ID,L_NO,S_NAME,S_TYPE,S_TEL,S_TIME,S_ADDRESS,S_LAT,S_LNG,S_STATUS,S_DATE,S_COUNT) values (164,664,'다루정','1',null,'11:00 ~ 22:00','충남 공주시 사곡면 운암리 563',36.55681829,127.0121116,'Y',to_date('21/05/04','RR/MM/DD'),0);
Insert into NADURI.SPOT (S_ID,L_NO,S_NAME,S_TYPE,S_TEL,S_TIME,S_ADDRESS,S_LAT,S_LNG,S_STATUS,S_DATE,S_COUNT) values (165,665,'금바우식당','1','043-543-5091','11:00 ~ 22:00','충북 보은군 속리산면 사내리 산 157',36.54063205,127.8212972,'Y',to_date('21/05/04','RR/MM/DD'),0);
Insert into NADURI.SPOT (S_ID,L_NO,S_NAME,S_TYPE,S_TEL,S_TIME,S_ADDRESS,S_LAT,S_LNG,S_STATUS,S_DATE,S_COUNT) values (166,666,'팔도식당','1','043-544-2531','11:00 ~ 22:00','충북 보은군 속리산면 사내리 280-1',36.53121166,127.8224772,'Y',to_date('21/05/04','RR/MM/DD'),0);
Insert into NADURI.SPOT (S_ID,L_NO,S_NAME,S_TYPE,S_TEL,S_TIME,S_ADDRESS,S_LAT,S_LNG,S_STATUS,S_DATE,S_COUNT) values (167,667,'전통찻집 다향','1','043-544-4525','11:00 ~ 22:00','충북 보은군 내북면 이원리 209-1',36.54321108,127.6776313,'Y',to_date('21/05/04','RR/MM/DD'),0);
Insert into NADURI.SPOT (S_ID,L_NO,S_NAME,S_TYPE,S_TEL,S_TIME,S_ADDRESS,S_LAT,S_LNG,S_STATUS,S_DATE,S_COUNT) values (168,668,'백천식당','1','043-543-3693','11:00 ~ 22:00','충북 보은군 속리산면 사내리 198-1',36.53352426,127.8247808,'Y',to_date('21/05/04','RR/MM/DD'),0);
Insert into NADURI.SPOT (S_ID,L_NO,S_NAME,S_TYPE,S_TEL,S_TIME,S_ADDRESS,S_LAT,S_LNG,S_STATUS,S_DATE,S_COUNT) values (169,669,'손칼국수','1','043-543-2920','11:00 ~ 22:00','충북 보은군 속리산면 사내리 185-5',36.53345226,127.8222888,'Y',to_date('21/05/04','RR/MM/DD'),0);
Insert into NADURI.SPOT (S_ID,L_NO,S_NAME,S_TYPE,S_TEL,S_TIME,S_ADDRESS,S_LAT,S_LNG,S_STATUS,S_DATE,S_COUNT) values (170,670,'추억의 집밥','1','041-688-8992','11:00 ~ 22:00','충남 서산시 해미면 읍내리 195-3',36.71054997,126.5453563,'Y',to_date('21/05/04','RR/MM/DD'),0);
Insert into NADURI.SPOT (S_ID,L_NO,S_NAME,S_TYPE,S_TEL,S_TIME,S_ADDRESS,S_LAT,S_LNG,S_STATUS,S_DATE,S_COUNT) values (171,671,'해미우식당','1','041-688-5988','11:00 ~ 22:00','충남 서산시 해미면 읍내리 221-56',36.71004817,126.5451533,'Y',to_date('21/05/04','RR/MM/DD'),0);
Insert into NADURI.SPOT (S_ID,L_NO,S_NAME,S_TYPE,S_TEL,S_TIME,S_ADDRESS,S_LAT,S_LNG,S_STATUS,S_DATE,S_COUNT) values (172,672,'영성각','1','041-688-2047','11:00 ~ 22:00','충남 서산시 해미면 읍내리 169-1',36.71043946,126.5466239,'Y',to_date('21/05/04','RR/MM/DD'),0);
Insert into NADURI.SPOT (S_ID,L_NO,S_NAME,S_TYPE,S_TEL,S_TIME,S_ADDRESS,S_LAT,S_LNG,S_STATUS,S_DATE,S_COUNT) values (173,673,'진저보이 해미','1',null,'11:00 ~ 22:00','충남 서산시 해미면 읍내리 120',36.70991696,126.5478491,'Y',to_date('21/05/04','RR/MM/DD'),0);
Insert into NADURI.SPOT (S_ID,L_NO,S_NAME,S_TYPE,S_TEL,S_TIME,S_ADDRESS,S_LAT,S_LNG,S_STATUS,S_DATE,S_COUNT) values (174,674,'해미호떡','1','010-9415-7319','11:00 ~ 22:00','충남 서산시 해미면 읍내리 206-4',36.71148164,126.5458074,'Y',to_date('21/05/04','RR/MM/DD'),0);
Insert into NADURI.SPOT (S_ID,L_NO,S_NAME,S_TYPE,S_TEL,S_TIME,S_ADDRESS,S_LAT,S_LNG,S_STATUS,S_DATE,S_COUNT) values (175,675,'베고니아','1','041-544-7375','11:00 ~ 22:00','충남 아산시 음봉면 삼거리 253',36.86018702,127.0127368,'Y',to_date('21/05/04','RR/MM/DD'),0);
Insert into NADURI.SPOT (S_ID,L_NO,S_NAME,S_TYPE,S_TEL,S_TIME,S_ADDRESS,S_LAT,S_LNG,S_STATUS,S_DATE,S_COUNT) values (176,676,'죽순산장','1','041-541-1227','11:00 ~ 22:00','충남 아산시 음봉면 원남리 262',36.86336889,127.023972,'Y',to_date('21/05/04','RR/MM/DD'),0);
Insert into NADURI.SPOT (S_ID,L_NO,S_NAME,S_TYPE,S_TEL,S_TIME,S_ADDRESS,S_LAT,S_LNG,S_STATUS,S_DATE,S_COUNT) values (177,677,'도둑과 시인','1','010-5343-5814','11:00 ~ 22:00','충남 아산시 음봉면 음봉면로 145-63 1층',36.86048128,127.0128756,'Y',to_date('21/05/04','RR/MM/DD'),0);
Insert into NADURI.SPOT (S_ID,L_NO,S_NAME,S_TYPE,S_TEL,S_TIME,S_ADDRESS,S_LAT,S_LNG,S_STATUS,S_DATE,S_COUNT) values (178,678,'삼거리 횟집','1','041-546-1333','11:00 ~ 22:00','충남 아산시 음봉면 삼거리 244-2',36.85788872,127.0166859,'Y',to_date('21/05/04','RR/MM/DD'),0);
Insert into NADURI.SPOT (S_ID,L_NO,S_NAME,S_TYPE,S_TEL,S_TIME,S_ADDRESS,S_LAT,S_LNG,S_STATUS,S_DATE,S_COUNT) values (179,679,'롤링라이스','1','070-5124-1601','11:00 ~ 22:00','충남 아산시 모종동 557-3',36.78448723,127.0152326,'Y',to_date('21/05/04','RR/MM/DD'),0);
Insert into NADURI.SPOT (S_ID,L_NO,S_NAME,S_TYPE,S_TEL,S_TIME,S_ADDRESS,S_LAT,S_LNG,S_STATUS,S_DATE,S_COUNT) values (180,680,'복천가든','1','0507-1401-7206','11:00 ~ 22:00','충북 단양군 영춘면 온달로 22-4 복천가든',37.06168844,128.4942862,'Y',to_date('21/05/04','RR/MM/DD'),0);
Insert into NADURI.SPOT (S_ID,L_NO,S_NAME,S_TYPE,S_TEL,S_TIME,S_ADDRESS,S_LAT,S_LNG,S_STATUS,S_DATE,S_COUNT) values (181,681,'산촌가든','1','043-423-2257','11:00 ~ 22:00','충북 단양군 영춘면 남천리 559',37.05951306,128.4947028,'Y',to_date('21/05/04','RR/MM/DD'),0);
Insert into NADURI.SPOT (S_ID,L_NO,S_NAME,S_TYPE,S_TEL,S_TIME,S_ADDRESS,S_LAT,S_LNG,S_STATUS,S_DATE,S_COUNT) values (182,682,'단고을 한우마을','1','043-422-5411','11:00 ~ 22:00','충북 단양군 영춘면 하리 164-2',37.0626785,128.4926063,'Y',to_date('21/05/04','RR/MM/DD'),0);
Insert into NADURI.SPOT (S_ID,L_NO,S_NAME,S_TYPE,S_TEL,S_TIME,S_ADDRESS,S_LAT,S_LNG,S_STATUS,S_DATE,S_COUNT) values (183,683,'황금물결','1','043-422-1342','11:00 ~ 22:00','충북 단양군 영춘면 하리 134-2',37.06047626,128.4993389,'Y',to_date('21/05/04','RR/MM/DD'),0);
Insert into NADURI.SPOT (S_ID,L_NO,S_NAME,S_TYPE,S_TEL,S_TIME,S_ADDRESS,S_LAT,S_LNG,S_STATUS,S_DATE,S_COUNT) values (184,684,'으뜸식당','1','043-421-6849','11:00 ~ 22:00','충북 단양군 영춘면 하리 164-2',37.06243597,128.4926915,'Y',to_date('21/05/04','RR/MM/DD'),0);
Insert into NADURI.SPOT (S_ID,L_NO,S_NAME,S_TYPE,S_TEL,S_TIME,S_ADDRESS,S_LAT,S_LNG,S_STATUS,S_DATE,S_COUNT) values (185,685,'금성식당','1','043-832-3007','11:00 ~ 22:00','충북 괴산군 청천면 화양리 389-2',36.66903135,127.8106058,'Y',to_date('21/05/04','RR/MM/DD'),0);
Insert into NADURI.SPOT (S_ID,L_NO,S_NAME,S_TYPE,S_TEL,S_TIME,S_ADDRESS,S_LAT,S_LNG,S_STATUS,S_DATE,S_COUNT) values (186,686,'동원식당','1','043-832-4572','11:00 ~ 22:00','충북 괴산군 청천면 화양리 407-2',36.66825858,127.8129288,'Y',to_date('21/05/04','RR/MM/DD'),0);
Insert into NADURI.SPOT (S_ID,L_NO,S_NAME,S_TYPE,S_TEL,S_TIME,S_ADDRESS,S_LAT,S_LNG,S_STATUS,S_DATE,S_COUNT) values (187,687,'화양식당','1','043-832-4392','11:00 ~ 22:00','충북 괴산군 청천면 화양리 402-2',36.66848406,127.8126359,'Y',to_date('21/05/04','RR/MM/DD'),0);
Insert into NADURI.SPOT (S_ID,L_NO,S_NAME,S_TYPE,S_TEL,S_TIME,S_ADDRESS,S_LAT,S_LNG,S_STATUS,S_DATE,S_COUNT) values (188,688,'아키아키','1','043-262-2113','11:00 ~ 22:00','충북 청주시 흥덕구 봉명동 1409',36.64569188,127.463696,'Y',to_date('21/05/04','RR/MM/DD'),0);
Insert into NADURI.SPOT (S_ID,L_NO,S_NAME,S_TYPE,S_TEL,S_TIME,S_ADDRESS,S_LAT,S_LNG,S_STATUS,S_DATE,S_COUNT) values (189,689,'여기정','1','043-269-2690','11:00 ~ 22:00','충북 청주시 흥덕구 봉명동 740-1',36.643192,127.4651213,'Y',to_date('21/05/04','RR/MM/DD'),0);
Insert into NADURI.SPOT (S_ID,L_NO,S_NAME,S_TYPE,S_TEL,S_TIME,S_ADDRESS,S_LAT,S_LNG,S_STATUS,S_DATE,S_COUNT) values (190,690,'장미양과','1','070-8833-3419','11:00 ~ 22:00','충북 청주시 흥덕구 신봉동 346-1',36.64347104,127.468651,'Y',to_date('21/05/04','RR/MM/DD'),0);
Insert into NADURI.SPOT (S_ID,L_NO,S_NAME,S_TYPE,S_TEL,S_TIME,S_ADDRESS,S_LAT,S_LNG,S_STATUS,S_DATE,S_COUNT) values (191,691,'마느','1',null,'11:00 ~ 22:00','충북 청주시 흥덕구 운천동 812',36.64679892,127.4745634,'Y',to_date('21/05/04','RR/MM/DD'),0);
Insert into NADURI.SPOT (S_ID,L_NO,S_NAME,S_TYPE,S_TEL,S_TIME,S_ADDRESS,S_LAT,S_LNG,S_STATUS,S_DATE,S_COUNT) values (192,692,'그레이맨션','1',null,'11:00 ~ 22:00','충북 청주시 흥덕구 봉명동 1794',36.64445449,127.4621096,'Y',to_date('21/05/04','RR/MM/DD'),0);
Insert into NADURI.SPOT (S_ID,L_NO,S_NAME,S_TYPE,S_TEL,S_TIME,S_ADDRESS,S_LAT,S_LNG,S_STATUS,S_DATE,S_COUNT) values (193,693,'산정가든','1','043-855-9449','11:00 ~ 22:00','충북 충주시 중앙탑면 장천리 1131-10',37.04694312,127.8652816,'Y',to_date('21/05/04','RR/MM/DD'),0);
Insert into NADURI.SPOT (S_ID,L_NO,S_NAME,S_TYPE,S_TEL,S_TIME,S_ADDRESS,S_LAT,S_LNG,S_STATUS,S_DATE,S_COUNT) values (194,694,'오대오리','1','033-458-0052','11:00 ~ 22:00','강원 철원군 동송읍 장흥리 24-25',38.18743161,127.2873191,'Y',to_date('21/05/04','RR/MM/DD'),0);
Insert into NADURI.SPOT (S_ID,L_NO,S_NAME,S_TYPE,S_TEL,S_TIME,S_ADDRESS,S_LAT,S_LNG,S_STATUS,S_DATE,S_COUNT) values (195,695,'향토가든','1','033-455-3566','11:00 ~ 22:00','강원 철원군 동송읍 장흥리 20-14',38.18610318,127.2882589,'Y',to_date('21/05/04','RR/MM/DD'),0);
Insert into NADURI.SPOT (S_ID,L_NO,S_NAME,S_TYPE,S_TEL,S_TIME,S_ADDRESS,S_LAT,S_LNG,S_STATUS,S_DATE,S_COUNT) values (196,696,'어랑손만두국','1','033-455-0171','11:00 ~ 22:00','강원 철원군 동송읍 장흥리 24-39',38.18789555,127.2876953,'Y',to_date('21/05/04','RR/MM/DD'),0);
Insert into NADURI.SPOT (S_ID,L_NO,S_NAME,S_TYPE,S_TEL,S_TIME,S_ADDRESS,S_LAT,S_LNG,S_STATUS,S_DATE,S_COUNT) values (197,697,'등심명가','1','033-455-8816','11:00 ~ 22:00','강원 철원군 동송읍 장흥리 25-113',38.18853398,127.2889214,'Y',to_date('21/05/04','RR/MM/DD'),0);
Insert into NADURI.SPOT (S_ID,L_NO,S_NAME,S_TYPE,S_TEL,S_TIME,S_ADDRESS,S_LAT,S_LNG,S_STATUS,S_DATE,S_COUNT) values (198,698,'고석정가든','1','033-455-8787','11:00 ~ 22:00','강원 철원군 동송읍 장흥리 24-24',38.18776964,127.287608,'Y',to_date('21/05/04','RR/MM/DD'),0);
Insert into NADURI.SPOT (S_ID,L_NO,S_NAME,S_TYPE,S_TEL,S_TIME,S_ADDRESS,S_LAT,S_LNG,S_STATUS,S_DATE,S_COUNT) values (199,699,'사랑대게','1','033-671-3300','11:00 ~ 22:00','강원 양양군 손양면 송전리 1-34',38.08963419,128.660274,'Y',to_date('21/05/04','RR/MM/DD'),0);
Insert into NADURI.SPOT (S_ID,L_NO,S_NAME,S_TYPE,S_TEL,S_TIME,S_ADDRESS,S_LAT,S_LNG,S_STATUS,S_DATE,S_COUNT) values (200,700,'송월메밀국수','1','033-672-3696','11:00 ~ 22:00','강원 양양군 손양면 송전리 89-2',38.08750242,128.653533,'Y',to_date('21/05/04','RR/MM/DD'),0);
Insert into NADURI.SPOT (S_ID,L_NO,S_NAME,S_TYPE,S_TEL,S_TIME,S_ADDRESS,S_LAT,S_LNG,S_STATUS,S_DATE,S_COUNT) values (201,701,'랑데자뷰&코지하우스 양양쏠비치점','1',null,'11:00 ~ 22:00','강원 양양군 손양면 오산리 23-4',38.08823161,128.6661281,'Y',to_date('21/05/04','RR/MM/DD'),0);
Insert into NADURI.SPOT (S_ID,L_NO,S_NAME,S_TYPE,S_TEL,S_TIME,S_ADDRESS,S_LAT,S_LNG,S_STATUS,S_DATE,S_COUNT) values (202,702,'베이커리&카페','1','033-670-3770','11:00 ~ 22:00','강원 양양군 손양면 오산리 23-4',38.08848011,128.6660733,'Y',to_date('21/05/04','RR/MM/DD'),0);
Insert into NADURI.SPOT (S_ID,L_NO,S_NAME,S_TYPE,S_TEL,S_TIME,S_ADDRESS,S_LAT,S_LNG,S_STATUS,S_DATE,S_COUNT) values (203,703,'옛뜰','1','033-672-7009','11:00 ~ 22:00','강원 양양군 손양면 송전리 81-1',38.08812761,128.6541717,'Y',to_date('21/05/04','RR/MM/DD'),0);
Insert into NADURI.SPOT (S_ID,L_NO,S_NAME,S_TYPE,S_TEL,S_TIME,S_ADDRESS,S_LAT,S_LNG,S_STATUS,S_DATE,S_COUNT) values (204,704,'오대산 통일식당','1','033-333-8855','11:00 ~ 22:00','강원 평창군 진부면 동산리 16-7',37.72399989,128.5997545,'Y',to_date('21/05/04','RR/MM/DD'),0);
Insert into NADURI.SPOT (S_ID,L_NO,S_NAME,S_TYPE,S_TEL,S_TIME,S_ADDRESS,S_LAT,S_LNG,S_STATUS,S_DATE,S_COUNT) values (205,705,'난다나','1','033-339-6800','11:00 ~ 22:00','강원 평창군 진부면 동산리 63-1',37.73191842,128.5929206,'Y',to_date('21/05/04','RR/MM/DD'),0);
Insert into NADURI.SPOT (S_ID,L_NO,S_NAME,S_TYPE,S_TEL,S_TIME,S_ADDRESS,S_LAT,S_LNG,S_STATUS,S_DATE,S_COUNT) values (206,706,'청류다원','1','033-339-6647','11:00 ~ 22:00','강원도 평창군 진부면 동산리 61-1',37.7315154,128.5934228,'Y',to_date('21/05/04','RR/MM/DD'),0);
Insert into NADURI.SPOT (S_ID,L_NO,S_NAME,S_TYPE,S_TEL,S_TIME,S_ADDRESS,S_LAT,S_LNG,S_STATUS,S_DATE,S_COUNT) values (207,707,'보배식당','1','033-332-6656','11:00 ~ 22:00','강원 평창군 진부면 오대산로 246',37.72418514,128.5996611,'Y',to_date('21/05/04','RR/MM/DD'),0);
Insert into NADURI.SPOT (S_ID,L_NO,S_NAME,S_TYPE,S_TEL,S_TIME,S_ADDRESS,S_LAT,S_LNG,S_STATUS,S_DATE,S_COUNT) values (208,708,'양지말','1','0507-1426-8847','11:00 ~ 22:00','강원 춘천시 서면 방동리 779-1',37.90971865,127.664318,'Y',to_date('21/05/04','RR/MM/DD'),0);
Insert into NADURI.SPOT (S_ID,L_NO,S_NAME,S_TYPE,S_TEL,S_TIME,S_ADDRESS,S_LAT,S_LNG,S_STATUS,S_DATE,S_COUNT) values (209,709,'홍골솔밭집','1','033-243-2309','11:00 ~ 22:00','강원 춘천시 서면 방동리 819-3',37.90294034,127.6628919,'Y',to_date('21/05/04','RR/MM/DD'),0);
Insert into NADURI.SPOT (S_ID,L_NO,S_NAME,S_TYPE,S_TEL,S_TIME,S_ADDRESS,S_LAT,S_LNG,S_STATUS,S_DATE,S_COUNT) values (210,710,'썸머키친','1','070-7724-5636','11:00 ~ 22:00','강원 강릉시 지변동 310',37.77493067,128.8750756,'Y',to_date('21/05/04','RR/MM/DD'),0);
Insert into NADURI.SPOT (S_ID,L_NO,S_NAME,S_TYPE,S_TEL,S_TIME,S_ADDRESS,S_LAT,S_LNG,S_STATUS,S_DATE,S_COUNT) values (211,711,'맛드린','1','033-641-3233','11:00 ~ 22:00','강원 강릉시 지변동 616',37.77736027,128.8747908,'Y',to_date('21/05/04','RR/MM/DD'),0);
Insert into NADURI.SPOT (S_ID,L_NO,S_NAME,S_TYPE,S_TEL,S_TIME,S_ADDRESS,S_LAT,S_LNG,S_STATUS,S_DATE,S_COUNT) values (212,712,'엄마손막국수','1','033-643-8337','11:00 ~ 22:00','강원 강릉시 난곡동 85-1',37.78391715,128.8827759,'Y',to_date('21/05/04','RR/MM/DD'),0);
Insert into NADURI.SPOT (S_ID,L_NO,S_NAME,S_TYPE,S_TEL,S_TIME,S_ADDRESS,S_LAT,S_LNG,S_STATUS,S_DATE,S_COUNT) values (213,713,'마마타타','1',null,'11:00 ~ 22:00','강원 강릉시 지변동 23-1',37.77368027,128.8786961,'Y',to_date('21/05/04','RR/MM/DD'),0);
Insert into NADURI.SPOT (S_ID,L_NO,S_NAME,S_TYPE,S_TEL,S_TIME,S_ADDRESS,S_LAT,S_LNG,S_STATUS,S_DATE,S_COUNT) values (214,714,'플로리안','1','033-642-4036','11:00 ~ 22:00','강원 강릉시 교동 551-16',37.77806538,128.8892964,'Y',to_date('21/05/04','RR/MM/DD'),0);
Insert into NADURI.SPOT (S_ID,L_NO,S_NAME,S_TYPE,S_TEL,S_TIME,S_ADDRESS,S_LAT,S_LNG,S_STATUS,S_DATE,S_COUNT) values (215,715,'예미','1',null,'11:00 ~ 22:00','강원 원주시 중앙동 60-56',37.35000042,127.9492105,'Y',to_date('21/05/04','RR/MM/DD'),0);
Insert into NADURI.SPOT (S_ID,L_NO,S_NAME,S_TYPE,S_TEL,S_TIME,S_ADDRESS,S_LAT,S_LNG,S_STATUS,S_DATE,S_COUNT) values (216,716,'원주뼈대있는 짬뽕','1','033-734-8252','11:00 ~ 22:00','강원 원주시 봉산동 1184-1',37.34368636,127.963682,'Y',to_date('21/05/04','RR/MM/DD'),0);
Insert into NADURI.SPOT (S_ID,L_NO,S_NAME,S_TYPE,S_TEL,S_TIME,S_ADDRESS,S_LAT,S_LNG,S_STATUS,S_DATE,S_COUNT) values (217,717,'부리또만나','1','070-4001-0770','11:00 ~ 22:00','강원 원주시 중앙동 62-60',37.3502066,127.9495653,'Y',to_date('21/05/04','RR/MM/DD'),0);
Insert into NADURI.SPOT (S_ID,L_NO,S_NAME,S_TYPE,S_TEL,S_TIME,S_ADDRESS,S_LAT,S_LNG,S_STATUS,S_DATE,S_COUNT) values (218,718,'컴퍼니','1',null,'11:00 ~ 22:00','강원 원주시 원동 58-22',37.34664076,127.9522176,'Y',to_date('21/05/04','RR/MM/DD'),0);
Insert into NADURI.SPOT (S_ID,L_NO,S_NAME,S_TYPE,S_TEL,S_TIME,S_ADDRESS,S_LAT,S_LNG,S_STATUS,S_DATE,S_COUNT) values (219,719,'원주김치만두','1','033-745-3848','11:00 ~ 22:00','강원 원주시 중앙동 48-1',37.35112924,127.9497868,'Y',to_date('21/05/04','RR/MM/DD'),0);
Insert into NADURI.SPOT (S_ID,L_NO,S_NAME,S_TYPE,S_TEL,S_TIME,S_ADDRESS,S_LAT,S_LNG,S_STATUS,S_DATE,S_COUNT) values (220,720,'장릉보리밥집','1','033-374-3986','11:00 ~ 22:00','강원 영월군 영월읍 영흥리 1101-10',37.19559953,128.4563059,'Y',to_date('21/05/04','RR/MM/DD'),0);
Insert into NADURI.SPOT (S_ID,L_NO,S_NAME,S_TYPE,S_TEL,S_TIME,S_ADDRESS,S_LAT,S_LNG,S_STATUS,S_DATE,S_COUNT) values (221,721,'청풍가든','1','033-372-2411','11:00 ~ 22:00','강원 영월군 영월읍 영흥리 1097-40',37.19436989,128.4566561,'Y',to_date('21/05/04','RR/MM/DD'),0);
Insert into NADURI.SPOT (S_ID,L_NO,S_NAME,S_TYPE,S_TEL,S_TIME,S_ADDRESS,S_LAT,S_LNG,S_STATUS,S_DATE,S_COUNT) values (222,722,'전망좋은집','1','033-374-8111','11:00 ~ 22:00','강원 영월군 영월읍 영흥리 1092-2',37.19479343,128.4550369,'Y',to_date('21/05/04','RR/MM/DD'),0);
Insert into NADURI.SPOT (S_ID,L_NO,S_NAME,S_TYPE,S_TEL,S_TIME,S_ADDRESS,S_LAT,S_LNG,S_STATUS,S_DATE,S_COUNT) values (223,723,'다원찻집','1',null,'11:00 ~ 22:00','강원 영월군 영월읍 보덕사길 34 보덕사',37.19787698,128.4574487,'Y',to_date('21/05/04','RR/MM/DD'),0);
Insert into NADURI.SPOT (S_ID,L_NO,S_NAME,S_TYPE,S_TEL,S_TIME,S_ADDRESS,S_LAT,S_LNG,S_STATUS,S_DATE,S_COUNT) values (224,724,'영월탄광촌','1','033-374-0807','11:00 ~ 22:00','강원 영월군 영월읍 영흥리 1097-4',37.194685,128.4568221,'Y',to_date('21/05/04','RR/MM/DD'),0);
Insert into NADURI.SPOT (S_ID,L_NO,S_NAME,S_TYPE,S_TEL,S_TIME,S_ADDRESS,S_LAT,S_LNG,S_STATUS,S_DATE,S_COUNT) values (225,725,'금강산대게횟집','1','033-671-5207','11:00 ~ 22:00','강원 양양군 강현면 전진리 9-1',38.12006108,128.630449,'Y',to_date('21/05/04','RR/MM/DD'),0);
Insert into NADURI.SPOT (S_ID,L_NO,S_NAME,S_TYPE,S_TEL,S_TIME,S_ADDRESS,S_LAT,S_LNG,S_STATUS,S_DATE,S_COUNT) values (226,726,'다래헌','1','033-672-1117','11:00 ~ 22:00','강원 양양군 강현면 전진리 1',38.12466542,128.6304329,'Y',to_date('21/05/04','RR/MM/DD'),0);
Insert into NADURI.SPOT (S_ID,L_NO,S_NAME,S_TYPE,S_TEL,S_TIME,S_ADDRESS,S_LAT,S_LNG,S_STATUS,S_DATE,S_COUNT) values (227,727,'효주네머구리횟집','1',null,'11:00 ~ 22:00','강원 양양군 강현면 전진리 3-17',38.12190281,128.6309359,'Y',to_date('21/05/04','RR/MM/DD'),0);
Insert into NADURI.SPOT (S_ID,L_NO,S_NAME,S_TYPE,S_TEL,S_TIME,S_ADDRESS,S_LAT,S_LNG,S_STATUS,S_DATE,S_COUNT) values (228,728,'양양째복','1','033-638-5292','11:00 ~ 22:00','강원 양양군 강현면 전진리 71-7',38.12813004,128.6224929,'Y',to_date('21/05/04','RR/MM/DD'),0);
Insert into NADURI.SPOT (S_ID,L_NO,S_NAME,S_TYPE,S_TEL,S_TIME,S_ADDRESS,S_LAT,S_LNG,S_STATUS,S_DATE,S_COUNT) values (229,729,'전라도식당','1','033-672-2438','11:00 ~ 22:00','강원 양양군 강현면 전진리 11-6',38.12092548,128.6298936,'Y',to_date('21/05/04','RR/MM/DD'),0);
Insert into NADURI.SPOT (S_ID,L_NO,S_NAME,S_TYPE,S_TEL,S_TIME,S_ADDRESS,S_LAT,S_LNG,S_STATUS,S_DATE,S_COUNT) values (230,730,'맛동순두부','1','063-835-8919','11:00 ~ 22:00','전북 익산시 금마면 기양리 135-18',36.01152024,127.0243193,'Y',to_date('21/05/04','RR/MM/DD'),0);
Insert into NADURI.SPOT (S_ID,L_NO,S_NAME,S_TYPE,S_TEL,S_TIME,S_ADDRESS,S_LAT,S_LNG,S_STATUS,S_DATE,S_COUNT) values (231,731,'솔뫼구름식당','1','063-836-8886','11:00 ~ 22:00','전북 익산시 금마면 신용리 696',36.00930877,127.0430202,'Y',to_date('21/05/04','RR/MM/DD'),0);
Insert into NADURI.SPOT (S_ID,L_NO,S_NAME,S_TYPE,S_TEL,S_TIME,S_ADDRESS,S_LAT,S_LNG,S_STATUS,S_DATE,S_COUNT) values (232,732,'선한가게','1','0507-1493-7901','11:00 ~ 22:00','전북 익산시 금마면 용순리 127',36.0065228,127.0355716,'Y',to_date('21/05/04','RR/MM/DD'),0);
Insert into NADURI.SPOT (S_ID,L_NO,S_NAME,S_TYPE,S_TEL,S_TIME,S_ADDRESS,S_LAT,S_LNG,S_STATUS,S_DATE,S_COUNT) values (259,759,'커피꽃피는집','1','010-6705-1188','11:00 ~ 22:00','전남 장성군 황룡면 필암리 433-1',35.31100497,126.746149,'Y',to_date('21/05/04','RR/MM/DD'),0);
Insert into NADURI.SPOT (S_ID,L_NO,S_NAME,S_TYPE,S_TEL,S_TIME,S_ADDRESS,S_LAT,S_LNG,S_STATUS,S_DATE,S_COUNT) values (233,733,'신용가든','1','063-836-6255','11:00 ~ 22:00','전북 익산시 금마면 신용리 732-10',36.0061161,127.0392516,'Y',to_date('21/05/04','RR/MM/DD'),0);
Insert into NADURI.SPOT (S_ID,L_NO,S_NAME,S_TYPE,S_TEL,S_TIME,S_ADDRESS,S_LAT,S_LNG,S_STATUS,S_DATE,S_COUNT) values (234,734,'외할머니솜씨','1','063-232-5804','11:00 ~ 22:00','전북 전주시 완산구 교동 97-1',35.81275656,127.1520497,'Y',to_date('21/05/04','RR/MM/DD'),0);
Insert into NADURI.SPOT (S_ID,L_NO,S_NAME,S_TYPE,S_TEL,S_TIME,S_ADDRESS,S_LAT,S_LNG,S_STATUS,S_DATE,S_COUNT) values (235,735,'한국집','1','063-284-2224','11:00 ~ 22:00','전북 전주시 완산구 전동 2-1',35.81651689,127.1482271,'Y',to_date('21/05/04','RR/MM/DD'),0);
Insert into NADURI.SPOT (S_ID,L_NO,S_NAME,S_TYPE,S_TEL,S_TIME,S_ADDRESS,S_LAT,S_LNG,S_STATUS,S_DATE,S_COUNT) values (236,736,'중앙회관','1','063-285-4288','11:00 ~ 22:00','전북 전주시 완산구 중앙동3가 78-1',35.8174211,127.1458121,'Y',to_date('21/05/04','RR/MM/DD'),0);
Insert into NADURI.SPOT (S_ID,L_NO,S_NAME,S_TYPE,S_TEL,S_TIME,S_ADDRESS,S_LAT,S_LNG,S_STATUS,S_DATE,S_COUNT) values (237,737,'돈카츠흑심','1',null,'11:00 ~ 22:00','전북 전주시 완산구 다가동3가 103-1',35.81590857,127.1414629,'Y',to_date('21/05/04','RR/MM/DD'),0);
Insert into NADURI.SPOT (S_ID,L_NO,S_NAME,S_TYPE,S_TEL,S_TIME,S_ADDRESS,S_LAT,S_LNG,S_STATUS,S_DATE,S_COUNT) values (238,738,'온담','1','0507-1311-4958','11:00 ~ 22:00','전북 전주시 완산구 다가동2가 181',35.81515697,127.1398815,'Y',to_date('21/05/04','RR/MM/DD'),0);
Insert into NADURI.SPOT (S_ID,L_NO,S_NAME,S_TYPE,S_TEL,S_TIME,S_ADDRESS,S_LAT,S_LNG,S_STATUS,S_DATE,S_COUNT) values (239,739,'유성식당','1','063-636-3046','11:00 ~ 22:00','전북 남원시 산내면 대정리 653-8',35.41896012,127.6270882,'Y',to_date('21/05/04','RR/MM/DD'),0);
Insert into NADURI.SPOT (S_ID,L_NO,S_NAME,S_TYPE,S_TEL,S_TIME,S_ADDRESS,S_LAT,S_LNG,S_STATUS,S_DATE,S_COUNT) values (240,740,'플래닛커피 남원실상사점','1',null,'11:00 ~ 22:00','전북 남원시 산내면 백일리 484-9',35.41898353,127.6377642,'Y',to_date('21/05/04','RR/MM/DD'),0);
Insert into NADURI.SPOT (S_ID,L_NO,S_NAME,S_TYPE,S_TEL,S_TIME,S_ADDRESS,S_LAT,S_LNG,S_STATUS,S_DATE,S_COUNT) values (241,741,'중국관','1','063-636-3422','11:00 ~ 22:00','전라북도 남원시 산내면 대정리 753',35.42168884,127.622424,'Y',to_date('21/05/04','RR/MM/DD'),0);
Insert into NADURI.SPOT (S_ID,L_NO,S_NAME,S_TYPE,S_TEL,S_TIME,S_ADDRESS,S_LAT,S_LNG,S_STATUS,S_DATE,S_COUNT) values (242,742,'지리산둘레길식당','1','063-633-8947','11:00 ~ 22:00','전북 남원시 산내면 대정리 619-3',35.4214742,127.626152,'Y',to_date('21/05/04','RR/MM/DD'),0);
Insert into NADURI.SPOT (S_ID,L_NO,S_NAME,S_TYPE,S_TEL,S_TIME,S_ADDRESS,S_LAT,S_LNG,S_STATUS,S_DATE,S_COUNT) values (243,743,'장춘횟집','1','063-443-5161','11:00 ~ 22:00','전북 군산시 금동 1-96',35.99351013,126.708642,'Y',to_date('21/05/04','RR/MM/DD'),0);
Insert into NADURI.SPOT (S_ID,L_NO,S_NAME,S_TYPE,S_TEL,S_TIME,S_ADDRESS,S_LAT,S_LNG,S_STATUS,S_DATE,S_COUNT) values (244,744,'이성당 본관','1','063-445-2772','11:00 ~ 22:00','전북 군산시 중앙로1가 12-2',35.98720064,126.7112634,'Y',to_date('21/05/04','RR/MM/DD'),0);
Insert into NADURI.SPOT (S_ID,L_NO,S_NAME,S_TYPE,S_TEL,S_TIME,S_ADDRESS,S_LAT,S_LNG,S_STATUS,S_DATE,S_COUNT) values (245,745,'사누르','1','063-910-4007','11:00 ~ 22:00','전북 군산시 장미동 11-5',35.98766565,126.7135083,'Y',to_date('21/05/04','RR/MM/DD'),0);
Insert into NADURI.SPOT (S_ID,L_NO,S_NAME,S_TYPE,S_TEL,S_TIME,S_ADDRESS,S_LAT,S_LNG,S_STATUS,S_DATE,S_COUNT) values (246,746,'한일옥','1','063-446-5502','11:00 ~ 22:00','전북 군산시 신창동 2-1',35.98744745,126.7082307,'Y',to_date('21/05/04','RR/MM/DD'),0);
Insert into NADURI.SPOT (S_ID,L_NO,S_NAME,S_TYPE,S_TEL,S_TIME,S_ADDRESS,S_LAT,S_LNG,S_STATUS,S_DATE,S_COUNT) values (247,747,'송광사 다송원','1',null,'11:00 ~ 22:00','전남 순천시 송광면 신평리 22',35.00303715,127.2734734,'Y',to_date('21/05/04','RR/MM/DD'),0);
Insert into NADURI.SPOT (S_ID,L_NO,S_NAME,S_TYPE,S_TEL,S_TIME,S_ADDRESS,S_LAT,S_LNG,S_STATUS,S_DATE,S_COUNT) values (248,748,'소소산식','1','061-755-2305','11:00 ~ 22:00','전남 순천시 송광면 신평리 132-7',35.00473121,127.2655915,'Y',to_date('21/05/04','RR/MM/DD'),0);
Insert into NADURI.SPOT (S_ID,L_NO,S_NAME,S_TYPE,S_TEL,S_TIME,S_ADDRESS,S_LAT,S_LNG,S_STATUS,S_DATE,S_COUNT) values (249,749,'광신식당','1','061-755-2555','11:00 ~ 22:00','전남 순천시 송광면 신평리 132-6',35.00500931,127.2653777,'Y',to_date('21/05/04','RR/MM/DD'),0);
Insert into NADURI.SPOT (S_ID,L_NO,S_NAME,S_TYPE,S_TEL,S_TIME,S_ADDRESS,S_LAT,S_LNG,S_STATUS,S_DATE,S_COUNT) values (250,750,'커피하우스','1',null,'11:00 ~ 22:00','전남 강진군 대구면 사당리 104-5',34.50791659,126.8013184,'Y',to_date('21/05/04','RR/MM/DD'),0);
Insert into NADURI.SPOT (S_ID,L_NO,S_NAME,S_TYPE,S_TEL,S_TIME,S_ADDRESS,S_LAT,S_LNG,S_STATUS,S_DATE,S_COUNT) values (251,751,'한미르','1','061-243-7227','11:00 ~ 22:00','전남 목포시 유달동 1-3',34.7880864,126.3804391,'Y',to_date('21/05/04','RR/MM/DD'),0);
Insert into NADURI.SPOT (S_ID,L_NO,S_NAME,S_TYPE,S_TEL,S_TIME,S_ADDRESS,S_LAT,S_LNG,S_STATUS,S_DATE,S_COUNT) values (252,752,'모던스테이션','1','061-243-7779','11:00 ~ 22:00','전남 목포시 대의동3가 6-1',34.78664945,126.3800608,'Y',to_date('21/05/04','RR/MM/DD'),0);
Insert into NADURI.SPOT (S_ID,L_NO,S_NAME,S_TYPE,S_TEL,S_TIME,S_ADDRESS,S_LAT,S_LNG,S_STATUS,S_DATE,S_COUNT) values (253,753,'유달갈비탕','1','061-245-7785','11:00 ~ 22:00','전남 목포시 대의동2가 7-3',34.78671044,126.3823056,'Y',to_date('21/05/04','RR/MM/DD'),0);
Insert into NADURI.SPOT (S_ID,L_NO,S_NAME,S_TYPE,S_TEL,S_TIME,S_ADDRESS,S_LAT,S_LNG,S_STATUS,S_DATE,S_COUNT) values (254,754,'당거','1',null,'11:00 ~ 22:00','전남 목포시 복만동 10',34.78739306,126.3844912,'Y',to_date('21/05/04','RR/MM/DD'),0);
Insert into NADURI.SPOT (S_ID,L_NO,S_NAME,S_TYPE,S_TEL,S_TIME,S_ADDRESS,S_LAT,S_LNG,S_STATUS,S_DATE,S_COUNT) values (255,755,'김정림선지해장국','1','061-245-3796','11:00 ~ 22:00','전남 목포시 대의동1가 4-15',34.78663755,126.3841079,'Y',to_date('21/05/04','RR/MM/DD'),0);
Insert into NADURI.SPOT (S_ID,L_NO,S_NAME,S_TYPE,S_TEL,S_TIME,S_ADDRESS,S_LAT,S_LNG,S_STATUS,S_DATE,S_COUNT) values (256,756,'우정식당','1','061-535-0607','11:00 ~ 22:00','전남 해남군 삼산면 구림리 산 8-1',34.47514956,126.6215069,'Y',to_date('21/05/04','RR/MM/DD'),0);
Insert into NADURI.SPOT (S_ID,L_NO,S_NAME,S_TYPE,S_TEL,S_TIME,S_ADDRESS,S_LAT,S_LNG,S_STATUS,S_DATE,S_COUNT) values (257,757,'완도식당','1','061-534-5528','11:00 ~ 22:00','전남 해남군 삼산면 구림리 산 8-1',34.47607623,126.61687,'Y',to_date('21/05/04','RR/MM/DD'),0);
Insert into NADURI.SPOT (S_ID,L_NO,S_NAME,S_TYPE,S_TEL,S_TIME,S_ADDRESS,S_LAT,S_LNG,S_STATUS,S_DATE,S_COUNT) values (258,758,'카페유','1','061-878-7100','11:00 ~ 22:00','전남 장성군 황룡면 아곡리 46-1',35.31211285,126.7432271,'Y',to_date('21/05/04','RR/MM/DD'),0);
Insert into NADURI.SPOT (S_ID,L_NO,S_NAME,S_TYPE,S_TEL,S_TIME,S_ADDRESS,S_LAT,S_LNG,S_STATUS,S_DATE,S_COUNT) values (260,760,'청자연','1',null,'11:00 ~ 22:00','전남 장성군 황룡면 필암리 722-2',35.30390115,126.745529,'Y',to_date('21/05/04','RR/MM/DD'),0);
Insert into NADURI.SPOT (S_ID,L_NO,S_NAME,S_TYPE,S_TEL,S_TIME,S_ADDRESS,S_LAT,S_LNG,S_STATUS,S_DATE,S_COUNT) values (261,761,'필그림','1','061-393-0900','11:00 ~ 22:00','전남 장성군 황룡면 필암리 724-8',35.30343509,126.7442111,'Y',to_date('21/05/04','RR/MM/DD'),0);
Insert into NADURI.SPOT (S_ID,L_NO,S_NAME,S_TYPE,S_TEL,S_TIME,S_ADDRESS,S_LAT,S_LNG,S_STATUS,S_DATE,S_COUNT) values (262,762,'종점식당','1','054-633-3606','11:00 ~ 22:00','경북 영주시 부석면 북지리 287-1',36.99528845,128.6819814,'Y',to_date('21/05/04','RR/MM/DD'),0);
Insert into NADURI.SPOT (S_ID,L_NO,S_NAME,S_TYPE,S_TEL,S_TIME,S_ADDRESS,S_LAT,S_LNG,S_STATUS,S_DATE,S_COUNT) values (263,763,'무량수','1','054-634-6770','11:00 ~ 22:00','경북 영주시 부석면 북지리 304-1',36.99441504,128.6828338,'Y',to_date('21/05/04','RR/MM/DD'),0);
Insert into NADURI.SPOT (S_ID,L_NO,S_NAME,S_TYPE,S_TEL,S_TIME,S_ADDRESS,S_LAT,S_LNG,S_STATUS,S_DATE,S_COUNT) values (264,764,'부석사식당','1','054-633-3317','11:00 ~ 22:00','경북 영주시 부석면 북지리 287-5',36.99520239,128.6816964,'Y',to_date('21/05/04','RR/MM/DD'),0);
Insert into NADURI.SPOT (S_ID,L_NO,S_NAME,S_TYPE,S_TEL,S_TIME,S_ADDRESS,S_LAT,S_LNG,S_STATUS,S_DATE,S_COUNT) values (265,765,'명성식당','1','054-633-3262','11:00 ~ 22:00','경북 영주시 부석면 북지리 305-1',36.99428149,128.6833565,'Y',to_date('21/05/04','RR/MM/DD'),0);
Insert into NADURI.SPOT (S_ID,L_NO,S_NAME,S_TYPE,S_TEL,S_TIME,S_ADDRESS,S_LAT,S_LNG,S_STATUS,S_DATE,S_COUNT) values (266,766,'이풍녀구로쌈밥','1','054-749-0600','11:00 ~ 22:00','경북 경주시 황남동 106-3',35.83595155,129.2178019,'Y',to_date('21/05/04','RR/MM/DD'),0);
Insert into NADURI.SPOT (S_ID,L_NO,S_NAME,S_TYPE,S_TEL,S_TIME,S_ADDRESS,S_LAT,S_LNG,S_STATUS,S_DATE,S_COUNT) values (267,767,'바세츠아이스크림 경주첨성대점','1','054-743-7773','11:00 ~ 22:00','경북 경주시 인왕동 807-4',35.83584255,129.219898,'Y',to_date('21/05/04','RR/MM/DD'),0);
Insert into NADURI.SPOT (S_ID,L_NO,S_NAME,S_TYPE,S_TEL,S_TIME,S_ADDRESS,S_LAT,S_LNG,S_STATUS,S_DATE,S_COUNT) values (268,768,'첨성면옥 본점','1','054-743-1009','11:00 ~ 22:00','경북 경주시 인왕동 749-1',35.8366095,129.2180847,'Y',to_date('21/05/04','RR/MM/DD'),0);
Insert into NADURI.SPOT (S_ID,L_NO,S_NAME,S_TYPE,S_TEL,S_TIME,S_ADDRESS,S_LAT,S_LNG,S_STATUS,S_DATE,S_COUNT) values (269,769,'교동면옥 경주대릉원점','1','054-742-3100','11:00 ~ 22:00','경북 경주시 황남동 142-3',35.83373448,129.2148987,'Y',to_date('21/05/04','RR/MM/DD'),0);
Insert into NADURI.SPOT (S_ID,L_NO,S_NAME,S_TYPE,S_TEL,S_TIME,S_ADDRESS,S_LAT,S_LNG,S_STATUS,S_DATE,S_COUNT) values (270,770,'서원분식','1','054-856-2999','11:00 ~ 22:00','경북 안동시 도산면 토계리 674-1',36.728335,128.8400132,'Y',to_date('21/05/04','RR/MM/DD'),0);
Insert into NADURI.SPOT (S_ID,L_NO,S_NAME,S_TYPE,S_TEL,S_TIME,S_ADDRESS,S_LAT,S_LNG,S_STATUS,S_DATE,S_COUNT) values (271,771,'시골밥상','1','054-382-2776','11:00 ~ 22:00','경북 군위군 부계면 남산리 314-1',36.0480007,128.6419668,'Y',to_date('21/05/04','RR/MM/DD'),0);
Insert into NADURI.SPOT (S_ID,L_NO,S_NAME,S_TYPE,S_TEL,S_TIME,S_ADDRESS,S_LAT,S_LNG,S_STATUS,S_DATE,S_COUNT) values (272,772,'803로스터리','1',null,'11:00 ~ 22:00','경북 군위군 부계면 남산리 321',36.04809694,128.6434924,'Y',to_date('21/05/04','RR/MM/DD'),0);
Insert into NADURI.SPOT (S_ID,L_NO,S_NAME,S_TYPE,S_TEL,S_TIME,S_ADDRESS,S_LAT,S_LNG,S_STATUS,S_DATE,S_COUNT) values (273,773,'유천가든','1','054-382-4997','11:00 ~ 22:00','경북 군위군 부계면 남산리 610-1',36.04398109,128.6397763,'Y',to_date('21/05/04','RR/MM/DD'),0);
Insert into NADURI.SPOT (S_ID,L_NO,S_NAME,S_TYPE,S_TEL,S_TIME,S_ADDRESS,S_LAT,S_LNG,S_STATUS,S_DATE,S_COUNT) values (274,774,'다금예전칼국수','1','053-255-1515','11:00 ~ 22:00','대구 중구 계산동1가 33',35.86971178,128.5860195,'Y',to_date('21/05/04','RR/MM/DD'),0);
Insert into NADURI.SPOT (S_ID,L_NO,S_NAME,S_TYPE,S_TEL,S_TIME,S_ADDRESS,S_LAT,S_LNG,S_STATUS,S_DATE,S_COUNT) values (275,775,'윈드윈','1','053-253-4623','11:00 ~ 22:00','대구 중구 동산동 462-3',35.86724116,128.5839465,'Y',to_date('21/05/04','RR/MM/DD'),0);
Insert into NADURI.SPOT (S_ID,L_NO,S_NAME,S_TYPE,S_TEL,S_TIME,S_ADDRESS,S_LAT,S_LNG,S_STATUS,S_DATE,S_COUNT) values (276,776,'삐에뜨라','1','053-742-4819','11:00 ~ 22:00','대구 중구 남성로 48-1',35.86837723,128.589084,'Y',to_date('21/05/04','RR/MM/DD'),0);
Insert into NADURI.SPOT (S_ID,L_NO,S_NAME,S_TYPE,S_TEL,S_TIME,S_ADDRESS,S_LAT,S_LNG,S_STATUS,S_DATE,S_COUNT) values (277,777,'남산제빵소','1','053-423-4777','11:00 ~ 22:00','대구 중구 남산동 437',35.86514712,128.5894557,'Y',to_date('21/05/04','RR/MM/DD'),0);
Insert into NADURI.SPOT (S_ID,L_NO,S_NAME,S_TYPE,S_TEL,S_TIME,S_ADDRESS,S_LAT,S_LNG,S_STATUS,S_DATE,S_COUNT) values (278,778,'뉴욕식당','1','0507-1373-2310','11:00 ~ 22:00','대구 중구 남산동 939-8',35.8649399,128.5913579,'Y',to_date('21/05/04','RR/MM/DD'),0);
Insert into NADURI.SPOT (S_ID,L_NO,S_NAME,S_TYPE,S_TEL,S_TIME,S_ADDRESS,S_LAT,S_LNG,S_STATUS,S_DATE,S_COUNT) values (279,779,'청수골산장','1','055-383-1286','11:00 ~ 22:00','경상남도 양산시 하북면 지산리 269',35.49333017,129.0702594,'Y',to_date('21/05/04','RR/MM/DD'),0);
Insert into NADURI.SPOT (S_ID,L_NO,S_NAME,S_TYPE,S_TEL,S_TIME,S_ADDRESS,S_LAT,S_LNG,S_STATUS,S_DATE,S_COUNT) values (280,780,'금정산장','1','051-508-6603','11:00 ~ 22:00','부산 금정구 청룡동 산 2-13',35.28244798,129.0730098,'Y',to_date('21/05/04','RR/MM/DD'),0);
Insert into NADURI.SPOT (S_ID,L_NO,S_NAME,S_TYPE,S_TEL,S_TIME,S_ADDRESS,S_LAT,S_LNG,S_STATUS,S_DATE,S_COUNT) values (281,781,'둥지가든','1','051-508-1004','11:00 ~ 22:00','부산 금정구 청룡동 435-2',35.28017238,129.0744409,'Y',to_date('21/05/04','RR/MM/DD'),0);
Insert into NADURI.SPOT (S_ID,L_NO,S_NAME,S_TYPE,S_TEL,S_TIME,S_ADDRESS,S_LAT,S_LNG,S_STATUS,S_DATE,S_COUNT) values (282,782,'미방','1','051-508-3222','11:00 ~ 22:00','부산 금정구 청룡동 435-1',35.28148636,129.0743293,'Y',to_date('21/05/04','RR/MM/DD'),0);
Insert into NADURI.SPOT (S_ID,L_NO,S_NAME,S_TYPE,S_TEL,S_TIME,S_ADDRESS,S_LAT,S_LNG,S_STATUS,S_DATE,S_COUNT) values (283,783,'청와장','1','051-508-3435','11:00 ~ 22:00','부산 금정구 청룡동 435-5',35.27997309,129.0749215,'Y',to_date('21/05/04','RR/MM/DD'),0);
Insert into NADURI.SPOT (S_ID,L_NO,S_NAME,S_TYPE,S_TEL,S_TIME,S_ADDRESS,S_LAT,S_LNG,S_STATUS,S_DATE,S_COUNT) values (284,784,'경주집','1','051-508-4265','11:00 ~ 22:00','부산 금정구 청룡동 465-1',35.27896621,129.0770915,'Y',to_date('21/05/04','RR/MM/DD'),0);
Insert into NADURI.SPOT (S_ID,L_NO,S_NAME,S_TYPE,S_TEL,S_TIME,S_ADDRESS,S_LAT,S_LNG,S_STATUS,S_DATE,S_COUNT) values (285,785,'가야산식당','1','055-931-6036','11:00 ~ 22:00','경남 합천군 가야면 치인리 10',35.8012873,128.0979975,'Y',to_date('21/05/04','RR/MM/DD'),0);
Insert into NADURI.SPOT (S_ID,L_NO,S_NAME,S_TYPE,S_TEL,S_TIME,S_ADDRESS,S_LAT,S_LNG,S_STATUS,S_DATE,S_COUNT) values (286,786,'대구식당','1','055-932-7416','11:00 ~ 22:00','경남 합천군 가야면 치인리 1230',35.79273398,128.0855839,'Y',to_date('21/05/04','RR/MM/DD'),0);
Insert into NADURI.SPOT (S_ID,L_NO,S_NAME,S_TYPE,S_TEL,S_TIME,S_ADDRESS,S_LAT,S_LNG,S_STATUS,S_DATE,S_COUNT) values (287,787,'수다라','1',null,'11:00 ~ 22:00','경남 합천군 가야면 치인리 40',35.80032788,128.0954875,'Y',to_date('21/05/04','RR/MM/DD'),0);
Insert into NADURI.SPOT (S_ID,L_NO,S_NAME,S_TYPE,S_TEL,S_TIME,S_ADDRESS,S_LAT,S_LNG,S_STATUS,S_DATE,S_COUNT) values (288,788,'선재카페','1',null,'11:00 ~ 22:00','경남 합천군 가야면 치인리 산 1-19',35.79643521,128.0952272,'Y',to_date('21/05/04','RR/MM/DD'),0);
Insert into NADURI.SPOT (S_ID,L_NO,S_NAME,S_TYPE,S_TEL,S_TIME,S_ADDRESS,S_LAT,S_LNG,S_STATUS,S_DATE,S_COUNT) values (289,789,'삼첩분식 통영점','1','055-648-9004','11:00 ~ 22:00','경남 통영시 북신동 700-1',34.85772841,128.4230854,'Y',to_date('21/05/04','RR/MM/DD'),0);
Insert into NADURI.SPOT (S_ID,L_NO,S_NAME,S_TYPE,S_TEL,S_TIME,S_ADDRESS,S_LAT,S_LNG,S_STATUS,S_DATE,S_COUNT) values (290,790,'동피랑기와집','1','055-641-0494','11:00 ~ 22:00','경남 통영시 태평동 642-1',34.84639083,128.4267035,'Y',to_date('21/05/04','RR/MM/DD'),0);
Insert into NADURI.SPOT (S_ID,L_NO,S_NAME,S_TYPE,S_TEL,S_TIME,S_ADDRESS,S_LAT,S_LNG,S_STATUS,S_DATE,S_COUNT) values (291,791,'미당','1','055-648-8286','11:00 ~ 22:00','경남 통영시 광도면 죽림리 1570-36',34.88445416,128.4181297,'Y',to_date('21/05/04','RR/MM/DD'),0);
Insert into NADURI.SPOT (S_ID,L_NO,S_NAME,S_TYPE,S_TEL,S_TIME,S_ADDRESS,S_LAT,S_LNG,S_STATUS,S_DATE,S_COUNT) values (292,792,'이타라운지','1',null,'11:00 ~ 22:00','경남 통영시 문화동 303',34.84731938,128.4200636,'Y',to_date('21/05/04','RR/MM/DD'),0);
Insert into NADURI.SPOT (S_ID,L_NO,S_NAME,S_TYPE,S_TEL,S_TIME,S_ADDRESS,S_LAT,S_LNG,S_STATUS,S_DATE,S_COUNT) values (293,793,'암각화사진속으로','1','052-264-6457','11:00 ~ 22:00','울산 울주군 언양읍 대곡리 861-5',35.60850866,129.1755279,'Y',to_date('21/05/04','RR/MM/DD'),0);
Insert into NADURI.SPOT (S_ID,L_NO,S_NAME,S_TYPE,S_TEL,S_TIME,S_ADDRESS,S_LAT,S_LNG,S_STATUS,S_DATE,S_COUNT) values (294,794,'대산한우촌','1','063-635-9253','11:00 ~ 22:00','전북 남원시 대산면 신계리 산 95-3',35.41880853,127.3047145,'Y',to_date('21/05/04','RR/MM/DD'),0);
--------------------------------------------------------
--  DDL for Index PK_ATTACH
--------------------------------------------------------

  CREATE UNIQUE INDEX "NADURI"."PK_ATTACH" ON "NADURI"."ATTACH" ("A_NO") 
  PCTFREE 10 INITRANS 2 MAXTRANS 255 COMPUTE STATISTICS 
  STORAGE(INITIAL 65536 NEXT 1048576 MINEXTENTS 1 MAXEXTENTS 2147483645
  PCTINCREASE 0 FREELISTS 1 FREELIST GROUPS 1 BUFFER_POOL DEFAULT FLASH_CACHE DEFAULT CELL_FLASH_CACHE DEFAULT)
  TABLESPACE "SYSTEM" ;
--------------------------------------------------------
--  DDL for Index PK_COMMENT
--------------------------------------------------------

  CREATE UNIQUE INDEX "NADURI"."PK_COMMENT" ON "NADURI"."BOOKMARK" ("MARK_ID") 
  PCTFREE 10 INITRANS 2 MAXTRANS 255 COMPUTE STATISTICS 
  STORAGE(INITIAL 65536 NEXT 1048576 MINEXTENTS 1 MAXEXTENTS 2147483645
  PCTINCREASE 0 FREELISTS 1 FREELIST GROUPS 1 BUFFER_POOL DEFAULT FLASH_CACHE DEFAULT CELL_FLASH_CACHE DEFAULT)
  TABLESPACE "SYSTEM" ;
--------------------------------------------------------
--  DDL for Index PK_HERITAGE
--------------------------------------------------------

  CREATE UNIQUE INDEX "NADURI"."PK_HERITAGE" ON "NADURI"."HERITAGE" ("H_ID") 
  PCTFREE 10 INITRANS 2 MAXTRANS 255 COMPUTE STATISTICS 
  STORAGE(INITIAL 65536 NEXT 1048576 MINEXTENTS 1 MAXEXTENTS 2147483645
  PCTINCREASE 0 FREELISTS 1 FREELIST GROUPS 1 BUFFER_POOL DEFAULT FLASH_CACHE DEFAULT CELL_FLASH_CACHE DEFAULT)
  TABLESPACE "SYSTEM" ;
--------------------------------------------------------
--  DDL for Index PK_KEYWORD
--------------------------------------------------------

  CREATE UNIQUE INDEX "NADURI"."PK_KEYWORD" ON "NADURI"."KEYWORD" ("KEYWORD_ID") 
  PCTFREE 10 INITRANS 2 MAXTRANS 255 COMPUTE STATISTICS 
  STORAGE(INITIAL 65536 NEXT 1048576 MINEXTENTS 1 MAXEXTENTS 2147483645
  PCTINCREASE 0 FREELISTS 1 FREELIST GROUPS 1 BUFFER_POOL DEFAULT FLASH_CACHE DEFAULT CELL_FLASH_CACHE DEFAULT)
  TABLESPACE "SYSTEM" ;
--------------------------------------------------------
--  DDL for Index PK_LOCATION
--------------------------------------------------------

  CREATE UNIQUE INDEX "NADURI"."PK_LOCATION" ON "NADURI"."LOCATION" ("L_NO") 
  PCTFREE 10 INITRANS 2 MAXTRANS 255 COMPUTE STATISTICS 
  STORAGE(INITIAL 65536 NEXT 1048576 MINEXTENTS 1 MAXEXTENTS 2147483645
  PCTINCREASE 0 FREELISTS 1 FREELIST GROUPS 1 BUFFER_POOL DEFAULT FLASH_CACHE DEFAULT CELL_FLASH_CACHE DEFAULT)
  TABLESPACE "SYSTEM" ;
--------------------------------------------------------
--  DDL for Index PK_LOCATION_SORT
--------------------------------------------------------

  CREATE UNIQUE INDEX "NADURI"."PK_LOCATION_SORT" ON "NADURI"."LOCATION_SORT" ("LS_CODE") 
  PCTFREE 10 INITRANS 2 MAXTRANS 255 COMPUTE STATISTICS 
  STORAGE(INITIAL 65536 NEXT 1048576 MINEXTENTS 1 MAXEXTENTS 2147483645
  PCTINCREASE 0 FREELISTS 1 FREELIST GROUPS 1 BUFFER_POOL DEFAULT FLASH_CACHE DEFAULT CELL_FLASH_CACHE DEFAULT)
  TABLESPACE "SYSTEM" ;
--------------------------------------------------------
--  DDL for Index PK_MEMBER
--------------------------------------------------------

  CREATE UNIQUE INDEX "NADURI"."PK_MEMBER" ON "NADURI"."MEMBER" ("M_NO") 
  PCTFREE 10 INITRANS 2 MAXTRANS 255 COMPUTE STATISTICS 
  STORAGE(INITIAL 65536 NEXT 1048576 MINEXTENTS 1 MAXEXTENTS 2147483645
  PCTINCREASE 0 FREELISTS 1 FREELIST GROUPS 1 BUFFER_POOL DEFAULT FLASH_CACHE DEFAULT CELL_FLASH_CACHE DEFAULT)
  TABLESPACE "SYSTEM" ;
--------------------------------------------------------
--  DDL for Index SYS_C007456
--------------------------------------------------------

  CREATE UNIQUE INDEX "NADURI"."SYS_C007456" ON "NADURI"."MEMBER" ("M_ID") 
  PCTFREE 10 INITRANS 2 MAXTRANS 255 COMPUTE STATISTICS 
  STORAGE(INITIAL 65536 NEXT 1048576 MINEXTENTS 1 MAXEXTENTS 2147483645
  PCTINCREASE 0 FREELISTS 1 FREELIST GROUPS 1 BUFFER_POOL DEFAULT FLASH_CACHE DEFAULT CELL_FLASH_CACHE DEFAULT)
  TABLESPACE "SYSTEM" ;
--------------------------------------------------------
--  DDL for Index SYS_C007457
--------------------------------------------------------

  CREATE UNIQUE INDEX "NADURI"."SYS_C007457" ON "NADURI"."MEMBER" ("M_EMAIL") 
  PCTFREE 10 INITRANS 2 MAXTRANS 255 COMPUTE STATISTICS 
  STORAGE(INITIAL 65536 NEXT 1048576 MINEXTENTS 1 MAXEXTENTS 2147483645
  PCTINCREASE 0 FREELISTS 1 FREELIST GROUPS 1 BUFFER_POOL DEFAULT FLASH_CACHE DEFAULT CELL_FLASH_CACHE DEFAULT)
  TABLESPACE "SYSTEM" ;
--------------------------------------------------------
--  DDL for Index PK_NOTICE
--------------------------------------------------------

  CREATE UNIQUE INDEX "NADURI"."PK_NOTICE" ON "NADURI"."NOTICE" ("N_NO") 
  PCTFREE 10 INITRANS 2 MAXTRANS 255 COMPUTE STATISTICS 
  STORAGE(INITIAL 65536 NEXT 1048576 MINEXTENTS 1 MAXEXTENTS 2147483645
  PCTINCREASE 0 FREELISTS 1 FREELIST GROUPS 1 BUFFER_POOL DEFAULT FLASH_CACHE DEFAULT CELL_FLASH_CACHE DEFAULT)
  TABLESPACE "SYSTEM" ;
--------------------------------------------------------
--  DDL for Index PK_QNA
--------------------------------------------------------

  CREATE UNIQUE INDEX "NADURI"."PK_QNA" ON "NADURI"."QNA" ("Q_NO") 
  PCTFREE 10 INITRANS 2 MAXTRANS 255 COMPUTE STATISTICS 
  STORAGE(INITIAL 65536 NEXT 1048576 MINEXTENTS 1 MAXEXTENTS 2147483645
  PCTINCREASE 0 FREELISTS 1 FREELIST GROUPS 1 BUFFER_POOL DEFAULT FLASH_CACHE DEFAULT CELL_FLASH_CACHE DEFAULT)
  TABLESPACE "SYSTEM" ;
--------------------------------------------------------
--  DDL for Index PK_REPLY
--------------------------------------------------------

  CREATE UNIQUE INDEX "NADURI"."PK_REPLY" ON "NADURI"."REPLY" ("REPLYNO") 
  PCTFREE 10 INITRANS 2 MAXTRANS 255 COMPUTE STATISTICS 
  STORAGE(INITIAL 65536 NEXT 1048576 MINEXTENTS 1 MAXEXTENTS 2147483645
  PCTINCREASE 0 FREELISTS 1 FREELIST GROUPS 1 BUFFER_POOL DEFAULT FLASH_CACHE DEFAULT CELL_FLASH_CACHE DEFAULT)
  TABLESPACE "SYSTEM" ;
--------------------------------------------------------
--  DDL for Index PK_REVIEW
--------------------------------------------------------

  CREATE UNIQUE INDEX "NADURI"."PK_REVIEW" ON "NADURI"."REVIEW" ("R_NO") 
  PCTFREE 10 INITRANS 2 MAXTRANS 255 COMPUTE STATISTICS 
  STORAGE(INITIAL 65536 NEXT 1048576 MINEXTENTS 1 MAXEXTENTS 2147483645
  PCTINCREASE 0 FREELISTS 1 FREELIST GROUPS 1 BUFFER_POOL DEFAULT FLASH_CACHE DEFAULT CELL_FLASH_CACHE DEFAULT)
  TABLESPACE "SYSTEM" ;
--------------------------------------------------------
--  DDL for Index PK_SPOT
--------------------------------------------------------

  CREATE UNIQUE INDEX "NADURI"."PK_SPOT" ON "NADURI"."SPOT" ("S_ID") 
  PCTFREE 10 INITRANS 2 MAXTRANS 255 COMPUTE STATISTICS 
  STORAGE(INITIAL 65536 NEXT 1048576 MINEXTENTS 1 MAXEXTENTS 2147483645
  PCTINCREASE 0 FREELISTS 1 FREELIST GROUPS 1 BUFFER_POOL DEFAULT FLASH_CACHE DEFAULT CELL_FLASH_CACHE DEFAULT)
  TABLESPACE "SYSTEM" ;
--------------------------------------------------------
--  Constraints for Table ATTACH
--------------------------------------------------------

  ALTER TABLE "NADURI"."ATTACH" ADD CONSTRAINT "PK_ATTACH" PRIMARY KEY ("A_NO")
  USING INDEX PCTFREE 10 INITRANS 2 MAXTRANS 255 COMPUTE STATISTICS 
  STORAGE(INITIAL 65536 NEXT 1048576 MINEXTENTS 1 MAXEXTENTS 2147483645
  PCTINCREASE 0 FREELISTS 1 FREELIST GROUPS 1 BUFFER_POOL DEFAULT FLASH_CACHE DEFAULT CELL_FLASH_CACHE DEFAULT)
  TABLESPACE "SYSTEM"  ENABLE;
  ALTER TABLE "NADURI"."ATTACH" ADD CHECK (A_STATUS IN ('Y', 'N')) ENABLE;
--------------------------------------------------------
--  Constraints for Table BOOKMARK
--------------------------------------------------------

  ALTER TABLE "NADURI"."BOOKMARK" ADD CONSTRAINT "PK_COMMENT" PRIMARY KEY ("MARK_ID")
  USING INDEX PCTFREE 10 INITRANS 2 MAXTRANS 255 COMPUTE STATISTICS 
  STORAGE(INITIAL 65536 NEXT 1048576 MINEXTENTS 1 MAXEXTENTS 2147483645
  PCTINCREASE 0 FREELISTS 1 FREELIST GROUPS 1 BUFFER_POOL DEFAULT FLASH_CACHE DEFAULT CELL_FLASH_CACHE DEFAULT)
  TABLESPACE "SYSTEM"  ENABLE;
--------------------------------------------------------
--  Constraints for Table HERITAGE
--------------------------------------------------------

  ALTER TABLE "NADURI"."HERITAGE" MODIFY ("L_NO" NOT NULL ENABLE);
  ALTER TABLE "NADURI"."HERITAGE" MODIFY ("H_EVENTS" NOT NULL ENABLE);
  ALTER TABLE "NADURI"."HERITAGE" MODIFY ("H_STATUS" NOT NULL ENABLE);
  ALTER TABLE "NADURI"."HERITAGE" ADD CONSTRAINT "PK_HERITAGE" PRIMARY KEY ("H_ID")
  USING INDEX PCTFREE 10 INITRANS 2 MAXTRANS 255 COMPUTE STATISTICS 
  STORAGE(INITIAL 65536 NEXT 1048576 MINEXTENTS 1 MAXEXTENTS 2147483645
  PCTINCREASE 0 FREELISTS 1 FREELIST GROUPS 1 BUFFER_POOL DEFAULT FLASH_CACHE DEFAULT CELL_FLASH_CACHE DEFAULT)
  TABLESPACE "SYSTEM"  ENABLE;
--------------------------------------------------------
--  Constraints for Table KEYWORD
--------------------------------------------------------

  ALTER TABLE "NADURI"."KEYWORD" MODIFY ("KEYWORD" NOT NULL ENABLE);
  ALTER TABLE "NADURI"."KEYWORD" ADD CONSTRAINT "PK_KEYWORD" PRIMARY KEY ("KEYWORD_ID")
  USING INDEX PCTFREE 10 INITRANS 2 MAXTRANS 255 COMPUTE STATISTICS 
  STORAGE(INITIAL 65536 NEXT 1048576 MINEXTENTS 1 MAXEXTENTS 2147483645
  PCTINCREASE 0 FREELISTS 1 FREELIST GROUPS 1 BUFFER_POOL DEFAULT FLASH_CACHE DEFAULT CELL_FLASH_CACHE DEFAULT)
  TABLESPACE "SYSTEM"  ENABLE;
--------------------------------------------------------
--  Constraints for Table LOCATION
--------------------------------------------------------

  ALTER TABLE "NADURI"."LOCATION" ADD CONSTRAINT "PK_LOCATION" PRIMARY KEY ("L_NO")
  USING INDEX PCTFREE 10 INITRANS 2 MAXTRANS 255 COMPUTE STATISTICS 
  STORAGE(INITIAL 65536 NEXT 1048576 MINEXTENTS 1 MAXEXTENTS 2147483645
  PCTINCREASE 0 FREELISTS 1 FREELIST GROUPS 1 BUFFER_POOL DEFAULT FLASH_CACHE DEFAULT CELL_FLASH_CACHE DEFAULT)
  TABLESPACE "SYSTEM"  ENABLE;
  ALTER TABLE "NADURI"."LOCATION" MODIFY ("LS_CODE" NOT NULL ENABLE);
--------------------------------------------------------
--  Constraints for Table LOCATION_KEYWORD
--------------------------------------------------------

  ALTER TABLE "NADURI"."LOCATION_KEYWORD" MODIFY ("KEYWORD_ID" NOT NULL ENABLE);
  ALTER TABLE "NADURI"."LOCATION_KEYWORD" MODIFY ("L_NO" NOT NULL ENABLE);
--------------------------------------------------------
--  Constraints for Table LOCATION_SORT
--------------------------------------------------------

  ALTER TABLE "NADURI"."LOCATION_SORT" ADD CONSTRAINT "PK_LOCATION_SORT" PRIMARY KEY ("LS_CODE")
  USING INDEX PCTFREE 10 INITRANS 2 MAXTRANS 255 COMPUTE STATISTICS 
  STORAGE(INITIAL 65536 NEXT 1048576 MINEXTENTS 1 MAXEXTENTS 2147483645
  PCTINCREASE 0 FREELISTS 1 FREELIST GROUPS 1 BUFFER_POOL DEFAULT FLASH_CACHE DEFAULT CELL_FLASH_CACHE DEFAULT)
  TABLESPACE "SYSTEM"  ENABLE;
--------------------------------------------------------
--  Constraints for Table MCHOICE
--------------------------------------------------------

  ALTER TABLE "NADURI"."MCHOICE" MODIFY ("KEYWORD_ID" NOT NULL ENABLE);
  ALTER TABLE "NADURI"."MCHOICE" MODIFY ("M_NO" NOT NULL ENABLE);
--------------------------------------------------------
--  Constraints for Table MEMBER
--------------------------------------------------------

  ALTER TABLE "NADURI"."MEMBER" ADD CONSTRAINT "MEMBER_CHK1" CHECK (M_AUTH IN('0', '1')) ENABLE;
  ALTER TABLE "NADURI"."MEMBER" ADD CHECK (M_GENDER IN('M', 'F')) ENABLE;
  ALTER TABLE "NADURI"."MEMBER" ADD CHECK (M_STATUS IN('Y', 'N')) ENABLE;
  ALTER TABLE "NADURI"."MEMBER" ADD UNIQUE ("M_EMAIL")
  USING INDEX PCTFREE 10 INITRANS 2 MAXTRANS 255 COMPUTE STATISTICS 
  STORAGE(INITIAL 65536 NEXT 1048576 MINEXTENTS 1 MAXEXTENTS 2147483645
  PCTINCREASE 0 FREELISTS 1 FREELIST GROUPS 1 BUFFER_POOL DEFAULT FLASH_CACHE DEFAULT CELL_FLASH_CACHE DEFAULT)
  TABLESPACE "SYSTEM"  ENABLE;
  ALTER TABLE "NADURI"."MEMBER" ADD UNIQUE ("M_ID")
  USING INDEX PCTFREE 10 INITRANS 2 MAXTRANS 255 COMPUTE STATISTICS 
  STORAGE(INITIAL 65536 NEXT 1048576 MINEXTENTS 1 MAXEXTENTS 2147483645
  PCTINCREASE 0 FREELISTS 1 FREELIST GROUPS 1 BUFFER_POOL DEFAULT FLASH_CACHE DEFAULT CELL_FLASH_CACHE DEFAULT)
  TABLESPACE "SYSTEM"  ENABLE;
  ALTER TABLE "NADURI"."MEMBER" ADD CONSTRAINT "PK_MEMBER" PRIMARY KEY ("M_NO")
  USING INDEX PCTFREE 10 INITRANS 2 MAXTRANS 255 COMPUTE STATISTICS 
  STORAGE(INITIAL 65536 NEXT 1048576 MINEXTENTS 1 MAXEXTENTS 2147483645
  PCTINCREASE 0 FREELISTS 1 FREELIST GROUPS 1 BUFFER_POOL DEFAULT FLASH_CACHE DEFAULT CELL_FLASH_CACHE DEFAULT)
  TABLESPACE "SYSTEM"  ENABLE;
  ALTER TABLE "NADURI"."MEMBER" ADD CHECK (M_STATUS IN('Y', 'N')) ENABLE;
  ALTER TABLE "NADURI"."MEMBER" ADD CHECK (M_GENDER IN('M', 'F')) ENABLE;
  ALTER TABLE "NADURI"."MEMBER" MODIFY ("M_STATUS" NOT NULL ENABLE);
  ALTER TABLE "NADURI"."MEMBER" MODIFY ("M_GENDER" NOT NULL ENABLE);
  ALTER TABLE "NADURI"."MEMBER" MODIFY ("M_BIRTH" NOT NULL ENABLE);
  ALTER TABLE "NADURI"."MEMBER" MODIFY ("M_NAME" NOT NULL ENABLE);
  ALTER TABLE "NADURI"."MEMBER" MODIFY ("M_PWD" NOT NULL ENABLE);
  ALTER TABLE "NADURI"."MEMBER" MODIFY ("M_AUTH" NOT NULL ENABLE);
  ALTER TABLE "NADURI"."MEMBER" MODIFY ("M_ID" NOT NULL ENABLE);
  ALTER TABLE "NADURI"."MEMBER" MODIFY ("M_ADDRESS" NOT NULL ENABLE);
  ALTER TABLE "NADURI"."MEMBER" MODIFY ("M_EMAIL" NOT NULL ENABLE);
  ALTER TABLE "NADURI"."MEMBER" MODIFY ("M_PHONE" NOT NULL ENABLE);
--------------------------------------------------------
--  Constraints for Table NOTICE
--------------------------------------------------------

  ALTER TABLE "NADURI"."NOTICE" ADD CONSTRAINT "PK_NOTICE" PRIMARY KEY ("N_NO")
  USING INDEX PCTFREE 10 INITRANS 2 MAXTRANS 255 COMPUTE STATISTICS 
  STORAGE(INITIAL 65536 NEXT 1048576 MINEXTENTS 1 MAXEXTENTS 2147483645
  PCTINCREASE 0 FREELISTS 1 FREELIST GROUPS 1 BUFFER_POOL DEFAULT FLASH_CACHE DEFAULT CELL_FLASH_CACHE DEFAULT)
  TABLESPACE "SYSTEM"  ENABLE;
  ALTER TABLE "NADURI"."NOTICE" MODIFY ("N_DATE" NOT NULL ENABLE);
  ALTER TABLE "NADURI"."NOTICE" MODIFY ("N_TITLE" NOT NULL ENABLE);
  ALTER TABLE "NADURI"."NOTICE" MODIFY ("M_NO" NOT NULL ENABLE);
--------------------------------------------------------
--  Constraints for Table QNA
--------------------------------------------------------

  ALTER TABLE "NADURI"."QNA" MODIFY ("M_NO" NOT NULL ENABLE);
  ALTER TABLE "NADURI"."QNA" ADD CONSTRAINT "PK_QNA" PRIMARY KEY ("Q_NO")
  USING INDEX PCTFREE 10 INITRANS 2 MAXTRANS 255 COMPUTE STATISTICS 
  STORAGE(INITIAL 65536 NEXT 1048576 MINEXTENTS 1 MAXEXTENTS 2147483645
  PCTINCREASE 0 FREELISTS 1 FREELIST GROUPS 1 BUFFER_POOL DEFAULT FLASH_CACHE DEFAULT CELL_FLASH_CACHE DEFAULT)
  TABLESPACE "SYSTEM"  ENABLE;
  ALTER TABLE "NADURI"."QNA" MODIFY ("Q_TITLE" NOT NULL ENABLE);
--------------------------------------------------------
--  Constraints for Table REPLY
--------------------------------------------------------

  ALTER TABLE "NADURI"."REPLY" ADD CONSTRAINT "PK_REPLY" PRIMARY KEY ("REPLYNO")
  USING INDEX PCTFREE 10 INITRANS 2 MAXTRANS 255 COMPUTE STATISTICS 
  STORAGE(INITIAL 65536 NEXT 1048576 MINEXTENTS 1 MAXEXTENTS 2147483645
  PCTINCREASE 0 FREELISTS 1 FREELIST GROUPS 1 BUFFER_POOL DEFAULT FLASH_CACHE DEFAULT CELL_FLASH_CACHE DEFAULT)
  TABLESPACE "SYSTEM"  ENABLE;
  ALTER TABLE "NADURI"."REPLY" MODIFY ("M_NO" NOT NULL ENABLE);
--------------------------------------------------------
--  Constraints for Table REVIEW
--------------------------------------------------------

  ALTER TABLE "NADURI"."REVIEW" MODIFY ("R_WITH" NOT NULL ENABLE);
  ALTER TABLE "NADURI"."REVIEW" MODIFY ("R_PERIOD" NOT NULL ENABLE);
  ALTER TABLE "NADURI"."REVIEW" MODIFY ("R_CONTENT" NOT NULL ENABLE);
  ALTER TABLE "NADURI"."REVIEW" MODIFY ("R_TITLE" NOT NULL ENABLE);
  ALTER TABLE "NADURI"."REVIEW" MODIFY ("R_RANK" NOT NULL ENABLE);
  ALTER TABLE "NADURI"."REVIEW" ADD CONSTRAINT "REVIEW_CHK1" CHECK (R_STATUS IN('Y', 'N')) ENABLE;
  ALTER TABLE "NADURI"."REVIEW" MODIFY ("L_NO" NOT NULL ENABLE);
  ALTER TABLE "NADURI"."REVIEW" MODIFY ("M_NO" NOT NULL ENABLE);
  ALTER TABLE "NADURI"."REVIEW" ADD CONSTRAINT "PK_REVIEW" PRIMARY KEY ("R_NO")
  USING INDEX PCTFREE 10 INITRANS 2 MAXTRANS 255 COMPUTE STATISTICS 
  STORAGE(INITIAL 65536 NEXT 1048576 MINEXTENTS 1 MAXEXTENTS 2147483645
  PCTINCREASE 0 FREELISTS 1 FREELIST GROUPS 1 BUFFER_POOL DEFAULT FLASH_CACHE DEFAULT CELL_FLASH_CACHE DEFAULT)
  TABLESPACE "SYSTEM"  ENABLE;
--------------------------------------------------------
--  Constraints for Table SPOT
--------------------------------------------------------

  ALTER TABLE "NADURI"."SPOT" MODIFY ("L_NO" NOT NULL ENABLE);
  ALTER TABLE "NADURI"."SPOT" MODIFY ("S_NAME" NOT NULL ENABLE);
  ALTER TABLE "NADURI"."SPOT" MODIFY ("S_TYPE" NOT NULL ENABLE);
  ALTER TABLE "NADURI"."SPOT" ADD CONSTRAINT "PK_SPOT" PRIMARY KEY ("S_ID")
  USING INDEX PCTFREE 10 INITRANS 2 MAXTRANS 255 COMPUTE STATISTICS 
  STORAGE(INITIAL 65536 NEXT 1048576 MINEXTENTS 1 MAXEXTENTS 2147483645
  PCTINCREASE 0 FREELISTS 1 FREELIST GROUPS 1 BUFFER_POOL DEFAULT FLASH_CACHE DEFAULT CELL_FLASH_CACHE DEFAULT)
  TABLESPACE "SYSTEM"  ENABLE;
  ALTER TABLE "NADURI"."SPOT" MODIFY ("S_STATUS" NOT NULL ENABLE);
--------------------------------------------------------
--  Ref Constraints for Table ATTACH
--------------------------------------------------------

  ALTER TABLE "NADURI"."ATTACH" ADD CONSTRAINT "FK_ATTACH_MEMBER" FOREIGN KEY ("M_NO")
	  REFERENCES "NADURI"."MEMBER" ("M_NO") ON DELETE CASCADE ENABLE;
  ALTER TABLE "NADURI"."ATTACH" ADD CONSTRAINT "FK_ATTACH_NOTICE" FOREIGN KEY ("N_NO")
	  REFERENCES "NADURI"."NOTICE" ("N_NO") ON DELETE CASCADE ENABLE;
  ALTER TABLE "NADURI"."ATTACH" ADD CONSTRAINT "FK_ATTACH_REVIEW" FOREIGN KEY ("R_NO")
	  REFERENCES "NADURI"."REVIEW" ("R_NO") ON DELETE CASCADE ENABLE;
  ALTER TABLE "NADURI"."ATTACH" ADD CONSTRAINT "FK_ATTACH_SPOT" FOREIGN KEY ("L_NO")
	  REFERENCES "NADURI"."SPOT" ("S_ID") ON DELETE CASCADE ENABLE;
--------------------------------------------------------
--  Ref Constraints for Table BOOKMARK
--------------------------------------------------------

  ALTER TABLE "NADURI"."BOOKMARK" ADD CONSTRAINT "FK_BOOKMARK_LOCATION" FOREIGN KEY ("L_NO")
	  REFERENCES "NADURI"."LOCATION" ("L_NO") ON DELETE CASCADE ENABLE;
  ALTER TABLE "NADURI"."BOOKMARK" ADD CONSTRAINT "FK_BOOKMARK_MEMBER" FOREIGN KEY ("M_NO")
	  REFERENCES "NADURI"."MEMBER" ("M_NO") ON DELETE CASCADE ENABLE;
  ALTER TABLE "NADURI"."BOOKMARK" ADD CONSTRAINT "FK_BOOKMARK_REVIEW" FOREIGN KEY ("R_NO")
	  REFERENCES "NADURI"."REVIEW" ("R_NO") ON DELETE CASCADE ENABLE;
--------------------------------------------------------
--  Ref Constraints for Table HERITAGE
--------------------------------------------------------

  ALTER TABLE "NADURI"."HERITAGE" ADD CONSTRAINT "FK_HERITAGE_LOCATION" FOREIGN KEY ("L_NO")
	  REFERENCES "NADURI"."LOCATION" ("L_NO") ON DELETE CASCADE ENABLE;
--------------------------------------------------------
--  Ref Constraints for Table LOCATION
--------------------------------------------------------

  ALTER TABLE "NADURI"."LOCATION" ADD CONSTRAINT "FK_LOCATION_SORT" FOREIGN KEY ("LS_CODE")
	  REFERENCES "NADURI"."LOCATION_SORT" ("LS_CODE") ENABLE;
--------------------------------------------------------
--  Ref Constraints for Table LOCATION_KEYWORD
--------------------------------------------------------

  ALTER TABLE "NADURI"."LOCATION_KEYWORD" ADD CONSTRAINT "FK_LOCATION_KEYWORD_KEYWORD" FOREIGN KEY ("KEYWORD_ID")
	  REFERENCES "NADURI"."KEYWORD" ("KEYWORD_ID") ON DELETE CASCADE ENABLE;
  ALTER TABLE "NADURI"."LOCATION_KEYWORD" ADD CONSTRAINT "FK_LOCATION_KEYWORD_LOCATION" FOREIGN KEY ("L_NO")
	  REFERENCES "NADURI"."LOCATION" ("L_NO") ON DELETE CASCADE ENABLE;
--------------------------------------------------------
--  Ref Constraints for Table MCHOICE
--------------------------------------------------------

  ALTER TABLE "NADURI"."MCHOICE" ADD CONSTRAINT "FK_KEYWORD_ID" FOREIGN KEY ("KEYWORD_ID")
	  REFERENCES "NADURI"."KEYWORD" ("KEYWORD_ID") ON DELETE CASCADE ENABLE;
  ALTER TABLE "NADURI"."MCHOICE" ADD CONSTRAINT "FK_MEMBER" FOREIGN KEY ("M_NO")
	  REFERENCES "NADURI"."MEMBER" ("M_NO") ON DELETE CASCADE ENABLE;
--------------------------------------------------------
--  Ref Constraints for Table NOTICE
--------------------------------------------------------

  ALTER TABLE "NADURI"."NOTICE" ADD CONSTRAINT "FK_NOTICE_M_NO" FOREIGN KEY ("M_NO")
	  REFERENCES "NADURI"."MEMBER" ("M_NO") ENABLE;
--------------------------------------------------------
--  Ref Constraints for Table QNA
--------------------------------------------------------

  ALTER TABLE "NADURI"."QNA" ADD CONSTRAINT "FK_QNA_M_NO" FOREIGN KEY ("M_NO")
	  REFERENCES "NADURI"."MEMBER" ("M_NO") ON DELETE CASCADE ENABLE;
--------------------------------------------------------
--  Ref Constraints for Table REPLY
--------------------------------------------------------

  ALTER TABLE "NADURI"."REPLY" ADD CONSTRAINT "FK_REPLY_MEMBER" FOREIGN KEY ("M_NO")
	  REFERENCES "NADURI"."MEMBER" ("M_NO") ON DELETE CASCADE ENABLE;
  ALTER TABLE "NADURI"."REPLY" ADD CONSTRAINT "FK_REPLY_QNA" FOREIGN KEY ("Q_NO")
	  REFERENCES "NADURI"."QNA" ("Q_NO") ON DELETE CASCADE ENABLE;
  ALTER TABLE "NADURI"."REPLY" ADD CONSTRAINT "FK_REPLY_REVIEW" FOREIGN KEY ("R_NO")
	  REFERENCES "NADURI"."REVIEW" ("R_NO") ON DELETE CASCADE ENABLE;
--------------------------------------------------------
--  Ref Constraints for Table REVIEW
--------------------------------------------------------

  ALTER TABLE "NADURI"."REVIEW" ADD CONSTRAINT "FK_REVIEW_LOCATION" FOREIGN KEY ("L_NO")
	  REFERENCES "NADURI"."LOCATION" ("L_NO") ON DELETE CASCADE ENABLE;
  ALTER TABLE "NADURI"."REVIEW" ADD CONSTRAINT "FK_REVIEW_MEMBER" FOREIGN KEY ("M_NO")
	  REFERENCES "NADURI"."MEMBER" ("M_NO") ON DELETE CASCADE ENABLE;
--------------------------------------------------------
--  Ref Constraints for Table SPOT
--------------------------------------------------------

  ALTER TABLE "NADURI"."SPOT" ADD CONSTRAINT "FK_SPOT_LOCATION" FOREIGN KEY ("L_NO")
	  REFERENCES "NADURI"."LOCATION" ("L_NO") ON DELETE CASCADE ENABLE;
